ISO-10303-21;
HEADER;
/* Generated by software containing ST-Developer
 * from STEP Tools, Inc. (www.steptools.com) 
 */
/* OPTION: strings as raw bytes, not using required /X/ escapes */

FILE_DESCRIPTION(
/* description */ ('Unknown'),
/* implementation_level */ '2;1');

FILE_NAME(
/* name */ 'IM73A135V01XTSA1',
/* time_stamp */ '2023-05-16T11:51:03+02:00',
/* author */ ('Unknown'),
/* organization */ ('Unknown'),
/* preprocessor_version */ 'ST-DEVELOPER v18.1',
/* originating_system */ 'Solid Edge',
/* authorisation */ 'Unknown');

FILE_SCHEMA (('AUTOMOTIVE_DESIGN {1 0 10303 214 3 1 1}'));
ENDSEC;

DATA;
#10=PROPERTY_DEFINITION_REPRESENTATION(#14,#12);
#11=PROPERTY_DEFINITION_REPRESENTATION(#15,#13);
#12=REPRESENTATION('',(#16),#3748);
#13=REPRESENTATION('',(#17),#3748);
#14=PROPERTY_DEFINITION('pmi validation property','',#3763);
#15=PROPERTY_DEFINITION('pmi validation property','',#3763);
#16=VALUE_REPRESENTATION_ITEM('number of annotations',COUNT_MEASURE(0.));
#17=VALUE_REPRESENTATION_ITEM('number of views',COUNT_MEASURE(0.));
#18=DEGENERATE_TOROIDAL_SURFACE('',#2287,0.0249999999999996,0.0750000000000003,
 .T.);
#19=DEGENERATE_TOROIDAL_SURFACE('',#2293,0.025,0.0750000000000001,.T.);
#20=DEGENERATE_TOROIDAL_SURFACE('',#2298,0.0250000000000008,0.0749999999999997,
 .T.);
#21=DEGENERATE_TOROIDAL_SURFACE('',#2303,0.0249999999999995,0.0750000000000003,
 .T.);
#22=CONTEXT_DEPENDENT_SHAPE_REPRESENTATION(#32,#3765);
#23=CONTEXT_DEPENDENT_SHAPE_REPRESENTATION(#33,#3767);
#24=CONTEXT_DEPENDENT_SHAPE_REPRESENTATION(#34,#3769);
#25=CONTEXT_DEPENDENT_SHAPE_REPRESENTATION(#35,#3771);
#26=CONTEXT_DEPENDENT_SHAPE_REPRESENTATION(#36,#3773);
#27=NEXT_ASSEMBLY_USAGE_OCCURRENCE('Black','Black','Black',#3774,#3775,
'');
#28=NEXT_ASSEMBLY_USAGE_OCCURRENCE('Gold','Gold','Gold',#3774,#3776,'');
#29=NEXT_ASSEMBLY_USAGE_OCCURRENCE('Pins','Pins','Pins',#3774,#3777,'');
#30=NEXT_ASSEMBLY_USAGE_OCCURRENCE('0.25mm','0.25mm','0.25mm',#3774,#3778,
'');
#31=NEXT_ASSEMBLY_USAGE_OCCURRENCE('Infineon_Logo_1.4mm',
'Infineon_Logo_1.4mm','Infineon_Logo_1.4mm',#3774,#3779,'');
#32=(
REPRESENTATION_RELATIONSHIP(' ',' ',#2185,#2186)
REPRESENTATION_RELATIONSHIP_WITH_TRANSFORMATION(#37)
SHAPE_REPRESENTATION_RELATIONSHIP()
);
#33=(
REPRESENTATION_RELATIONSHIP(' ',' ',#2187,#2186)
REPRESENTATION_RELATIONSHIP_WITH_TRANSFORMATION(#38)
SHAPE_REPRESENTATION_RELATIONSHIP()
);
#34=(
REPRESENTATION_RELATIONSHIP(' ',' ',#2188,#2186)
REPRESENTATION_RELATIONSHIP_WITH_TRANSFORMATION(#39)
SHAPE_REPRESENTATION_RELATIONSHIP()
);
#35=(
REPRESENTATION_RELATIONSHIP(' ',' ',#2189,#2186)
REPRESENTATION_RELATIONSHIP_WITH_TRANSFORMATION(#40)
SHAPE_REPRESENTATION_RELATIONSHIP()
);
#36=(
REPRESENTATION_RELATIONSHIP(' ',' ',#2190,#2186)
REPRESENTATION_RELATIONSHIP_WITH_TRANSFORMATION(#41)
SHAPE_REPRESENTATION_RELATIONSHIP()
);
#37=ITEM_DEFINED_TRANSFORMATION(' ',' ',#2191,#2278);
#38=ITEM_DEFINED_TRANSFORMATION(' ',' ',#2191,#2385);
#39=ITEM_DEFINED_TRANSFORMATION(' ',' ',#2191,#2426);
#40=ITEM_DEFINED_TRANSFORMATION(' ',' ',#2191,#2432);
#41=ITEM_DEFINED_TRANSFORMATION(' ',' ',#2191,#2433);
#42=SHAPE_REPRESENTATION_RELATIONSHIP('','',#2185,#46);
#43=SHAPE_REPRESENTATION_RELATIONSHIP('','',#2187,#47);
#44=SHAPE_REPRESENTATION_RELATIONSHIP('','',#2188,#48);
#45=SHAPE_REPRESENTATION_RELATIONSHIP('','',#2189,#49);
#46=ADVANCED_BREP_SHAPE_REPRESENTATION('',(#2170),#3749);
#47=ADVANCED_BREP_SHAPE_REPRESENTATION('',(#2171),#3750);
#48=ADVANCED_BREP_SHAPE_REPRESENTATION('',(#2172,#2173,#2174,#2175,#2176,
#2177),#3751);
#49=ADVANCED_BREP_SHAPE_REPRESENTATION('',(#2178),#3752);
#50=TOROIDAL_SURFACE('',#2231,0.0399999999999998,0.0199999999999998);
#51=TOROIDAL_SURFACE('',#2235,0.0299999999999994,0.0199999999999995);
#52=TOROIDAL_SURFACE('',#2240,0.0299999999999997,0.0200000000000001);
#53=TOROIDAL_SURFACE('',#2245,0.03,0.0200000000000001);
#54=TOROIDAL_SURFACE('',#2258,0.04,0.0200000000000001);
#55=TOROIDAL_SURFACE('',#2263,0.0299999999999996,0.0200000000000003);
#56=TOROIDAL_SURFACE('',#2267,0.0399999999999996,0.0199999999999996);
#57=TOROIDAL_SURFACE('',#2271,0.0399999999999997,0.0199999999999997);
#58=TOROIDAL_SURFACE('',#2319,0.174999999999999,0.0749999999999993);
#59=TOROIDAL_SURFACE('',#2324,0.174999999999999,0.0749999999999992);
#60=TOROIDAL_SURFACE('',#2328,0.175000000000001,0.0750000000000005);
#61=TOROIDAL_SURFACE('',#2332,0.175000000000001,0.0750000000000005);
#62=TOROIDAL_SURFACE('',#2335,0.135,0.0100000000000003);
#63=TOROIDAL_SURFACE('',#2340,0.135,0.00999999999999989);
#64=TOROIDAL_SURFACE('',#2344,0.135000000000001,0.010000000000001);
#65=TOROIDAL_SURFACE('',#2348,0.135,0.0100000000000001);
#66=TOROIDAL_SURFACE('',#2363,0.16,0.0100000000000001);
#67=TOROIDAL_SURFACE('',#2369,0.16,0.0100000000000001);
#68=TOROIDAL_SURFACE('',#2374,0.16,0.0100000000000002);
#69=TOROIDAL_SURFACE('',#2379,0.159999999999999,0.00999999999999977);
#70=B_SPLINE_CURVE_WITH_KNOTS('',3,(#3223,#3224,#3225,#3226),
 .UNSPECIFIED.,.F.,.F.,(4,4),(0.,1.),.UNSPECIFIED.);
#71=B_SPLINE_CURVE_WITH_KNOTS('',3,(#3234,#3235,#3236,#3237),
 .UNSPECIFIED.,.F.,.F.,(4,4),(0.,1.),.UNSPECIFIED.);
#72=B_SPLINE_CURVE_WITH_KNOTS('',3,(#3269,#3270,#3271,#3272),
 .UNSPECIFIED.,.F.,.F.,(4,4),(0.,1.),.UNSPECIFIED.);
#73=B_SPLINE_CURVE_WITH_KNOTS('',3,(#3288,#3289,#3290,#3291),
 .UNSPECIFIED.,.F.,.F.,(4,4),(0.,1.),.UNSPECIFIED.);
#74=B_SPLINE_CURVE_WITH_KNOTS('',3,(#3297,#3298,#3299,#3300),
 .UNSPECIFIED.,.F.,.F.,(4,4),(0.,1.),.UNSPECIFIED.);
#75=B_SPLINE_CURVE_WITH_KNOTS('',3,(#3302,#3303,#3304,#3305),
 .UNSPECIFIED.,.F.,.F.,(4,4),(0.,1.),.UNSPECIFIED.);
#76=B_SPLINE_CURVE_WITH_KNOTS('',3,(#3323,#3324,#3325,#3326),
 .UNSPECIFIED.,.F.,.F.,(4,4),(0.,1.),.UNSPECIFIED.);
#77=B_SPLINE_CURVE_WITH_KNOTS('',3,(#3334,#3335,#3336,#3337),
 .UNSPECIFIED.,.F.,.F.,(4,4),(0.,1.),.UNSPECIFIED.);
#78=B_SPLINE_CURVE_WITH_KNOTS('',3,(#3435,#3436,#3437,#3438),
 .UNSPECIFIED.,.F.,.F.,(4,4),(0.,1.),.UNSPECIFIED.);
#79=B_SPLINE_CURVE_WITH_KNOTS('',3,(#3448,#3449,#3450,#3451),
 .UNSPECIFIED.,.F.,.F.,(4,4),(0.,1.),.UNSPECIFIED.);
#80=B_SPLINE_CURVE_WITH_KNOTS('',3,(#3459,#3460,#3461,#3462),
 .UNSPECIFIED.,.F.,.F.,(4,4),(0.,1.),.UNSPECIFIED.);
#81=B_SPLINE_CURVE_WITH_KNOTS('',3,(#3470,#3471,#3472,#3473),
 .UNSPECIFIED.,.F.,.F.,(4,4),(0.,1.),.UNSPECIFIED.);
#82=B_SPLINE_CURVE_WITH_KNOTS('',3,(#3483,#3484,#3485,#3486,#3487,#3488,
#3489,#3490,#3491),.UNSPECIFIED.,.F.,.F.,(4,1,1,1,1,1,4),(2.68126677377377E-15,
2.95925195845158E-5,5.91850391663503E-5,0.000118370078330019,0.000177555117493689,
0.000207147637075523,0.000236740156657358),.UNSPECIFIED.);
#83=B_SPLINE_CURVE_WITH_KNOTS('',3,(#3499,#3500,#3501,#3502,#3503,#3504,
#3505,#3506,#3507),.UNSPECIFIED.,.F.,.F.,(4,1,1,1,1,1,4),(2.68067997276304E-15,
2.95925195845342E-5,5.91850391663878E-5,0.000118370078330095,0.000177555117493802,
0.000207147637075656,0.000236740156657509),.UNSPECIFIED.);
#84=B_SPLINE_CURVE_WITH_KNOTS('',3,(#3513,#3514,#3515,#3516,#3517,#3518,
#3519,#3520,#3521),.UNSPECIFIED.,.F.,.F.,(4,1,1,1,1,1,4),(1.64069560351183E-18,
2.95925189838626E-5,5.91850379677236E-5,0.000118370075935445,0.000177555113903167,
0.000207147632887028,0.000236740151870889),.UNSPECIFIED.);
#85=B_SPLINE_CURVE_WITH_KNOTS('',3,(#3529,#3530,#3531,#3532,#3533,#3534,
#3535,#3536,#3537),.UNSPECIFIED.,.F.,.F.,(4,1,1,1,1,1,4),(7.89311095789114E-19,
2.95925189838582E-5,5.91850379677156E-5,0.00011837007593543,0.000177555113903145,
0.000207147632887003,0.00023674015187086),.UNSPECIFIED.);
#86=CYLINDRICAL_SURFACE('',#2229,0.02);
#87=CYLINDRICAL_SURFACE('',#2233,0.02);
#88=CYLINDRICAL_SURFACE('',#2238,0.0200000000000001);
#89=CYLINDRICAL_SURFACE('',#2243,0.02);
#90=CYLINDRICAL_SURFACE('',#2248,0.0499999999999999);
#91=CYLINDRICAL_SURFACE('',#2250,0.0499999999999999);
#92=CYLINDRICAL_SURFACE('',#2253,0.0499999999999999);
#93=CYLINDRICAL_SURFACE('',#2255,0.0499999999999999);
#94=CYLINDRICAL_SURFACE('',#2256,0.02);
#95=CYLINDRICAL_SURFACE('',#2261,0.02);
#96=CYLINDRICAL_SURFACE('',#2266,0.0200000000000001);
#97=CYLINDRICAL_SURFACE('',#2270,0.02);
#98=CYLINDRICAL_SURFACE('',#2274,0.3);
#99=CYLINDRICAL_SURFACE('',#2275,0.35);
#100=CYLINDRICAL_SURFACE('',#2276,0.6);
#101=CYLINDRICAL_SURFACE('',#2277,1.);
#102=CYLINDRICAL_SURFACE('',#2291,0.075);
#103=CYLINDRICAL_SURFACE('',#2296,0.075);
#104=CYLINDRICAL_SURFACE('',#2301,0.075);
#105=CYLINDRICAL_SURFACE('',#2306,0.075);
#106=CYLINDRICAL_SURFACE('',#2307,0.0999999999999998);
#107=CYLINDRICAL_SURFACE('',#2310,0.1);
#108=CYLINDRICAL_SURFACE('',#2313,0.1);
#109=CYLINDRICAL_SURFACE('',#2316,0.1);
#110=CYLINDRICAL_SURFACE('',#2322,0.075);
#111=CYLINDRICAL_SURFACE('',#2326,0.075);
#112=CYLINDRICAL_SURFACE('',#2330,0.075);
#113=CYLINDRICAL_SURFACE('',#2334,0.075);
#114=CYLINDRICAL_SURFACE('',#2338,0.01);
#115=CYLINDRICAL_SURFACE('',#2342,0.01);
#116=CYLINDRICAL_SURFACE('',#2346,0.01);
#117=CYLINDRICAL_SURFACE('',#2350,0.01);
#118=CYLINDRICAL_SURFACE('',#2351,0.15);
#119=CYLINDRICAL_SURFACE('',#2354,0.15);
#120=CYLINDRICAL_SURFACE('',#2357,0.15);
#121=CYLINDRICAL_SURFACE('',#2360,0.15);
#122=CYLINDRICAL_SURFACE('',#2367,0.01);
#123=CYLINDRICAL_SURFACE('',#2372,0.01);
#124=CYLINDRICAL_SURFACE('',#2377,0.01);
#125=CYLINDRICAL_SURFACE('',#2382,0.01);
#126=CYLINDRICAL_SURFACE('',#2384,0.125);
#127=CYLINDRICAL_SURFACE('',#2392,0.6);
#128=CYLINDRICAL_SURFACE('',#2393,1.);
#129=CYLINDRICAL_SURFACE('',#2418,0.3);
#130=CYLINDRICAL_SURFACE('',#2419,0.35);
#131=CYLINDRICAL_SURFACE('',#2431,0.125);
#132=LINE('',#3104,#296);
#133=LINE('',#3107,#297);
#134=LINE('',#3109,#298);
#135=LINE('',#3111,#299);
#136=LINE('',#3113,#300);
#137=LINE('',#3116,#301);
#138=LINE('',#3118,#302);
#139=LINE('',#3120,#303);
#140=LINE('',#3122,#304);
#141=LINE('',#3125,#305);
#142=LINE('',#3127,#306);
#143=LINE('',#3129,#307);
#144=LINE('',#3131,#308);
#145=LINE('',#3134,#309);
#146=LINE('',#3136,#310);
#147=LINE('',#3138,#311);
#148=LINE('',#3140,#312);
#149=LINE('',#3142,#313);
#150=LINE('',#3144,#314);
#151=LINE('',#3146,#315);
#152=LINE('',#3148,#316);
#153=LINE('',#3150,#317);
#154=LINE('',#3152,#318);
#155=LINE('',#3154,#319);
#156=LINE('',#3156,#320);
#157=LINE('',#3158,#321);
#158=LINE('',#3160,#322);
#159=LINE('',#3162,#323);
#160=LINE('',#3164,#324);
#161=LINE('',#3166,#325);
#162=LINE('',#3168,#326);
#163=LINE('',#3170,#327);
#164=LINE('',#3172,#328);
#165=LINE('',#3174,#329);
#166=LINE('',#3176,#330);
#167=LINE('',#3178,#331);
#168=LINE('',#3180,#332);
#169=LINE('',#3182,#333);
#170=LINE('',#3184,#334);
#171=LINE('',#3186,#335);
#172=LINE('',#3188,#336);
#173=LINE('',#3190,#337);
#174=LINE('',#3192,#338);
#175=LINE('',#3194,#339);
#176=LINE('',#3196,#340);
#177=LINE('',#3198,#341);
#178=LINE('',#3200,#342);
#179=LINE('',#3202,#343);
#180=LINE('',#3207,#344);
#181=LINE('',#3211,#345);
#182=LINE('',#3215,#346);
#183=LINE('',#3219,#347);
#184=LINE('',#3228,#348);
#185=LINE('',#3241,#349);
#186=LINE('',#3249,#350);
#187=LINE('',#3257,#351);
#188=LINE('',#3261,#352);
#189=LINE('',#3263,#353);
#190=LINE('',#3265,#354);
#191=LINE('',#3267,#355);
#192=LINE('',#3274,#356);
#193=LINE('',#3276,#357);
#194=LINE('',#3278,#358);
#195=LINE('',#3282,#359);
#196=LINE('',#3284,#360);
#197=LINE('',#3286,#361);
#198=LINE('',#3293,#362);
#199=LINE('',#3295,#363);
#200=LINE('',#3307,#364);
#201=LINE('',#3317,#365);
#202=LINE('',#3328,#366);
#203=LINE('',#3339,#367);
#204=LINE('',#3354,#368);
#205=LINE('',#3359,#369);
#206=LINE('',#3363,#370);
#207=LINE('',#3367,#371);
#208=LINE('',#3379,#372);
#209=LINE('',#3387,#373);
#210=LINE('',#3393,#374);
#211=LINE('',#3401,#375);
#212=LINE('',#3403,#376);
#213=LINE('',#3405,#377);
#214=LINE('',#3409,#378);
#215=LINE('',#3411,#379);
#216=LINE('',#3413,#380);
#217=LINE('',#3417,#381);
#218=LINE('',#3419,#382);
#219=LINE('',#3421,#383);
#220=LINE('',#3425,#384);
#221=LINE('',#3427,#385);
#222=LINE('',#3429,#386);
#223=LINE('',#3433,#387);
#224=LINE('',#3444,#388);
#225=LINE('',#3455,#389);
#226=LINE('',#3466,#390);
#227=LINE('',#3477,#391);
#228=LINE('',#3495,#392);
#229=LINE('',#3511,#393);
#230=LINE('',#3525,#394);
#231=LINE('',#3541,#395);
#232=LINE('',#3543,#396);
#233=LINE('',#3547,#397);
#234=LINE('',#3549,#398);
#235=LINE('',#3551,#399);
#236=LINE('',#3555,#400);
#237=LINE('',#3557,#401);
#238=LINE('',#3559,#402);
#239=LINE('',#3563,#403);
#240=LINE('',#3565,#404);
#241=LINE('',#3567,#405);
#242=LINE('',#3571,#406);
#243=LINE('',#3573,#407);
#244=LINE('',#3581,#408);
#245=LINE('',#3589,#409);
#246=LINE('',#3597,#410);
#247=LINE('',#3605,#411);
#248=LINE('',#3622,#412);
#249=LINE('',#3625,#413);
#250=LINE('',#3627,#414);
#251=LINE('',#3629,#415);
#252=LINE('',#3631,#416);
#253=LINE('',#3633,#417);
#254=LINE('',#3635,#418);
#255=LINE('',#3637,#419);
#256=LINE('',#3639,#420);
#257=LINE('',#3641,#421);
#258=LINE('',#3643,#422);
#259=LINE('',#3645,#423);
#260=LINE('',#3648,#424);
#261=LINE('',#3651,#425);
#262=LINE('',#3653,#426);
#263=LINE('',#3655,#427);
#264=LINE('',#3657,#428);
#265=LINE('',#3659,#429);
#266=LINE('',#3661,#430);
#267=LINE('',#3663,#431);
#268=LINE('',#3665,#432);
#269=LINE('',#3667,#433);
#270=LINE('',#3669,#434);
#271=LINE('',#3671,#435);
#272=LINE('',#3674,#436);
#273=LINE('',#3677,#437);
#274=LINE('',#3679,#438);
#275=LINE('',#3681,#439);
#276=LINE('',#3683,#440);
#277=LINE('',#3686,#441);
#278=LINE('',#3687,#442);
#279=LINE('',#3689,#443);
#280=LINE('',#3691,#444);
#281=LINE('',#3693,#445);
#282=LINE('',#3695,#446);
#283=LINE('',#3697,#447);
#284=LINE('',#3712,#448);
#285=LINE('',#3715,#449);
#286=LINE('',#3717,#450);
#287=LINE('',#3719,#451);
#288=LINE('',#3721,#452);
#289=LINE('',#3724,#453);
#290=LINE('',#3725,#454);
#291=LINE('',#3727,#455);
#292=LINE('',#3729,#456);
#293=LINE('',#3731,#457);
#294=LINE('',#3733,#458);
#295=LINE('',#3735,#459);
#296=VECTOR('',#2460,1000.);
#297=VECTOR('',#2461,1000.);
#298=VECTOR('',#2462,1000.);
#299=VECTOR('',#2463,1000.);
#300=VECTOR('',#2466,1000.);
#301=VECTOR('',#2467,1000.);
#302=VECTOR('',#2468,1000.);
#303=VECTOR('',#2469,1000.);
#304=VECTOR('',#2472,1000.);
#305=VECTOR('',#2473,1000.);
#306=VECTOR('',#2474,1000.);
#307=VECTOR('',#2475,1000.);
#308=VECTOR('',#2478,1000.);
#309=VECTOR('',#2479,1000.);
#310=VECTOR('',#2480,1000.);
#311=VECTOR('',#2481,1000.);
#312=VECTOR('',#2484,1000.);
#313=VECTOR('',#2485,1000.);
#314=VECTOR('',#2486,1000.);
#315=VECTOR('',#2489,1000.);
#316=VECTOR('',#2490,1000.);
#317=VECTOR('',#2493,1000.);
#318=VECTOR('',#2494,1000.);
#319=VECTOR('',#2497,1000.);
#320=VECTOR('',#2500,1000.);
#321=VECTOR('',#2501,1000.);
#322=VECTOR('',#2502,1000.);
#323=VECTOR('',#2505,1000.);
#324=VECTOR('',#2506,1000.);
#325=VECTOR('',#2509,1000.);
#326=VECTOR('',#2510,1000.);
#327=VECTOR('',#2513,1000.);
#328=VECTOR('',#2516,1000.);
#329=VECTOR('',#2517,1000.);
#330=VECTOR('',#2518,1000.);
#331=VECTOR('',#2521,1000.);
#332=VECTOR('',#2522,1000.);
#333=VECTOR('',#2525,1000.);
#334=VECTOR('',#2526,1000.);
#335=VECTOR('',#2529,1000.);
#336=VECTOR('',#2532,1000.);
#337=VECTOR('',#2533,1000.);
#338=VECTOR('',#2534,1000.);
#339=VECTOR('',#2537,1000.);
#340=VECTOR('',#2538,1000.);
#341=VECTOR('',#2541,1000.);
#342=VECTOR('',#2542,1000.);
#343=VECTOR('',#2545,1000.);
#344=VECTOR('',#2550,1000.);
#345=VECTOR('',#2553,1000.);
#346=VECTOR('',#2556,1000.);
#347=VECTOR('',#2559,1000.);
#348=VECTOR('',#2564,1000.);
#349=VECTOR('',#2575,1000.);
#350=VECTOR('',#2586,1000.);
#351=VECTOR('',#2597,1000.);
#352=VECTOR('',#2604,1000.);
#353=VECTOR('',#2605,1000.);
#354=VECTOR('',#2606,1000.);
#355=VECTOR('',#2609,1000.);
#356=VECTOR('',#2612,1000.);
#357=VECTOR('',#2613,1000.);
#358=VECTOR('',#2616,1000.);
#359=VECTOR('',#2621,1000.);
#360=VECTOR('',#2622,1000.);
#361=VECTOR('',#2625,1000.);
#362=VECTOR('',#2628,1000.);
#363=VECTOR('',#2629,1000.);
#364=VECTOR('',#2634,1000.);
#365=VECTOR('',#2647,1000.);
#366=VECTOR('',#2656,1000.);
#367=VECTOR('',#2665,1000.);
#368=VECTOR('',#2690,1000.);
#369=VECTOR('',#2693,1000.);
#370=VECTOR('',#2696,1000.);
#371=VECTOR('',#2699,1000.);
#372=VECTOR('',#2714,1000.);
#373=VECTOR('',#2725,1000.);
#374=VECTOR('',#2734,1000.);
#375=VECTOR('',#2745,1000.);
#376=VECTOR('',#2748,1000.);
#377=VECTOR('',#2749,1000.);
#378=VECTOR('',#2754,1000.);
#379=VECTOR('',#2755,1000.);
#380=VECTOR('',#2758,1000.);
#381=VECTOR('',#2763,1000.);
#382=VECTOR('',#2764,1000.);
#383=VECTOR('',#2767,1000.);
#384=VECTOR('',#2772,1000.);
#385=VECTOR('',#2773,1000.);
#386=VECTOR('',#2776,1000.);
#387=VECTOR('',#2781,1000.);
#388=VECTOR('',#2790,1000.);
#389=VECTOR('',#2799,1000.);
#390=VECTOR('',#2808,1000.);
#391=VECTOR('',#2817,1000.);
#392=VECTOR('',#2828,1000.);
#393=VECTOR('',#2837,1000.);
#394=VECTOR('',#2844,1000.);
#395=VECTOR('',#2853,1000.);
#396=VECTOR('',#2856,1000.);
#397=VECTOR('',#2859,1000.);
#398=VECTOR('',#2862,1000.);
#399=VECTOR('',#2863,1000.);
#400=VECTOR('',#2868,1000.);
#401=VECTOR('',#2871,1000.);
#402=VECTOR('',#2872,1000.);
#403=VECTOR('',#2877,1000.);
#404=VECTOR('',#2880,1000.);
#405=VECTOR('',#2881,1000.);
#406=VECTOR('',#2886,1000.);
#407=VECTOR('',#2889,1000.);
#408=VECTOR('',#2900,1000.);
#409=VECTOR('',#2911,1000.);
#410=VECTOR('',#2922,1000.);
#411=VECTOR('',#2933,1000.);
#412=VECTOR('',#2958,1000.);
#413=VECTOR('',#2959,1000.);
#414=VECTOR('',#2960,1000.);
#415=VECTOR('',#2961,1000.);
#416=VECTOR('',#2964,1000.);
#417=VECTOR('',#2965,1000.);
#418=VECTOR('',#2966,1000.);
#419=VECTOR('',#2969,1000.);
#420=VECTOR('',#2970,1000.);
#421=VECTOR('',#2973,1000.);
#422=VECTOR('',#2974,1000.);
#423=VECTOR('',#2977,1000.);
#424=VECTOR('',#2982,1000.);
#425=VECTOR('',#2983,1000.);
#426=VECTOR('',#2984,1000.);
#427=VECTOR('',#2985,1000.);
#428=VECTOR('',#2988,1000.);
#429=VECTOR('',#2989,1000.);
#430=VECTOR('',#2990,1000.);
#431=VECTOR('',#2993,1000.);
#432=VECTOR('',#2994,1000.);
#433=VECTOR('',#2997,1000.);
#434=VECTOR('',#2998,1000.);
#435=VECTOR('',#3001,1000.);
#436=VECTOR('',#3006,1000.);
#437=VECTOR('',#3007,1000.);
#438=VECTOR('',#3008,1000.);
#439=VECTOR('',#3009,1000.);
#440=VECTOR('',#3012,1000.);
#441=VECTOR('',#3013,1000.);
#442=VECTOR('',#3014,1000.);
#443=VECTOR('',#3017,1000.);
#444=VECTOR('',#3018,1000.);
#445=VECTOR('',#3021,1000.);
#446=VECTOR('',#3022,1000.);
#447=VECTOR('',#3025,1000.);
#448=VECTOR('',#3046,1000.);
#449=VECTOR('',#3047,1000.);
#450=VECTOR('',#3048,1000.);
#451=VECTOR('',#3049,1000.);
#452=VECTOR('',#3052,1000.);
#453=VECTOR('',#3053,1000.);
#454=VECTOR('',#3054,1000.);
#455=VECTOR('',#3057,1000.);
#456=VECTOR('',#3058,1000.);
#457=VECTOR('',#3061,1000.);
#458=VECTOR('',#3062,1000.);
#459=VECTOR('',#3065,1000.);
#460=ORIENTED_EDGE('',*,*,#1012,.F.);
#461=ORIENTED_EDGE('',*,*,#1013,.T.);
#462=ORIENTED_EDGE('',*,*,#1014,.T.);
#463=ORIENTED_EDGE('',*,*,#1015,.F.);
#464=ORIENTED_EDGE('',*,*,#1016,.F.);
#465=ORIENTED_EDGE('',*,*,#1017,.T.);
#466=ORIENTED_EDGE('',*,*,#1018,.T.);
#467=ORIENTED_EDGE('',*,*,#1019,.T.);
#468=ORIENTED_EDGE('',*,*,#1020,.F.);
#469=ORIENTED_EDGE('',*,*,#1021,.F.);
#470=ORIENTED_EDGE('',*,*,#1022,.T.);
#471=ORIENTED_EDGE('',*,*,#1023,.T.);
#472=ORIENTED_EDGE('',*,*,#1024,.T.);
#473=ORIENTED_EDGE('',*,*,#1025,.F.);
#474=ORIENTED_EDGE('',*,*,#1026,.F.);
#475=ORIENTED_EDGE('',*,*,#1027,.T.);
#476=ORIENTED_EDGE('',*,*,#1028,.F.);
#477=ORIENTED_EDGE('',*,*,#1029,.F.);
#478=ORIENTED_EDGE('',*,*,#1030,.T.);
#479=ORIENTED_EDGE('',*,*,#1031,.T.);
#480=ORIENTED_EDGE('',*,*,#1032,.T.);
#481=ORIENTED_EDGE('',*,*,#1033,.F.);
#482=ORIENTED_EDGE('',*,*,#1034,.F.);
#483=ORIENTED_EDGE('',*,*,#1035,.T.);
#484=ORIENTED_EDGE('',*,*,#1022,.F.);
#485=ORIENTED_EDGE('',*,*,#1036,.F.);
#486=ORIENTED_EDGE('',*,*,#1037,.T.);
#487=ORIENTED_EDGE('',*,*,#1038,.F.);
#488=ORIENTED_EDGE('',*,*,#1019,.F.);
#489=ORIENTED_EDGE('',*,*,#1035,.F.);
#490=ORIENTED_EDGE('',*,*,#1039,.T.);
#491=ORIENTED_EDGE('',*,*,#1020,.T.);
#492=ORIENTED_EDGE('',*,*,#1038,.T.);
#493=ORIENTED_EDGE('',*,*,#1040,.T.);
#494=ORIENTED_EDGE('',*,*,#1041,.F.);
#495=ORIENTED_EDGE('',*,*,#1021,.T.);
#496=ORIENTED_EDGE('',*,*,#1041,.T.);
#497=ORIENTED_EDGE('',*,*,#1042,.T.);
#498=ORIENTED_EDGE('',*,*,#1036,.T.);
#499=ORIENTED_EDGE('',*,*,#1026,.T.);
#500=ORIENTED_EDGE('',*,*,#1043,.F.);
#501=ORIENTED_EDGE('',*,*,#1044,.T.);
#502=ORIENTED_EDGE('',*,*,#1045,.T.);
#503=ORIENTED_EDGE('',*,*,#1046,.T.);
#504=ORIENTED_EDGE('',*,*,#1023,.F.);
#505=ORIENTED_EDGE('',*,*,#1045,.F.);
#506=ORIENTED_EDGE('',*,*,#1047,.T.);
#507=ORIENTED_EDGE('',*,*,#1048,.F.);
#508=ORIENTED_EDGE('',*,*,#1024,.F.);
#509=ORIENTED_EDGE('',*,*,#1046,.F.);
#510=ORIENTED_EDGE('',*,*,#1049,.T.);
#511=ORIENTED_EDGE('',*,*,#1025,.T.);
#512=ORIENTED_EDGE('',*,*,#1048,.T.);
#513=ORIENTED_EDGE('',*,*,#1050,.T.);
#514=ORIENTED_EDGE('',*,*,#1043,.T.);
#515=ORIENTED_EDGE('',*,*,#1051,.T.);
#516=ORIENTED_EDGE('',*,*,#1030,.F.);
#517=ORIENTED_EDGE('',*,*,#1052,.F.);
#518=ORIENTED_EDGE('',*,*,#1053,.T.);
#519=ORIENTED_EDGE('',*,*,#1054,.F.);
#520=ORIENTED_EDGE('',*,*,#1027,.F.);
#521=ORIENTED_EDGE('',*,*,#1051,.F.);
#522=ORIENTED_EDGE('',*,*,#1055,.T.);
#523=ORIENTED_EDGE('',*,*,#1028,.T.);
#524=ORIENTED_EDGE('',*,*,#1054,.T.);
#525=ORIENTED_EDGE('',*,*,#1056,.T.);
#526=ORIENTED_EDGE('',*,*,#1057,.F.);
#527=ORIENTED_EDGE('',*,*,#1029,.T.);
#528=ORIENTED_EDGE('',*,*,#1057,.T.);
#529=ORIENTED_EDGE('',*,*,#1058,.T.);
#530=ORIENTED_EDGE('',*,*,#1052,.T.);
#531=ORIENTED_EDGE('',*,*,#1034,.T.);
#532=ORIENTED_EDGE('',*,*,#1059,.F.);
#533=ORIENTED_EDGE('',*,*,#1060,.T.);
#534=ORIENTED_EDGE('',*,*,#1061,.T.);
#535=ORIENTED_EDGE('',*,*,#1062,.T.);
#536=ORIENTED_EDGE('',*,*,#1031,.F.);
#537=ORIENTED_EDGE('',*,*,#1061,.F.);
#538=ORIENTED_EDGE('',*,*,#1063,.T.);
#539=ORIENTED_EDGE('',*,*,#1064,.F.);
#540=ORIENTED_EDGE('',*,*,#1032,.F.);
#541=ORIENTED_EDGE('',*,*,#1062,.F.);
#542=ORIENTED_EDGE('',*,*,#1065,.T.);
#543=ORIENTED_EDGE('',*,*,#1033,.T.);
#544=ORIENTED_EDGE('',*,*,#1064,.T.);
#545=ORIENTED_EDGE('',*,*,#1066,.T.);
#546=ORIENTED_EDGE('',*,*,#1059,.T.);
#547=ORIENTED_EDGE('',*,*,#1067,.F.);
#548=ORIENTED_EDGE('',*,*,#1068,.F.);
#549=ORIENTED_EDGE('',*,*,#1069,.F.);
#550=ORIENTED_EDGE('',*,*,#1070,.F.);
#551=ORIENTED_EDGE('',*,*,#1071,.F.);
#552=ORIENTED_EDGE('',*,*,#1072,.F.);
#553=ORIENTED_EDGE('',*,*,#1073,.F.);
#554=ORIENTED_EDGE('',*,*,#1074,.F.);
#555=ORIENTED_EDGE('',*,*,#1075,.F.);
#556=ORIENTED_EDGE('',*,*,#1040,.F.);
#557=ORIENTED_EDGE('',*,*,#1039,.F.);
#558=ORIENTED_EDGE('',*,*,#1037,.F.);
#559=ORIENTED_EDGE('',*,*,#1042,.F.);
#560=ORIENTED_EDGE('',*,*,#1049,.F.);
#561=ORIENTED_EDGE('',*,*,#1047,.F.);
#562=ORIENTED_EDGE('',*,*,#1044,.F.);
#563=ORIENTED_EDGE('',*,*,#1050,.F.);
#564=ORIENTED_EDGE('',*,*,#1056,.F.);
#565=ORIENTED_EDGE('',*,*,#1055,.F.);
#566=ORIENTED_EDGE('',*,*,#1053,.F.);
#567=ORIENTED_EDGE('',*,*,#1058,.F.);
#568=ORIENTED_EDGE('',*,*,#1065,.F.);
#569=ORIENTED_EDGE('',*,*,#1063,.F.);
#570=ORIENTED_EDGE('',*,*,#1060,.F.);
#571=ORIENTED_EDGE('',*,*,#1066,.F.);
#572=ORIENTED_EDGE('',*,*,#1076,.F.);
#573=ORIENTED_EDGE('',*,*,#1077,.T.);
#574=ORIENTED_EDGE('',*,*,#1078,.F.);
#575=ORIENTED_EDGE('',*,*,#1068,.T.);
#576=ORIENTED_EDGE('',*,*,#1076,.T.);
#577=ORIENTED_EDGE('',*,*,#1067,.T.);
#578=ORIENTED_EDGE('',*,*,#1079,.F.);
#579=ORIENTED_EDGE('',*,*,#1080,.F.);
#580=ORIENTED_EDGE('',*,*,#1079,.T.);
#581=ORIENTED_EDGE('',*,*,#1074,.T.);
#582=ORIENTED_EDGE('',*,*,#1081,.F.);
#583=ORIENTED_EDGE('',*,*,#1082,.T.);
#584=ORIENTED_EDGE('',*,*,#1081,.T.);
#585=ORIENTED_EDGE('',*,*,#1073,.T.);
#586=ORIENTED_EDGE('',*,*,#1083,.F.);
#587=ORIENTED_EDGE('',*,*,#1084,.F.);
#588=ORIENTED_EDGE('',*,*,#1083,.T.);
#589=ORIENTED_EDGE('',*,*,#1072,.T.);
#590=ORIENTED_EDGE('',*,*,#1085,.F.);
#591=ORIENTED_EDGE('',*,*,#1086,.T.);
#592=ORIENTED_EDGE('',*,*,#1085,.T.);
#593=ORIENTED_EDGE('',*,*,#1071,.T.);
#594=ORIENTED_EDGE('',*,*,#1087,.F.);
#595=ORIENTED_EDGE('',*,*,#1088,.F.);
#596=ORIENTED_EDGE('',*,*,#1089,.F.);
#597=ORIENTED_EDGE('',*,*,#1090,.T.);
#598=ORIENTED_EDGE('',*,*,#1087,.T.);
#599=ORIENTED_EDGE('',*,*,#1070,.T.);
#600=ORIENTED_EDGE('',*,*,#1078,.T.);
#601=ORIENTED_EDGE('',*,*,#1091,.F.);
#602=ORIENTED_EDGE('',*,*,#1089,.T.);
#603=ORIENTED_EDGE('',*,*,#1069,.T.);
#604=ORIENTED_EDGE('',*,*,#1077,.F.);
#605=ORIENTED_EDGE('',*,*,#1092,.F.);
#606=ORIENTED_EDGE('',*,*,#1093,.F.);
#607=ORIENTED_EDGE('',*,*,#1094,.F.);
#608=ORIENTED_EDGE('',*,*,#1095,.T.);
#609=ORIENTED_EDGE('',*,*,#1096,.F.);
#610=ORIENTED_EDGE('',*,*,#1092,.T.);
#611=ORIENTED_EDGE('',*,*,#1080,.T.);
#612=ORIENTED_EDGE('',*,*,#1097,.F.);
#613=ORIENTED_EDGE('',*,*,#1095,.F.);
#614=ORIENTED_EDGE('',*,*,#1082,.F.);
#615=ORIENTED_EDGE('',*,*,#1098,.F.);
#616=ORIENTED_EDGE('',*,*,#1099,.T.);
#617=ORIENTED_EDGE('',*,*,#1100,.F.);
#618=ORIENTED_EDGE('',*,*,#1098,.T.);
#619=ORIENTED_EDGE('',*,*,#1084,.T.);
#620=ORIENTED_EDGE('',*,*,#1086,.F.);
#621=ORIENTED_EDGE('',*,*,#1101,.F.);
#622=ORIENTED_EDGE('',*,*,#1102,.F.);
#623=ORIENTED_EDGE('',*,*,#1099,.F.);
#624=ORIENTED_EDGE('',*,*,#1103,.T.);
#625=ORIENTED_EDGE('',*,*,#1104,.F.);
#626=ORIENTED_EDGE('',*,*,#1101,.T.);
#627=ORIENTED_EDGE('',*,*,#1088,.T.);
#628=ORIENTED_EDGE('',*,*,#1090,.F.);
#629=ORIENTED_EDGE('',*,*,#1105,.F.);
#630=ORIENTED_EDGE('',*,*,#1106,.F.);
#631=ORIENTED_EDGE('',*,*,#1103,.F.);
#632=ORIENTED_EDGE('',*,*,#1094,.T.);
#633=ORIENTED_EDGE('',*,*,#1107,.F.);
#634=ORIENTED_EDGE('',*,*,#1105,.T.);
#635=ORIENTED_EDGE('',*,*,#1091,.T.);
#636=ORIENTED_EDGE('',*,*,#1108,.F.);
#637=ORIENTED_EDGE('',*,*,#1109,.F.);
#638=ORIENTED_EDGE('',*,*,#1110,.F.);
#639=ORIENTED_EDGE('',*,*,#1093,.T.);
#640=ORIENTED_EDGE('',*,*,#1111,.F.);
#641=ORIENTED_EDGE('',*,*,#1112,.F.);
#642=ORIENTED_EDGE('',*,*,#1108,.T.);
#643=ORIENTED_EDGE('',*,*,#1096,.T.);
#644=ORIENTED_EDGE('',*,*,#1111,.T.);
#645=ORIENTED_EDGE('',*,*,#1097,.T.);
#646=ORIENTED_EDGE('',*,*,#1113,.F.);
#647=ORIENTED_EDGE('',*,*,#1114,.F.);
#648=ORIENTED_EDGE('',*,*,#1113,.T.);
#649=ORIENTED_EDGE('',*,*,#1100,.T.);
#650=ORIENTED_EDGE('',*,*,#1115,.F.);
#651=ORIENTED_EDGE('',*,*,#1116,.F.);
#652=ORIENTED_EDGE('',*,*,#1115,.T.);
#653=ORIENTED_EDGE('',*,*,#1102,.T.);
#654=ORIENTED_EDGE('',*,*,#1117,.F.);
#655=ORIENTED_EDGE('',*,*,#1118,.F.);
#656=ORIENTED_EDGE('',*,*,#1119,.F.);
#657=ORIENTED_EDGE('',*,*,#1120,.F.);
#658=ORIENTED_EDGE('',*,*,#1117,.T.);
#659=ORIENTED_EDGE('',*,*,#1104,.T.);
#660=ORIENTED_EDGE('',*,*,#1121,.F.);
#661=ORIENTED_EDGE('',*,*,#1122,.F.);
#662=ORIENTED_EDGE('',*,*,#1119,.T.);
#663=ORIENTED_EDGE('',*,*,#1106,.T.);
#664=ORIENTED_EDGE('',*,*,#1110,.T.);
#665=ORIENTED_EDGE('',*,*,#1123,.F.);
#666=ORIENTED_EDGE('',*,*,#1121,.T.);
#667=ORIENTED_EDGE('',*,*,#1107,.T.);
#668=ORIENTED_EDGE('',*,*,#1122,.T.);
#669=ORIENTED_EDGE('',*,*,#1123,.T.);
#670=ORIENTED_EDGE('',*,*,#1109,.T.);
#671=ORIENTED_EDGE('',*,*,#1112,.T.);
#672=ORIENTED_EDGE('',*,*,#1114,.T.);
#673=ORIENTED_EDGE('',*,*,#1116,.T.);
#674=ORIENTED_EDGE('',*,*,#1118,.T.);
#675=ORIENTED_EDGE('',*,*,#1120,.T.);
#676=ORIENTED_EDGE('',*,*,#1012,.T.);
#677=ORIENTED_EDGE('',*,*,#1013,.F.);
#678=ORIENTED_EDGE('',*,*,#1015,.T.);
#679=ORIENTED_EDGE('',*,*,#1014,.F.);
#680=ORIENTED_EDGE('',*,*,#1016,.T.);
#681=ORIENTED_EDGE('',*,*,#1017,.F.);
#682=ORIENTED_EDGE('',*,*,#1075,.T.);
#683=ORIENTED_EDGE('',*,*,#1018,.F.);
#684=ORIENTED_EDGE('',*,*,#1124,.T.);
#685=ORIENTED_EDGE('',*,*,#1125,.T.);
#686=ORIENTED_EDGE('',*,*,#1126,.F.);
#687=ORIENTED_EDGE('',*,*,#1127,.F.);
#688=ORIENTED_EDGE('',*,*,#1128,.F.);
#689=ORIENTED_EDGE('',*,*,#1129,.F.);
#690=ORIENTED_EDGE('',*,*,#1130,.F.);
#691=ORIENTED_EDGE('',*,*,#1131,.F.);
#692=ORIENTED_EDGE('',*,*,#1132,.F.);
#693=ORIENTED_EDGE('',*,*,#1133,.F.);
#694=ORIENTED_EDGE('',*,*,#1134,.F.);
#695=ORIENTED_EDGE('',*,*,#1133,.T.);
#696=ORIENTED_EDGE('',*,*,#1135,.F.);
#697=ORIENTED_EDGE('',*,*,#1136,.F.);
#698=ORIENTED_EDGE('',*,*,#1137,.F.);
#699=ORIENTED_EDGE('',*,*,#1126,.T.);
#700=ORIENTED_EDGE('',*,*,#1134,.T.);
#701=ORIENTED_EDGE('',*,*,#1138,.T.);
#702=ORIENTED_EDGE('',*,*,#1139,.F.);
#703=ORIENTED_EDGE('',*,*,#1127,.T.);
#704=ORIENTED_EDGE('',*,*,#1137,.T.);
#705=ORIENTED_EDGE('',*,*,#1140,.F.);
#706=ORIENTED_EDGE('',*,*,#1141,.F.);
#707=ORIENTED_EDGE('',*,*,#1128,.T.);
#708=ORIENTED_EDGE('',*,*,#1139,.T.);
#709=ORIENTED_EDGE('',*,*,#1142,.T.);
#710=ORIENTED_EDGE('',*,*,#1143,.F.);
#711=ORIENTED_EDGE('',*,*,#1129,.T.);
#712=ORIENTED_EDGE('',*,*,#1141,.T.);
#713=ORIENTED_EDGE('',*,*,#1144,.F.);
#714=ORIENTED_EDGE('',*,*,#1143,.T.);
#715=ORIENTED_EDGE('',*,*,#1145,.T.);
#716=ORIENTED_EDGE('',*,*,#1146,.F.);
#717=ORIENTED_EDGE('',*,*,#1130,.T.);
#718=ORIENTED_EDGE('',*,*,#1146,.T.);
#719=ORIENTED_EDGE('',*,*,#1147,.F.);
#720=ORIENTED_EDGE('',*,*,#1148,.F.);
#721=ORIENTED_EDGE('',*,*,#1131,.T.);
#722=ORIENTED_EDGE('',*,*,#1148,.T.);
#723=ORIENTED_EDGE('',*,*,#1149,.T.);
#724=ORIENTED_EDGE('',*,*,#1135,.T.);
#725=ORIENTED_EDGE('',*,*,#1132,.T.);
#726=ORIENTED_EDGE('',*,*,#1150,.T.);
#727=ORIENTED_EDGE('',*,*,#1136,.T.);
#728=ORIENTED_EDGE('',*,*,#1151,.T.);
#729=ORIENTED_EDGE('',*,*,#1152,.T.);
#730=ORIENTED_EDGE('',*,*,#1153,.T.);
#731=ORIENTED_EDGE('',*,*,#1154,.F.);
#732=ORIENTED_EDGE('',*,*,#1138,.F.);
#733=ORIENTED_EDGE('',*,*,#1150,.F.);
#734=ORIENTED_EDGE('',*,*,#1155,.T.);
#735=ORIENTED_EDGE('',*,*,#1140,.T.);
#736=ORIENTED_EDGE('',*,*,#1154,.T.);
#737=ORIENTED_EDGE('',*,*,#1156,.T.);
#738=ORIENTED_EDGE('',*,*,#1157,.T.);
#739=ORIENTED_EDGE('',*,*,#1158,.F.);
#740=ORIENTED_EDGE('',*,*,#1142,.F.);
#741=ORIENTED_EDGE('',*,*,#1155,.F.);
#742=ORIENTED_EDGE('',*,*,#1159,.T.);
#743=ORIENTED_EDGE('',*,*,#1144,.T.);
#744=ORIENTED_EDGE('',*,*,#1158,.T.);
#745=ORIENTED_EDGE('',*,*,#1160,.T.);
#746=ORIENTED_EDGE('',*,*,#1161,.T.);
#747=ORIENTED_EDGE('',*,*,#1162,.F.);
#748=ORIENTED_EDGE('',*,*,#1145,.F.);
#749=ORIENTED_EDGE('',*,*,#1159,.F.);
#750=ORIENTED_EDGE('',*,*,#1163,.T.);
#751=ORIENTED_EDGE('',*,*,#1147,.T.);
#752=ORIENTED_EDGE('',*,*,#1162,.T.);
#753=ORIENTED_EDGE('',*,*,#1164,.T.);
#754=ORIENTED_EDGE('',*,*,#1165,.T.);
#755=ORIENTED_EDGE('',*,*,#1151,.F.);
#756=ORIENTED_EDGE('',*,*,#1149,.F.);
#757=ORIENTED_EDGE('',*,*,#1163,.F.);
#758=ORIENTED_EDGE('',*,*,#1166,.F.);
#759=ORIENTED_EDGE('',*,*,#1167,.T.);
#760=ORIENTED_EDGE('',*,*,#1152,.F.);
#761=ORIENTED_EDGE('',*,*,#1168,.T.);
#762=ORIENTED_EDGE('',*,*,#1169,.F.);
#763=ORIENTED_EDGE('',*,*,#1170,.T.);
#764=ORIENTED_EDGE('',*,*,#1153,.F.);
#765=ORIENTED_EDGE('',*,*,#1167,.F.);
#766=ORIENTED_EDGE('',*,*,#1171,.F.);
#767=ORIENTED_EDGE('',*,*,#1172,.T.);
#768=ORIENTED_EDGE('',*,*,#1156,.F.);
#769=ORIENTED_EDGE('',*,*,#1170,.F.);
#770=ORIENTED_EDGE('',*,*,#1173,.F.);
#771=ORIENTED_EDGE('',*,*,#1174,.T.);
#772=ORIENTED_EDGE('',*,*,#1157,.F.);
#773=ORIENTED_EDGE('',*,*,#1172,.F.);
#774=ORIENTED_EDGE('',*,*,#1175,.F.);
#775=ORIENTED_EDGE('',*,*,#1176,.T.);
#776=ORIENTED_EDGE('',*,*,#1160,.F.);
#777=ORIENTED_EDGE('',*,*,#1174,.F.);
#778=ORIENTED_EDGE('',*,*,#1177,.F.);
#779=ORIENTED_EDGE('',*,*,#1178,.T.);
#780=ORIENTED_EDGE('',*,*,#1161,.F.);
#781=ORIENTED_EDGE('',*,*,#1176,.F.);
#782=ORIENTED_EDGE('',*,*,#1179,.F.);
#783=ORIENTED_EDGE('',*,*,#1180,.T.);
#784=ORIENTED_EDGE('',*,*,#1164,.F.);
#785=ORIENTED_EDGE('',*,*,#1178,.F.);
#786=ORIENTED_EDGE('',*,*,#1181,.F.);
#787=ORIENTED_EDGE('',*,*,#1168,.F.);
#788=ORIENTED_EDGE('',*,*,#1165,.F.);
#789=ORIENTED_EDGE('',*,*,#1180,.F.);
#790=ORIENTED_EDGE('',*,*,#1182,.F.);
#791=ORIENTED_EDGE('',*,*,#1166,.T.);
#792=ORIENTED_EDGE('',*,*,#1183,.F.);
#793=ORIENTED_EDGE('',*,*,#1184,.F.);
#794=ORIENTED_EDGE('',*,*,#1185,.F.);
#795=ORIENTED_EDGE('',*,*,#1169,.T.);
#796=ORIENTED_EDGE('',*,*,#1182,.T.);
#797=ORIENTED_EDGE('',*,*,#1186,.T.);
#798=ORIENTED_EDGE('',*,*,#1187,.F.);
#799=ORIENTED_EDGE('',*,*,#1171,.T.);
#800=ORIENTED_EDGE('',*,*,#1185,.T.);
#801=ORIENTED_EDGE('',*,*,#1188,.F.);
#802=ORIENTED_EDGE('',*,*,#1189,.F.);
#803=ORIENTED_EDGE('',*,*,#1173,.T.);
#804=ORIENTED_EDGE('',*,*,#1187,.T.);
#805=ORIENTED_EDGE('',*,*,#1190,.T.);
#806=ORIENTED_EDGE('',*,*,#1189,.T.);
#807=ORIENTED_EDGE('',*,*,#1191,.F.);
#808=ORIENTED_EDGE('',*,*,#1192,.F.);
#809=ORIENTED_EDGE('',*,*,#1175,.T.);
#810=ORIENTED_EDGE('',*,*,#1192,.T.);
#811=ORIENTED_EDGE('',*,*,#1193,.T.);
#812=ORIENTED_EDGE('',*,*,#1194,.F.);
#813=ORIENTED_EDGE('',*,*,#1177,.T.);
#814=ORIENTED_EDGE('',*,*,#1194,.T.);
#815=ORIENTED_EDGE('',*,*,#1195,.F.);
#816=ORIENTED_EDGE('',*,*,#1196,.F.);
#817=ORIENTED_EDGE('',*,*,#1179,.T.);
#818=ORIENTED_EDGE('',*,*,#1183,.T.);
#819=ORIENTED_EDGE('',*,*,#1181,.T.);
#820=ORIENTED_EDGE('',*,*,#1196,.T.);
#821=ORIENTED_EDGE('',*,*,#1197,.T.);
#822=ORIENTED_EDGE('',*,*,#1198,.T.);
#823=ORIENTED_EDGE('',*,*,#1199,.T.);
#824=ORIENTED_EDGE('',*,*,#1200,.T.);
#825=ORIENTED_EDGE('',*,*,#1184,.T.);
#826=ORIENTED_EDGE('',*,*,#1186,.F.);
#827=ORIENTED_EDGE('',*,*,#1200,.F.);
#828=ORIENTED_EDGE('',*,*,#1201,.T.);
#829=ORIENTED_EDGE('',*,*,#1202,.F.);
#830=ORIENTED_EDGE('',*,*,#1202,.T.);
#831=ORIENTED_EDGE('',*,*,#1203,.T.);
#832=ORIENTED_EDGE('',*,*,#1204,.T.);
#833=ORIENTED_EDGE('',*,*,#1188,.T.);
#834=ORIENTED_EDGE('',*,*,#1190,.F.);
#835=ORIENTED_EDGE('',*,*,#1204,.F.);
#836=ORIENTED_EDGE('',*,*,#1205,.T.);
#837=ORIENTED_EDGE('',*,*,#1206,.F.);
#838=ORIENTED_EDGE('',*,*,#1206,.T.);
#839=ORIENTED_EDGE('',*,*,#1207,.T.);
#840=ORIENTED_EDGE('',*,*,#1208,.T.);
#841=ORIENTED_EDGE('',*,*,#1191,.T.);
#842=ORIENTED_EDGE('',*,*,#1193,.F.);
#843=ORIENTED_EDGE('',*,*,#1208,.F.);
#844=ORIENTED_EDGE('',*,*,#1209,.T.);
#845=ORIENTED_EDGE('',*,*,#1210,.F.);
#846=ORIENTED_EDGE('',*,*,#1210,.T.);
#847=ORIENTED_EDGE('',*,*,#1211,.T.);
#848=ORIENTED_EDGE('',*,*,#1212,.T.);
#849=ORIENTED_EDGE('',*,*,#1195,.T.);
#850=ORIENTED_EDGE('',*,*,#1197,.F.);
#851=ORIENTED_EDGE('',*,*,#1212,.F.);
#852=ORIENTED_EDGE('',*,*,#1213,.T.);
#853=ORIENTED_EDGE('',*,*,#1198,.F.);
#854=ORIENTED_EDGE('',*,*,#1214,.T.);
#855=ORIENTED_EDGE('',*,*,#1215,.T.);
#856=ORIENTED_EDGE('',*,*,#1199,.F.);
#857=ORIENTED_EDGE('',*,*,#1216,.T.);
#858=ORIENTED_EDGE('',*,*,#1217,.T.);
#859=ORIENTED_EDGE('',*,*,#1218,.T.);
#860=ORIENTED_EDGE('',*,*,#1201,.F.);
#861=ORIENTED_EDGE('',*,*,#1215,.F.);
#862=ORIENTED_EDGE('',*,*,#1219,.T.);
#863=ORIENTED_EDGE('',*,*,#1220,.T.);
#864=ORIENTED_EDGE('',*,*,#1203,.F.);
#865=ORIENTED_EDGE('',*,*,#1218,.F.);
#866=ORIENTED_EDGE('',*,*,#1221,.T.);
#867=ORIENTED_EDGE('',*,*,#1222,.T.);
#868=ORIENTED_EDGE('',*,*,#1205,.F.);
#869=ORIENTED_EDGE('',*,*,#1220,.F.);
#870=ORIENTED_EDGE('',*,*,#1207,.F.);
#871=ORIENTED_EDGE('',*,*,#1222,.F.);
#872=ORIENTED_EDGE('',*,*,#1223,.T.);
#873=ORIENTED_EDGE('',*,*,#1224,.T.);
#874=ORIENTED_EDGE('',*,*,#1209,.F.);
#875=ORIENTED_EDGE('',*,*,#1224,.F.);
#876=ORIENTED_EDGE('',*,*,#1225,.T.);
#877=ORIENTED_EDGE('',*,*,#1226,.T.);
#878=ORIENTED_EDGE('',*,*,#1211,.F.);
#879=ORIENTED_EDGE('',*,*,#1226,.F.);
#880=ORIENTED_EDGE('',*,*,#1227,.T.);
#881=ORIENTED_EDGE('',*,*,#1228,.T.);
#882=ORIENTED_EDGE('',*,*,#1229,.T.);
#883=ORIENTED_EDGE('',*,*,#1216,.F.);
#884=ORIENTED_EDGE('',*,*,#1213,.F.);
#885=ORIENTED_EDGE('',*,*,#1228,.F.);
#886=ORIENTED_EDGE('',*,*,#1227,.F.);
#887=ORIENTED_EDGE('',*,*,#1225,.F.);
#888=ORIENTED_EDGE('',*,*,#1223,.F.);
#889=ORIENTED_EDGE('',*,*,#1221,.F.);
#890=ORIENTED_EDGE('',*,*,#1219,.F.);
#891=ORIENTED_EDGE('',*,*,#1217,.F.);
#892=ORIENTED_EDGE('',*,*,#1214,.F.);
#893=ORIENTED_EDGE('',*,*,#1229,.F.);
#894=ORIENTED_EDGE('',*,*,#1125,.F.);
#895=ORIENTED_EDGE('',*,*,#1124,.F.);
#896=ORIENTED_EDGE('',*,*,#1230,.T.);
#897=ORIENTED_EDGE('',*,*,#1231,.F.);
#898=ORIENTED_EDGE('',*,*,#1232,.F.);
#899=ORIENTED_EDGE('',*,*,#1233,.F.);
#900=ORIENTED_EDGE('',*,*,#1230,.F.);
#901=ORIENTED_EDGE('',*,*,#1232,.T.);
#902=ORIENTED_EDGE('',*,*,#1231,.T.);
#903=ORIENTED_EDGE('',*,*,#1233,.T.);
#904=ORIENTED_EDGE('',*,*,#1234,.F.);
#905=ORIENTED_EDGE('',*,*,#1235,.F.);
#906=ORIENTED_EDGE('',*,*,#1236,.T.);
#907=ORIENTED_EDGE('',*,*,#1237,.T.);
#908=ORIENTED_EDGE('',*,*,#1238,.T.);
#909=ORIENTED_EDGE('',*,*,#1239,.T.);
#910=ORIENTED_EDGE('',*,*,#1240,.F.);
#911=ORIENTED_EDGE('',*,*,#1237,.F.);
#912=ORIENTED_EDGE('',*,*,#1241,.T.);
#913=ORIENTED_EDGE('',*,*,#1242,.F.);
#914=ORIENTED_EDGE('',*,*,#1234,.T.);
#915=ORIENTED_EDGE('',*,*,#1240,.T.);
#916=ORIENTED_EDGE('',*,*,#1243,.T.);
#917=ORIENTED_EDGE('',*,*,#1244,.T.);
#918=ORIENTED_EDGE('',*,*,#1235,.T.);
#919=ORIENTED_EDGE('',*,*,#1242,.T.);
#920=ORIENTED_EDGE('',*,*,#1244,.F.);
#921=ORIENTED_EDGE('',*,*,#1245,.T.);
#922=ORIENTED_EDGE('',*,*,#1238,.F.);
#923=ORIENTED_EDGE('',*,*,#1236,.F.);
#924=ORIENTED_EDGE('',*,*,#1243,.F.);
#925=ORIENTED_EDGE('',*,*,#1241,.F.);
#926=ORIENTED_EDGE('',*,*,#1239,.F.);
#927=ORIENTED_EDGE('',*,*,#1245,.F.);
#928=ORIENTED_EDGE('',*,*,#1246,.F.);
#929=ORIENTED_EDGE('',*,*,#1247,.F.);
#930=ORIENTED_EDGE('',*,*,#1248,.T.);
#931=ORIENTED_EDGE('',*,*,#1249,.T.);
#932=ORIENTED_EDGE('',*,*,#1250,.T.);
#933=ORIENTED_EDGE('',*,*,#1251,.T.);
#934=ORIENTED_EDGE('',*,*,#1252,.F.);
#935=ORIENTED_EDGE('',*,*,#1249,.F.);
#936=ORIENTED_EDGE('',*,*,#1253,.T.);
#937=ORIENTED_EDGE('',*,*,#1254,.F.);
#938=ORIENTED_EDGE('',*,*,#1246,.T.);
#939=ORIENTED_EDGE('',*,*,#1252,.T.);
#940=ORIENTED_EDGE('',*,*,#1255,.T.);
#941=ORIENTED_EDGE('',*,*,#1256,.T.);
#942=ORIENTED_EDGE('',*,*,#1247,.T.);
#943=ORIENTED_EDGE('',*,*,#1254,.T.);
#944=ORIENTED_EDGE('',*,*,#1256,.F.);
#945=ORIENTED_EDGE('',*,*,#1257,.T.);
#946=ORIENTED_EDGE('',*,*,#1250,.F.);
#947=ORIENTED_EDGE('',*,*,#1248,.F.);
#948=ORIENTED_EDGE('',*,*,#1255,.F.);
#949=ORIENTED_EDGE('',*,*,#1253,.F.);
#950=ORIENTED_EDGE('',*,*,#1251,.F.);
#951=ORIENTED_EDGE('',*,*,#1257,.F.);
#952=ORIENTED_EDGE('',*,*,#1258,.F.);
#953=ORIENTED_EDGE('',*,*,#1259,.T.);
#954=ORIENTED_EDGE('',*,*,#1260,.T.);
#955=ORIENTED_EDGE('',*,*,#1261,.F.);
#956=ORIENTED_EDGE('',*,*,#1262,.T.);
#957=ORIENTED_EDGE('',*,*,#1263,.F.);
#958=ORIENTED_EDGE('',*,*,#1261,.T.);
#959=ORIENTED_EDGE('',*,*,#1264,.T.);
#960=ORIENTED_EDGE('',*,*,#1265,.T.);
#961=ORIENTED_EDGE('',*,*,#1266,.T.);
#962=ORIENTED_EDGE('',*,*,#1258,.T.);
#963=ORIENTED_EDGE('',*,*,#1263,.T.);
#964=ORIENTED_EDGE('',*,*,#1266,.F.);
#965=ORIENTED_EDGE('',*,*,#1267,.T.);
#966=ORIENTED_EDGE('',*,*,#1268,.T.);
#967=ORIENTED_EDGE('',*,*,#1259,.F.);
#968=ORIENTED_EDGE('',*,*,#1268,.F.);
#969=ORIENTED_EDGE('',*,*,#1269,.T.);
#970=ORIENTED_EDGE('',*,*,#1264,.F.);
#971=ORIENTED_EDGE('',*,*,#1260,.F.);
#972=ORIENTED_EDGE('',*,*,#1267,.F.);
#973=ORIENTED_EDGE('',*,*,#1265,.F.);
#974=ORIENTED_EDGE('',*,*,#1262,.F.);
#975=ORIENTED_EDGE('',*,*,#1269,.F.);
#976=ORIENTED_EDGE('',*,*,#1270,.F.);
#977=ORIENTED_EDGE('',*,*,#1271,.F.);
#978=ORIENTED_EDGE('',*,*,#1272,.T.);
#979=ORIENTED_EDGE('',*,*,#1273,.F.);
#980=ORIENTED_EDGE('',*,*,#1272,.F.);
#981=ORIENTED_EDGE('',*,*,#1270,.T.);
#982=ORIENTED_EDGE('',*,*,#1273,.T.);
#983=ORIENTED_EDGE('',*,*,#1271,.T.);
#984=ORIENTED_EDGE('',*,*,#1274,.F.);
#985=ORIENTED_EDGE('',*,*,#1275,.T.);
#986=ORIENTED_EDGE('',*,*,#1276,.T.);
#987=ORIENTED_EDGE('',*,*,#1277,.F.);
#988=ORIENTED_EDGE('',*,*,#1278,.T.);
#989=ORIENTED_EDGE('',*,*,#1279,.F.);
#990=ORIENTED_EDGE('',*,*,#1277,.T.);
#991=ORIENTED_EDGE('',*,*,#1280,.T.);
#992=ORIENTED_EDGE('',*,*,#1281,.T.);
#993=ORIENTED_EDGE('',*,*,#1282,.T.);
#994=ORIENTED_EDGE('',*,*,#1274,.T.);
#995=ORIENTED_EDGE('',*,*,#1279,.T.);
#996=ORIENTED_EDGE('',*,*,#1282,.F.);
#997=ORIENTED_EDGE('',*,*,#1283,.T.);
#998=ORIENTED_EDGE('',*,*,#1284,.T.);
#999=ORIENTED_EDGE('',*,*,#1275,.F.);
#1000=ORIENTED_EDGE('',*,*,#1284,.F.);
#1001=ORIENTED_EDGE('',*,*,#1285,.T.);
#1002=ORIENTED_EDGE('',*,*,#1280,.F.);
#1003=ORIENTED_EDGE('',*,*,#1276,.F.);
#1004=ORIENTED_EDGE('',*,*,#1283,.F.);
#1005=ORIENTED_EDGE('',*,*,#1281,.F.);
#1006=ORIENTED_EDGE('',*,*,#1278,.F.);
#1007=ORIENTED_EDGE('',*,*,#1285,.F.);
#1008=ORIENTED_EDGE('',*,*,#1286,.F.);
#1009=ORIENTED_EDGE('',*,*,#1287,.T.);
#1010=ORIENTED_EDGE('',*,*,#1286,.T.);
#1011=ORIENTED_EDGE('',*,*,#1287,.F.);
#1012=EDGE_CURVE('',#1288,#1288,#1460,.T.);
#1013=EDGE_CURVE('',#1289,#1289,#1461,.T.);
#1014=EDGE_CURVE('',#1290,#1290,#1462,.T.);
#1015=EDGE_CURVE('',#1291,#1291,#1463,.T.);
#1016=EDGE_CURVE('',#1292,#1292,#1464,.T.);
#1017=EDGE_CURVE('',#1293,#1293,#1465,.T.);
#1018=EDGE_CURVE('',#1294,#1294,#1466,.T.);
#1019=EDGE_CURVE('',#1295,#1296,#132,.T.);
#1020=EDGE_CURVE('',#1297,#1296,#133,.T.);
#1021=EDGE_CURVE('',#1298,#1297,#134,.T.);
#1022=EDGE_CURVE('',#1298,#1295,#135,.T.);
#1023=EDGE_CURVE('',#1299,#1300,#136,.T.);
#1024=EDGE_CURVE('',#1300,#1301,#137,.T.);
#1025=EDGE_CURVE('',#1302,#1301,#138,.T.);
#1026=EDGE_CURVE('',#1299,#1302,#139,.T.);
#1027=EDGE_CURVE('',#1303,#1304,#140,.T.);
#1028=EDGE_CURVE('',#1305,#1304,#141,.T.);
#1029=EDGE_CURVE('',#1306,#1305,#142,.T.);
#1030=EDGE_CURVE('',#1306,#1303,#143,.T.);
#1031=EDGE_CURVE('',#1307,#1308,#144,.T.);
#1032=EDGE_CURVE('',#1308,#1309,#145,.T.);
#1033=EDGE_CURVE('',#1310,#1309,#146,.T.);
#1034=EDGE_CURVE('',#1307,#1310,#147,.T.);
#1035=EDGE_CURVE('',#1311,#1295,#148,.T.);
#1036=EDGE_CURVE('',#1312,#1298,#149,.T.);
#1037=EDGE_CURVE('',#1312,#1311,#150,.T.);
#1038=EDGE_CURVE('',#1296,#1313,#151,.T.);
#1039=EDGE_CURVE('',#1311,#1313,#152,.T.);
#1040=EDGE_CURVE('',#1313,#1314,#153,.T.);
#1041=EDGE_CURVE('',#1297,#1314,#154,.T.);
#1042=EDGE_CURVE('',#1314,#1312,#155,.T.);
#1043=EDGE_CURVE('',#1315,#1302,#156,.T.);
#1044=EDGE_CURVE('',#1315,#1316,#157,.T.);
#1045=EDGE_CURVE('',#1316,#1299,#158,.T.);
#1046=EDGE_CURVE('',#1317,#1300,#159,.T.);
#1047=EDGE_CURVE('',#1316,#1317,#160,.T.);
#1048=EDGE_CURVE('',#1301,#1318,#161,.T.);
#1049=EDGE_CURVE('',#1317,#1318,#162,.T.);
#1050=EDGE_CURVE('',#1318,#1315,#163,.T.);
#1051=EDGE_CURVE('',#1319,#1303,#164,.T.);
#1052=EDGE_CURVE('',#1320,#1306,#165,.T.);
#1053=EDGE_CURVE('',#1320,#1319,#166,.T.);
#1054=EDGE_CURVE('',#1304,#1321,#167,.T.);
#1055=EDGE_CURVE('',#1319,#1321,#168,.T.);
#1056=EDGE_CURVE('',#1321,#1322,#169,.T.);
#1057=EDGE_CURVE('',#1305,#1322,#170,.T.);
#1058=EDGE_CURVE('',#1322,#1320,#171,.T.);
#1059=EDGE_CURVE('',#1323,#1310,#172,.T.);
#1060=EDGE_CURVE('',#1323,#1324,#173,.T.);
#1061=EDGE_CURVE('',#1324,#1307,#174,.T.);
#1062=EDGE_CURVE('',#1325,#1308,#175,.T.);
#1063=EDGE_CURVE('',#1324,#1325,#176,.T.);
#1064=EDGE_CURVE('',#1309,#1326,#177,.T.);
#1065=EDGE_CURVE('',#1325,#1326,#178,.T.);
#1066=EDGE_CURVE('',#1326,#1323,#179,.T.);
#1067=EDGE_CURVE('',#1327,#1328,#1467,.T.);
#1068=EDGE_CURVE('',#1329,#1327,#180,.T.);
#1069=EDGE_CURVE('',#1330,#1329,#1468,.T.);
#1070=EDGE_CURVE('',#1331,#1330,#181,.T.);
#1071=EDGE_CURVE('',#1332,#1331,#1469,.T.);
#1072=EDGE_CURVE('',#1333,#1332,#182,.T.);
#1073=EDGE_CURVE('',#1334,#1333,#1470,.T.);
#1074=EDGE_CURVE('',#1328,#1334,#183,.T.);
#1075=EDGE_CURVE('',#1335,#1335,#1471,.T.);
#1076=EDGE_CURVE('',#1336,#1327,#70,.F.);
#1077=EDGE_CURVE('',#1336,#1337,#184,.T.);
#1078=EDGE_CURVE('',#1329,#1337,#1472,.T.);
#1079=EDGE_CURVE('',#1338,#1328,#1473,.T.);
#1080=EDGE_CURVE('',#1336,#1338,#71,.T.);
#1081=EDGE_CURVE('',#1339,#1334,#1474,.T.);
#1082=EDGE_CURVE('',#1339,#1338,#185,.T.);
#1083=EDGE_CURVE('',#1340,#1333,#1475,.T.);
#1084=EDGE_CURVE('',#1339,#1340,#1476,.T.);
#1085=EDGE_CURVE('',#1341,#1332,#1477,.T.);
#1086=EDGE_CURVE('',#1341,#1340,#186,.T.);
#1087=EDGE_CURVE('',#1342,#1331,#1478,.T.);
#1088=EDGE_CURVE('',#1341,#1342,#1479,.T.);
#1089=EDGE_CURVE('',#1343,#1330,#1480,.T.);
#1090=EDGE_CURVE('',#1343,#1342,#187,.T.);
#1091=EDGE_CURVE('',#1343,#1337,#1481,.T.);
#1092=EDGE_CURVE('',#1344,#1336,#188,.T.);
#1093=EDGE_CURVE('',#1345,#1344,#189,.T.);
#1094=EDGE_CURVE('',#1337,#1345,#190,.T.);
#1095=EDGE_CURVE('',#1338,#1346,#191,.T.);
#1096=EDGE_CURVE('',#1344,#1346,#72,.F.);
#1097=EDGE_CURVE('',#1346,#1347,#192,.T.);
#1098=EDGE_CURVE('',#1347,#1339,#193,.T.);
#1099=EDGE_CURVE('',#1340,#1348,#194,.T.);
#1100=EDGE_CURVE('',#1347,#1348,#1482,.T.);
#1101=EDGE_CURVE('',#1349,#1341,#195,.T.);
#1102=EDGE_CURVE('',#1348,#1349,#196,.T.);
#1103=EDGE_CURVE('',#1342,#1350,#197,.T.);
#1104=EDGE_CURVE('',#1349,#1350,#73,.F.);
#1105=EDGE_CURVE('',#1351,#1343,#198,.T.);
#1106=EDGE_CURVE('',#1350,#1351,#199,.T.);
#1107=EDGE_CURVE('',#1351,#1345,#74,.F.);
#1108=EDGE_CURVE('',#1352,#1344,#75,.F.);
#1109=EDGE_CURVE('',#1353,#1352,#200,.T.);
#1110=EDGE_CURVE('',#1345,#1353,#1483,.T.);
#1111=EDGE_CURVE('',#1354,#1346,#1484,.T.);
#1112=EDGE_CURVE('',#1352,#1354,#1485,.T.);
#1113=EDGE_CURVE('',#1355,#1347,#1486,.T.);
#1114=EDGE_CURVE('',#1354,#1355,#201,.T.);
#1115=EDGE_CURVE('',#1356,#1348,#1487,.T.);
#1116=EDGE_CURVE('',#1355,#1356,#1488,.T.);
#1117=EDGE_CURVE('',#1357,#1349,#76,.F.);
#1118=EDGE_CURVE('',#1356,#1357,#202,.T.);
#1119=EDGE_CURVE('',#1358,#1350,#1489,.T.);
#1120=EDGE_CURVE('',#1357,#1358,#1490,.T.);
#1121=EDGE_CURVE('',#1359,#1351,#77,.F.);
#1122=EDGE_CURVE('',#1358,#1359,#203,.T.);
#1123=EDGE_CURVE('',#1359,#1353,#1491,.T.);
#1124=EDGE_CURVE('',#1360,#1360,#1492,.T.);
#1125=EDGE_CURVE('',#1361,#1361,#1493,.T.);
#1126=EDGE_CURVE('',#1362,#1363,#204,.T.);
#1127=EDGE_CURVE('',#1364,#1362,#1494,.T.);
#1128=EDGE_CURVE('',#1365,#1364,#205,.T.);
#1129=EDGE_CURVE('',#1366,#1365,#1495,.T.);
#1130=EDGE_CURVE('',#1367,#1366,#206,.T.);
#1131=EDGE_CURVE('',#1368,#1367,#1496,.T.);
#1132=EDGE_CURVE('',#1369,#1368,#207,.T.);
#1133=EDGE_CURVE('',#1363,#1369,#1497,.T.);
#1134=EDGE_CURVE('',#1363,#1370,#1498,.T.);
#1135=EDGE_CURVE('',#1371,#1369,#1499,.T.);
#1136=EDGE_CURVE('',#1370,#1371,#1500,.T.);
#1137=EDGE_CURVE('',#1362,#1372,#1501,.T.);
#1138=EDGE_CURVE('',#1370,#1372,#208,.T.);
#1139=EDGE_CURVE('',#1364,#1373,#1502,.T.);
#1140=EDGE_CURVE('',#1373,#1372,#1503,.T.);
#1141=EDGE_CURVE('',#1365,#1374,#1504,.T.);
#1142=EDGE_CURVE('',#1373,#1374,#209,.T.);
#1143=EDGE_CURVE('',#1366,#1375,#1505,.T.);
#1144=EDGE_CURVE('',#1375,#1374,#1506,.T.);
#1145=EDGE_CURVE('',#1375,#1376,#210,.T.);
#1146=EDGE_CURVE('',#1367,#1376,#1507,.T.);
#1147=EDGE_CURVE('',#1377,#1376,#1508,.T.);
#1148=EDGE_CURVE('',#1368,#1377,#1509,.T.);
#1149=EDGE_CURVE('',#1377,#1371,#211,.T.);
#1150=EDGE_CURVE('',#1378,#1370,#212,.T.);
#1151=EDGE_CURVE('',#1371,#1379,#213,.T.);
#1152=EDGE_CURVE('',#1379,#1378,#1510,.T.);
#1153=EDGE_CURVE('',#1378,#1380,#214,.T.);
#1154=EDGE_CURVE('',#1372,#1380,#215,.T.);
#1155=EDGE_CURVE('',#1381,#1373,#216,.T.);
#1156=EDGE_CURVE('',#1380,#1381,#1511,.T.);
#1157=EDGE_CURVE('',#1381,#1382,#217,.T.);
#1158=EDGE_CURVE('',#1374,#1382,#218,.T.);
#1159=EDGE_CURVE('',#1383,#1375,#219,.T.);
#1160=EDGE_CURVE('',#1382,#1383,#1512,.T.);
#1161=EDGE_CURVE('',#1383,#1384,#220,.T.);
#1162=EDGE_CURVE('',#1376,#1384,#221,.T.);
#1163=EDGE_CURVE('',#1385,#1377,#222,.T.);
#1164=EDGE_CURVE('',#1384,#1385,#1513,.T.);
#1165=EDGE_CURVE('',#1385,#1379,#223,.T.);
#1166=EDGE_CURVE('',#1386,#1387,#78,.F.);
#1167=EDGE_CURVE('',#1386,#1378,#1514,.T.);
#1168=EDGE_CURVE('',#1379,#1387,#1515,.T.);
#1169=EDGE_CURVE('',#1388,#1386,#224,.T.);
#1170=EDGE_CURVE('',#1388,#1380,#1516,.T.);
#1171=EDGE_CURVE('',#1389,#1388,#79,.F.);
#1172=EDGE_CURVE('',#1389,#1381,#1517,.T.);
#1173=EDGE_CURVE('',#1390,#1389,#225,.T.);
#1174=EDGE_CURVE('',#1390,#1382,#1518,.T.);
#1175=EDGE_CURVE('',#1391,#1390,#80,.F.);
#1176=EDGE_CURVE('',#1391,#1383,#1519,.T.);
#1177=EDGE_CURVE('',#1392,#1391,#226,.T.);
#1178=EDGE_CURVE('',#1392,#1384,#1520,.T.);
#1179=EDGE_CURVE('',#1393,#1392,#81,.F.);
#1180=EDGE_CURVE('',#1393,#1385,#1521,.T.);
#1181=EDGE_CURVE('',#1387,#1393,#227,.T.);
#1182=EDGE_CURVE('',#1386,#1394,#1522,.F.);
#1183=EDGE_CURVE('',#1395,#1387,#1523,.T.);
#1184=EDGE_CURVE('',#1394,#1395,#82,.T.);
#1185=EDGE_CURVE('',#1388,#1396,#1524,.F.);
#1186=EDGE_CURVE('',#1394,#1396,#228,.T.);
#1187=EDGE_CURVE('',#1389,#1397,#1525,.F.);
#1188=EDGE_CURVE('',#1397,#1396,#83,.T.);
#1189=EDGE_CURVE('',#1390,#1398,#1526,.F.);
#1190=EDGE_CURVE('',#1397,#1398,#229,.T.);
#1191=EDGE_CURVE('',#1399,#1398,#84,.T.);
#1192=EDGE_CURVE('',#1391,#1399,#1527,.F.);
#1193=EDGE_CURVE('',#1399,#1400,#230,.T.);
#1194=EDGE_CURVE('',#1392,#1400,#1528,.F.);
#1195=EDGE_CURVE('',#1401,#1400,#85,.T.);
#1196=EDGE_CURVE('',#1393,#1401,#1529,.F.);
#1197=EDGE_CURVE('',#1401,#1395,#231,.T.);
#1198=EDGE_CURVE('',#1395,#1402,#232,.T.);
#1199=EDGE_CURVE('',#1402,#1403,#1530,.T.);
#1200=EDGE_CURVE('',#1403,#1394,#233,.T.);
#1201=EDGE_CURVE('',#1403,#1404,#234,.T.);
#1202=EDGE_CURVE('',#1396,#1404,#235,.T.);
#1203=EDGE_CURVE('',#1404,#1405,#1531,.T.);
#1204=EDGE_CURVE('',#1405,#1397,#236,.T.);
#1205=EDGE_CURVE('',#1405,#1406,#237,.T.);
#1206=EDGE_CURVE('',#1398,#1406,#238,.T.);
#1207=EDGE_CURVE('',#1406,#1407,#1532,.T.);
#1208=EDGE_CURVE('',#1407,#1399,#239,.T.);
#1209=EDGE_CURVE('',#1407,#1408,#240,.T.);
#1210=EDGE_CURVE('',#1400,#1408,#241,.T.);
#1211=EDGE_CURVE('',#1408,#1409,#1533,.T.);
#1212=EDGE_CURVE('',#1409,#1401,#242,.T.);
#1213=EDGE_CURVE('',#1409,#1402,#243,.T.);
#1214=EDGE_CURVE('',#1410,#1411,#1534,.T.);
#1215=EDGE_CURVE('',#1411,#1403,#1535,.T.);
#1216=EDGE_CURVE('',#1402,#1410,#1536,.T.);
#1217=EDGE_CURVE('',#1411,#1412,#244,.T.);
#1218=EDGE_CURVE('',#1412,#1404,#1537,.T.);
#1219=EDGE_CURVE('',#1412,#1413,#1538,.T.);
#1220=EDGE_CURVE('',#1413,#1405,#1539,.T.);
#1221=EDGE_CURVE('',#1413,#1414,#245,.T.);
#1222=EDGE_CURVE('',#1414,#1406,#1540,.T.);
#1223=EDGE_CURVE('',#1414,#1415,#1541,.T.);
#1224=EDGE_CURVE('',#1415,#1407,#1542,.T.);
#1225=EDGE_CURVE('',#1415,#1416,#246,.T.);
#1226=EDGE_CURVE('',#1416,#1408,#1543,.T.);
#1227=EDGE_CURVE('',#1416,#1417,#1544,.T.);
#1228=EDGE_CURVE('',#1417,#1409,#1545,.T.);
#1229=EDGE_CURVE('',#1417,#1410,#247,.T.);
#1230=EDGE_CURVE('',#1418,#1418,#1546,.T.);
#1231=EDGE_CURVE('',#1419,#1419,#1547,.T.);
#1232=EDGE_CURVE('',#1420,#1420,#1548,.T.);
#1233=EDGE_CURVE('',#1421,#1421,#1549,.T.);
#1234=EDGE_CURVE('',#1422,#1423,#248,.T.);
#1235=EDGE_CURVE('',#1424,#1422,#249,.T.);
#1236=EDGE_CURVE('',#1424,#1425,#250,.T.);
#1237=EDGE_CURVE('',#1425,#1423,#251,.T.);
#1238=EDGE_CURVE('',#1425,#1426,#252,.T.);
#1239=EDGE_CURVE('',#1426,#1427,#253,.T.);
#1240=EDGE_CURVE('',#1423,#1427,#254,.T.);
#1241=EDGE_CURVE('',#1427,#1428,#255,.T.);
#1242=EDGE_CURVE('',#1422,#1428,#256,.T.);
#1243=EDGE_CURVE('',#1428,#1429,#257,.T.);
#1244=EDGE_CURVE('',#1429,#1424,#258,.T.);
#1245=EDGE_CURVE('',#1429,#1426,#259,.T.);
#1246=EDGE_CURVE('',#1430,#1431,#260,.T.);
#1247=EDGE_CURVE('',#1432,#1430,#261,.T.);
#1248=EDGE_CURVE('',#1432,#1433,#262,.T.);
#1249=EDGE_CURVE('',#1433,#1431,#263,.T.);
#1250=EDGE_CURVE('',#1433,#1434,#264,.T.);
#1251=EDGE_CURVE('',#1434,#1435,#265,.T.);
#1252=EDGE_CURVE('',#1431,#1435,#266,.T.);
#1253=EDGE_CURVE('',#1435,#1436,#267,.T.);
#1254=EDGE_CURVE('',#1430,#1436,#268,.T.);
#1255=EDGE_CURVE('',#1436,#1437,#269,.T.);
#1256=EDGE_CURVE('',#1437,#1432,#270,.T.);
#1257=EDGE_CURVE('',#1437,#1434,#271,.T.);
#1258=EDGE_CURVE('',#1438,#1439,#272,.T.);
#1259=EDGE_CURVE('',#1438,#1440,#273,.T.);
#1260=EDGE_CURVE('',#1440,#1441,#274,.T.);
#1261=EDGE_CURVE('',#1439,#1441,#275,.T.);
#1262=EDGE_CURVE('',#1442,#1443,#276,.T.);
#1263=EDGE_CURVE('',#1439,#1443,#277,.T.);
#1264=EDGE_CURVE('',#1441,#1442,#278,.T.);
#1265=EDGE_CURVE('',#1443,#1444,#279,.T.);
#1266=EDGE_CURVE('',#1444,#1438,#280,.T.);
#1267=EDGE_CURVE('',#1444,#1445,#281,.T.);
#1268=EDGE_CURVE('',#1445,#1440,#282,.T.);
#1269=EDGE_CURVE('',#1445,#1442,#283,.T.);
#1270=EDGE_CURVE('',#1446,#1446,#1550,.T.);
#1271=EDGE_CURVE('',#1447,#1447,#1551,.T.);
#1272=EDGE_CURVE('',#1448,#1448,#1552,.T.);
#1273=EDGE_CURVE('',#1449,#1449,#1553,.T.);
#1274=EDGE_CURVE('',#1450,#1451,#284,.T.);
#1275=EDGE_CURVE('',#1450,#1452,#285,.T.);
#1276=EDGE_CURVE('',#1452,#1453,#286,.T.);
#1277=EDGE_CURVE('',#1451,#1453,#287,.T.);
#1278=EDGE_CURVE('',#1454,#1455,#288,.T.);
#1279=EDGE_CURVE('',#1451,#1455,#289,.T.);
#1280=EDGE_CURVE('',#1453,#1454,#290,.T.);
#1281=EDGE_CURVE('',#1455,#1456,#291,.T.);
#1282=EDGE_CURVE('',#1456,#1450,#292,.T.);
#1283=EDGE_CURVE('',#1456,#1457,#293,.T.);
#1284=EDGE_CURVE('',#1457,#1452,#294,.T.);
#1285=EDGE_CURVE('',#1457,#1454,#295,.T.);
#1286=EDGE_CURVE('',#1458,#1458,#1554,.T.);
#1287=EDGE_CURVE('',#1459,#1459,#1555,.T.);
#1288=VERTEX_POINT('',#3087);
#1289=VERTEX_POINT('',#3090);
#1290=VERTEX_POINT('',#3092);
#1291=VERTEX_POINT('',#3095);
#1292=VERTEX_POINT('',#3097);
#1293=VERTEX_POINT('',#3100);
#1294=VERTEX_POINT('',#3102);
#1295=VERTEX_POINT('',#3105);
#1296=VERTEX_POINT('',#3106);
#1297=VERTEX_POINT('',#3108);
#1298=VERTEX_POINT('',#3110);
#1299=VERTEX_POINT('',#3114);
#1300=VERTEX_POINT('',#3115);
#1301=VERTEX_POINT('',#3117);
#1302=VERTEX_POINT('',#3119);
#1303=VERTEX_POINT('',#3123);
#1304=VERTEX_POINT('',#3124);
#1305=VERTEX_POINT('',#3126);
#1306=VERTEX_POINT('',#3128);
#1307=VERTEX_POINT('',#3132);
#1308=VERTEX_POINT('',#3133);
#1309=VERTEX_POINT('',#3135);
#1310=VERTEX_POINT('',#3137);
#1311=VERTEX_POINT('',#3141);
#1312=VERTEX_POINT('',#3143);
#1313=VERTEX_POINT('',#3147);
#1314=VERTEX_POINT('',#3151);
#1315=VERTEX_POINT('',#3157);
#1316=VERTEX_POINT('',#3159);
#1317=VERTEX_POINT('',#3163);
#1318=VERTEX_POINT('',#3167);
#1319=VERTEX_POINT('',#3173);
#1320=VERTEX_POINT('',#3175);
#1321=VERTEX_POINT('',#3179);
#1322=VERTEX_POINT('',#3183);
#1323=VERTEX_POINT('',#3189);
#1324=VERTEX_POINT('',#3191);
#1325=VERTEX_POINT('',#3195);
#1326=VERTEX_POINT('',#3199);
#1327=VERTEX_POINT('',#3205);
#1328=VERTEX_POINT('',#3206);
#1329=VERTEX_POINT('',#3208);
#1330=VERTEX_POINT('',#3210);
#1331=VERTEX_POINT('',#3212);
#1332=VERTEX_POINT('',#3214);
#1333=VERTEX_POINT('',#3216);
#1334=VERTEX_POINT('',#3218);
#1335=VERTEX_POINT('',#3221);
#1336=VERTEX_POINT('',#3227);
#1337=VERTEX_POINT('',#3229);
#1338=VERTEX_POINT('',#3233);
#1339=VERTEX_POINT('',#3240);
#1340=VERTEX_POINT('',#3244);
#1341=VERTEX_POINT('',#3248);
#1342=VERTEX_POINT('',#3252);
#1343=VERTEX_POINT('',#3256);
#1344=VERTEX_POINT('',#3262);
#1345=VERTEX_POINT('',#3264);
#1346=VERTEX_POINT('',#3268);
#1347=VERTEX_POINT('',#3275);
#1348=VERTEX_POINT('',#3279);
#1349=VERTEX_POINT('',#3283);
#1350=VERTEX_POINT('',#3287);
#1351=VERTEX_POINT('',#3294);
#1352=VERTEX_POINT('',#3306);
#1353=VERTEX_POINT('',#3308);
#1354=VERTEX_POINT('',#3312);
#1355=VERTEX_POINT('',#3316);
#1356=VERTEX_POINT('',#3320);
#1357=VERTEX_POINT('',#3327);
#1358=VERTEX_POINT('',#3331);
#1359=VERTEX_POINT('',#3338);
#1360=VERTEX_POINT('',#3350);
#1361=VERTEX_POINT('',#3353);
#1362=VERTEX_POINT('',#3355);
#1363=VERTEX_POINT('',#3356);
#1364=VERTEX_POINT('',#3358);
#1365=VERTEX_POINT('',#3360);
#1366=VERTEX_POINT('',#3362);
#1367=VERTEX_POINT('',#3364);
#1368=VERTEX_POINT('',#3366);
#1369=VERTEX_POINT('',#3368);
#1370=VERTEX_POINT('',#3372);
#1371=VERTEX_POINT('',#3374);
#1372=VERTEX_POINT('',#3378);
#1373=VERTEX_POINT('',#3382);
#1374=VERTEX_POINT('',#3386);
#1375=VERTEX_POINT('',#3390);
#1376=VERTEX_POINT('',#3394);
#1377=VERTEX_POINT('',#3398);
#1378=VERTEX_POINT('',#3404);
#1379=VERTEX_POINT('',#3406);
#1380=VERTEX_POINT('',#3410);
#1381=VERTEX_POINT('',#3414);
#1382=VERTEX_POINT('',#3418);
#1383=VERTEX_POINT('',#3422);
#1384=VERTEX_POINT('',#3426);
#1385=VERTEX_POINT('',#3430);
#1386=VERTEX_POINT('',#3439);
#1387=VERTEX_POINT('',#3440);
#1388=VERTEX_POINT('',#3445);
#1389=VERTEX_POINT('',#3452);
#1390=VERTEX_POINT('',#3456);
#1391=VERTEX_POINT('',#3463);
#1392=VERTEX_POINT('',#3467);
#1393=VERTEX_POINT('',#3474);
#1394=VERTEX_POINT('',#3480);
#1395=VERTEX_POINT('',#3482);
#1396=VERTEX_POINT('',#3494);
#1397=VERTEX_POINT('',#3498);
#1398=VERTEX_POINT('',#3510);
#1399=VERTEX_POINT('',#3522);
#1400=VERTEX_POINT('',#3526);
#1401=VERTEX_POINT('',#3538);
#1402=VERTEX_POINT('',#3544);
#1403=VERTEX_POINT('',#3546);
#1404=VERTEX_POINT('',#3550);
#1405=VERTEX_POINT('',#3554);
#1406=VERTEX_POINT('',#3558);
#1407=VERTEX_POINT('',#3562);
#1408=VERTEX_POINT('',#3566);
#1409=VERTEX_POINT('',#3570);
#1410=VERTEX_POINT('',#3576);
#1411=VERTEX_POINT('',#3577);
#1412=VERTEX_POINT('',#3582);
#1413=VERTEX_POINT('',#3586);
#1414=VERTEX_POINT('',#3590);
#1415=VERTEX_POINT('',#3594);
#1416=VERTEX_POINT('',#3598);
#1417=VERTEX_POINT('',#3602);
#1418=VERTEX_POINT('',#3611);
#1419=VERTEX_POINT('',#3613);
#1420=VERTEX_POINT('',#3616);
#1421=VERTEX_POINT('',#3618);
#1422=VERTEX_POINT('',#3623);
#1423=VERTEX_POINT('',#3624);
#1424=VERTEX_POINT('',#3626);
#1425=VERTEX_POINT('',#3628);
#1426=VERTEX_POINT('',#3632);
#1427=VERTEX_POINT('',#3634);
#1428=VERTEX_POINT('',#3638);
#1429=VERTEX_POINT('',#3642);
#1430=VERTEX_POINT('',#3649);
#1431=VERTEX_POINT('',#3650);
#1432=VERTEX_POINT('',#3652);
#1433=VERTEX_POINT('',#3654);
#1434=VERTEX_POINT('',#3658);
#1435=VERTEX_POINT('',#3660);
#1436=VERTEX_POINT('',#3664);
#1437=VERTEX_POINT('',#3668);
#1438=VERTEX_POINT('',#3675);
#1439=VERTEX_POINT('',#3676);
#1440=VERTEX_POINT('',#3678);
#1441=VERTEX_POINT('',#3680);
#1442=VERTEX_POINT('',#3684);
#1443=VERTEX_POINT('',#3685);
#1444=VERTEX_POINT('',#3690);
#1445=VERTEX_POINT('',#3694);
#1446=VERTEX_POINT('',#3701);
#1447=VERTEX_POINT('',#3703);
#1448=VERTEX_POINT('',#3706);
#1449=VERTEX_POINT('',#3708);
#1450=VERTEX_POINT('',#3713);
#1451=VERTEX_POINT('',#3714);
#1452=VERTEX_POINT('',#3716);
#1453=VERTEX_POINT('',#3718);
#1454=VERTEX_POINT('',#3722);
#1455=VERTEX_POINT('',#3723);
#1456=VERTEX_POINT('',#3728);
#1457=VERTEX_POINT('',#3732);
#1458=VERTEX_POINT('',#3740);
#1459=VERTEX_POINT('',#3743);
#1460=CIRCLE('',#2193,0.3);
#1461=CIRCLE('',#2195,0.3);
#1462=CIRCLE('',#2196,0.35);
#1463=CIRCLE('',#2198,0.35);
#1464=CIRCLE('',#2199,0.6);
#1465=CIRCLE('',#2201,0.6);
#1466=CIRCLE('',#2202,1.);
#1467=CIRCLE('',#2224,0.0399999999964234);
#1468=CIRCLE('',#2225,0.03);
#1469=CIRCLE('',#2226,0.0299999999999997);
#1470=CIRCLE('',#2227,0.0299999999999994);
#1471=CIRCLE('',#2228,1.);
#1472=CIRCLE('',#2230,0.0200000000000001);
#1473=CIRCLE('',#2232,0.0199999999999998);
#1474=CIRCLE('',#2234,0.0199999999999995);
#1475=CIRCLE('',#2236,0.0199999999999995);
#1476=CIRCLE('',#2237,0.0499999999999999);
#1477=CIRCLE('',#2239,0.0200000000000001);
#1478=CIRCLE('',#2241,0.0200000000000001);
#1479=CIRCLE('',#2242,0.0499999999999999);
#1480=CIRCLE('',#2244,0.0200000000000001);
#1481=CIRCLE('',#2246,0.0499999999999999);
#1482=CIRCLE('',#2251,0.0499999999999999);
#1483=CIRCLE('',#2257,0.0199999999999997);
#1484=CIRCLE('',#2259,0.0200000000000001);
#1485=CIRCLE('',#2260,0.0399999999964235);
#1486=CIRCLE('',#2262,0.0200000000000003);
#1487=CIRCLE('',#2264,0.0200000000000003);
#1488=CIRCLE('',#2265,0.0299999999999996);
#1489=CIRCLE('',#2268,0.0199999999999996);
#1490=CIRCLE('',#2269,0.039999999996423);
#1491=CIRCLE('',#2272,0.0399999999964229);
#1492=CIRCLE('',#2280,0.125);
#1493=CIRCLE('',#2282,0.125);
#1494=CIRCLE('',#2283,0.025);
#1495=CIRCLE('',#2284,0.0250000000000008);
#1496=CIRCLE('',#2285,0.0249999999999995);
#1497=CIRCLE('',#2286,0.0249999999999996);
#1498=CIRCLE('',#2288,0.0750000000000003);
#1499=CIRCLE('',#2289,0.0750000000000003);
#1500=CIRCLE('',#2290,0.0999999999999998);
#1501=CIRCLE('',#2292,0.0750000000000001);
#1502=CIRCLE('',#2294,0.0750000000000001);
#1503=CIRCLE('',#2295,0.1);
#1504=CIRCLE('',#2297,0.0749999999999997);
#1505=CIRCLE('',#2299,0.0749999999999997);
#1506=CIRCLE('',#2300,0.1);
#1507=CIRCLE('',#2302,0.0750000000000003);
#1508=CIRCLE('',#2304,0.1);
#1509=CIRCLE('',#2305,0.0750000000000003);
#1510=CIRCLE('',#2308,0.0999999999999998);
#1511=CIRCLE('',#2311,0.1);
#1512=CIRCLE('',#2314,0.1);
#1513=CIRCLE('',#2317,0.1);
#1514=CIRCLE('',#2320,0.0749999999999993);
#1515=CIRCLE('',#2321,0.0749999999999993);
#1516=CIRCLE('',#2323,0.0749999999999992);
#1517=CIRCLE('',#2325,0.0749999999999992);
#1518=CIRCLE('',#2327,0.0750000000000005);
#1519=CIRCLE('',#2329,0.0750000000000005);
#1520=CIRCLE('',#2331,0.0750000000000005);
#1521=CIRCLE('',#2333,0.0750000000000005);
#1522=CIRCLE('',#2336,0.0100000000000003);
#1523=CIRCLE('',#2337,0.0100000000000003);
#1524=CIRCLE('',#2339,0.00999999999999989);
#1525=CIRCLE('',#2341,0.00999999999999989);
#1526=CIRCLE('',#2343,0.010000000000001);
#1527=CIRCLE('',#2345,0.010000000000001);
#1528=CIRCLE('',#2347,0.0100000000000001);
#1529=CIRCLE('',#2349,0.0100000000000001);
#1530=CIRCLE('',#2352,0.15);
#1531=CIRCLE('',#2355,0.15);
#1532=CIRCLE('',#2358,0.15);
#1533=CIRCLE('',#2361,0.15);
#1534=CIRCLE('',#2364,0.16);
#1535=CIRCLE('',#2365,0.0100000000000001);
#1536=CIRCLE('',#2366,0.0100000000000001);
#1537=CIRCLE('',#2368,0.0100000000000001);
#1538=CIRCLE('',#2370,0.16);
#1539=CIRCLE('',#2371,0.0100000000000001);
#1540=CIRCLE('',#2373,0.0100000000000002);
#1541=CIRCLE('',#2375,0.16);
#1542=CIRCLE('',#2376,0.0100000000000002);
#1543=CIRCLE('',#2378,0.00999999999999977);
#1544=CIRCLE('',#2380,0.159999999999999);
#1545=CIRCLE('',#2381,0.00999999999999977);
#1546=CIRCLE('',#2387,0.6);
#1547=CIRCLE('',#2388,1.);
#1548=CIRCLE('',#2390,0.6);
#1549=CIRCLE('',#2391,1.);
#1550=CIRCLE('',#2413,0.3);
#1551=CIRCLE('',#2414,0.35);
#1552=CIRCLE('',#2416,0.3);
#1553=CIRCLE('',#2417,0.35);
#1554=CIRCLE('',#2428,0.125);
#1555=CIRCLE('',#2430,0.125);
#1556=EDGE_LOOP('',(#460));
#1557=EDGE_LOOP('',(#461));
#1558=EDGE_LOOP('',(#462));
#1559=EDGE_LOOP('',(#463));
#1560=EDGE_LOOP('',(#464));
#1561=EDGE_LOOP('',(#465));
#1562=EDGE_LOOP('',(#466));
#1563=EDGE_LOOP('',(#467,#468,#469,#470));
#1564=EDGE_LOOP('',(#471,#472,#473,#474));
#1565=EDGE_LOOP('',(#475,#476,#477,#478));
#1566=EDGE_LOOP('',(#479,#480,#481,#482));
#1567=EDGE_LOOP('',(#483,#484,#485,#486));
#1568=EDGE_LOOP('',(#487,#488,#489,#490));
#1569=EDGE_LOOP('',(#491,#492,#493,#494));
#1570=EDGE_LOOP('',(#495,#496,#497,#498));
#1571=EDGE_LOOP('',(#499,#500,#501,#502));
#1572=EDGE_LOOP('',(#503,#504,#505,#506));
#1573=EDGE_LOOP('',(#507,#508,#509,#510));
#1574=EDGE_LOOP('',(#511,#512,#513,#514));
#1575=EDGE_LOOP('',(#515,#516,#517,#518));
#1576=EDGE_LOOP('',(#519,#520,#521,#522));
#1577=EDGE_LOOP('',(#523,#524,#525,#526));
#1578=EDGE_LOOP('',(#527,#528,#529,#530));
#1579=EDGE_LOOP('',(#531,#532,#533,#534));
#1580=EDGE_LOOP('',(#535,#536,#537,#538));
#1581=EDGE_LOOP('',(#539,#540,#541,#542));
#1582=EDGE_LOOP('',(#543,#544,#545,#546));
#1583=EDGE_LOOP('',(#547,#548,#549,#550,#551,#552,#553,#554));
#1584=EDGE_LOOP('',(#555));
#1585=EDGE_LOOP('',(#556,#557,#558,#559));
#1586=EDGE_LOOP('',(#560,#561,#562,#563));
#1587=EDGE_LOOP('',(#564,#565,#566,#567));
#1588=EDGE_LOOP('',(#568,#569,#570,#571));
#1589=EDGE_LOOP('',(#572,#573,#574,#575));
#1590=EDGE_LOOP('',(#576,#577,#578,#579));
#1591=EDGE_LOOP('',(#580,#581,#582,#583));
#1592=EDGE_LOOP('',(#584,#585,#586,#587));
#1593=EDGE_LOOP('',(#588,#589,#590,#591));
#1594=EDGE_LOOP('',(#592,#593,#594,#595));
#1595=EDGE_LOOP('',(#596,#597,#598,#599));
#1596=EDGE_LOOP('',(#600,#601,#602,#603));
#1597=EDGE_LOOP('',(#604,#605,#606,#607));
#1598=EDGE_LOOP('',(#608,#609,#610,#611));
#1599=EDGE_LOOP('',(#612,#613,#614,#615));
#1600=EDGE_LOOP('',(#616,#617,#618,#619));
#1601=EDGE_LOOP('',(#620,#621,#622,#623));
#1602=EDGE_LOOP('',(#624,#625,#626,#627));
#1603=EDGE_LOOP('',(#628,#629,#630,#631));
#1604=EDGE_LOOP('',(#632,#633,#634,#635));
#1605=EDGE_LOOP('',(#636,#637,#638,#639));
#1606=EDGE_LOOP('',(#640,#641,#642,#643));
#1607=EDGE_LOOP('',(#644,#645,#646,#647));
#1608=EDGE_LOOP('',(#648,#649,#650,#651));
#1609=EDGE_LOOP('',(#652,#653,#654,#655));
#1610=EDGE_LOOP('',(#656,#657,#658,#659));
#1611=EDGE_LOOP('',(#660,#661,#662,#663));
#1612=EDGE_LOOP('',(#664,#665,#666,#667));
#1613=EDGE_LOOP('',(#668,#669,#670,#671,#672,#673,#674,#675));
#1614=EDGE_LOOP('',(#676));
#1615=EDGE_LOOP('',(#677));
#1616=EDGE_LOOP('',(#678));
#1617=EDGE_LOOP('',(#679));
#1618=EDGE_LOOP('',(#680));
#1619=EDGE_LOOP('',(#681));
#1620=EDGE_LOOP('',(#682));
#1621=EDGE_LOOP('',(#683));
#1622=EDGE_LOOP('',(#684));
#1623=EDGE_LOOP('',(#685));
#1624=EDGE_LOOP('',(#686,#687,#688,#689,#690,#691,#692,#693));
#1625=EDGE_LOOP('',(#694,#695,#696,#697));
#1626=EDGE_LOOP('',(#698,#699,#700,#701));
#1627=EDGE_LOOP('',(#702,#703,#704,#705));
#1628=EDGE_LOOP('',(#706,#707,#708,#709));
#1629=EDGE_LOOP('',(#710,#711,#712,#713));
#1630=EDGE_LOOP('',(#714,#715,#716,#717));
#1631=EDGE_LOOP('',(#718,#719,#720,#721));
#1632=EDGE_LOOP('',(#722,#723,#724,#725));
#1633=EDGE_LOOP('',(#726,#727,#728,#729));
#1634=EDGE_LOOP('',(#730,#731,#732,#733));
#1635=EDGE_LOOP('',(#734,#735,#736,#737));
#1636=EDGE_LOOP('',(#738,#739,#740,#741));
#1637=EDGE_LOOP('',(#742,#743,#744,#745));
#1638=EDGE_LOOP('',(#746,#747,#748,#749));
#1639=EDGE_LOOP('',(#750,#751,#752,#753));
#1640=EDGE_LOOP('',(#754,#755,#756,#757));
#1641=EDGE_LOOP('',(#758,#759,#760,#761));
#1642=EDGE_LOOP('',(#762,#763,#764,#765));
#1643=EDGE_LOOP('',(#766,#767,#768,#769));
#1644=EDGE_LOOP('',(#770,#771,#772,#773));
#1645=EDGE_LOOP('',(#774,#775,#776,#777));
#1646=EDGE_LOOP('',(#778,#779,#780,#781));
#1647=EDGE_LOOP('',(#782,#783,#784,#785));
#1648=EDGE_LOOP('',(#786,#787,#788,#789));
#1649=EDGE_LOOP('',(#790,#791,#792,#793));
#1650=EDGE_LOOP('',(#794,#795,#796,#797));
#1651=EDGE_LOOP('',(#798,#799,#800,#801));
#1652=EDGE_LOOP('',(#802,#803,#804,#805));
#1653=EDGE_LOOP('',(#806,#807,#808,#809));
#1654=EDGE_LOOP('',(#810,#811,#812,#813));
#1655=EDGE_LOOP('',(#814,#815,#816,#817));
#1656=EDGE_LOOP('',(#818,#819,#820,#821));
#1657=EDGE_LOOP('',(#822,#823,#824,#825));
#1658=EDGE_LOOP('',(#826,#827,#828,#829));
#1659=EDGE_LOOP('',(#830,#831,#832,#833));
#1660=EDGE_LOOP('',(#834,#835,#836,#837));
#1661=EDGE_LOOP('',(#838,#839,#840,#841));
#1662=EDGE_LOOP('',(#842,#843,#844,#845));
#1663=EDGE_LOOP('',(#846,#847,#848,#849));
#1664=EDGE_LOOP('',(#850,#851,#852,#853));
#1665=EDGE_LOOP('',(#854,#855,#856,#857));
#1666=EDGE_LOOP('',(#858,#859,#860,#861));
#1667=EDGE_LOOP('',(#862,#863,#864,#865));
#1668=EDGE_LOOP('',(#866,#867,#868,#869));
#1669=EDGE_LOOP('',(#870,#871,#872,#873));
#1670=EDGE_LOOP('',(#874,#875,#876,#877));
#1671=EDGE_LOOP('',(#878,#879,#880,#881));
#1672=EDGE_LOOP('',(#882,#883,#884,#885));
#1673=EDGE_LOOP('',(#886,#887,#888,#889,#890,#891,#892,#893));
#1674=EDGE_LOOP('',(#894));
#1675=EDGE_LOOP('',(#895));
#1676=EDGE_LOOP('',(#896));
#1677=EDGE_LOOP('',(#897));
#1678=EDGE_LOOP('',(#898));
#1679=EDGE_LOOP('',(#899));
#1680=EDGE_LOOP('',(#900));
#1681=EDGE_LOOP('',(#901));
#1682=EDGE_LOOP('',(#902));
#1683=EDGE_LOOP('',(#903));
#1684=EDGE_LOOP('',(#904,#905,#906,#907));
#1685=EDGE_LOOP('',(#908,#909,#910,#911));
#1686=EDGE_LOOP('',(#912,#913,#914,#915));
#1687=EDGE_LOOP('',(#916,#917,#918,#919));
#1688=EDGE_LOOP('',(#920,#921,#922,#923));
#1689=EDGE_LOOP('',(#924,#925,#926,#927));
#1690=EDGE_LOOP('',(#928,#929,#930,#931));
#1691=EDGE_LOOP('',(#932,#933,#934,#935));
#1692=EDGE_LOOP('',(#936,#937,#938,#939));
#1693=EDGE_LOOP('',(#940,#941,#942,#943));
#1694=EDGE_LOOP('',(#944,#945,#946,#947));
#1695=EDGE_LOOP('',(#948,#949,#950,#951));
#1696=EDGE_LOOP('',(#952,#953,#954,#955));
#1697=EDGE_LOOP('',(#956,#957,#958,#959));
#1698=EDGE_LOOP('',(#960,#961,#962,#963));
#1699=EDGE_LOOP('',(#964,#965,#966,#967));
#1700=EDGE_LOOP('',(#968,#969,#970,#971));
#1701=EDGE_LOOP('',(#972,#973,#974,#975));
#1702=EDGE_LOOP('',(#976));
#1703=EDGE_LOOP('',(#977));
#1704=EDGE_LOOP('',(#978));
#1705=EDGE_LOOP('',(#979));
#1706=EDGE_LOOP('',(#980));
#1707=EDGE_LOOP('',(#981));
#1708=EDGE_LOOP('',(#982));
#1709=EDGE_LOOP('',(#983));
#1710=EDGE_LOOP('',(#984,#985,#986,#987));
#1711=EDGE_LOOP('',(#988,#989,#990,#991));
#1712=EDGE_LOOP('',(#992,#993,#994,#995));
#1713=EDGE_LOOP('',(#996,#997,#998,#999));
#1714=EDGE_LOOP('',(#1000,#1001,#1002,#1003));
#1715=EDGE_LOOP('',(#1004,#1005,#1006,#1007));
#1716=EDGE_LOOP('',(#1008));
#1717=EDGE_LOOP('',(#1009));
#1718=EDGE_LOOP('',(#1010));
#1719=EDGE_LOOP('',(#1011));
#1720=FACE_BOUND('',#1556,.T.);
#1721=FACE_BOUND('',#1557,.T.);
#1722=FACE_BOUND('',#1558,.T.);
#1723=FACE_BOUND('',#1559,.T.);
#1724=FACE_BOUND('',#1560,.T.);
#1725=FACE_BOUND('',#1561,.T.);
#1726=FACE_BOUND('',#1562,.T.);
#1727=FACE_BOUND('',#1563,.T.);
#1728=FACE_BOUND('',#1564,.T.);
#1729=FACE_BOUND('',#1565,.T.);
#1730=FACE_BOUND('',#1566,.T.);
#1731=FACE_BOUND('',#1567,.T.);
#1732=FACE_BOUND('',#1568,.T.);
#1733=FACE_BOUND('',#1569,.T.);
#1734=FACE_BOUND('',#1570,.T.);
#1735=FACE_BOUND('',#1571,.T.);
#1736=FACE_BOUND('',#1572,.T.);
#1737=FACE_BOUND('',#1573,.T.);
#1738=FACE_BOUND('',#1574,.T.);
#1739=FACE_BOUND('',#1575,.T.);
#1740=FACE_BOUND('',#1576,.T.);
#1741=FACE_BOUND('',#1577,.T.);
#1742=FACE_BOUND('',#1578,.T.);
#1743=FACE_BOUND('',#1579,.T.);
#1744=FACE_BOUND('',#1580,.T.);
#1745=FACE_BOUND('',#1581,.T.);
#1746=FACE_BOUND('',#1582,.T.);
#1747=FACE_BOUND('',#1583,.T.);
#1748=FACE_BOUND('',#1584,.T.);
#1749=FACE_BOUND('',#1585,.T.);
#1750=FACE_BOUND('',#1586,.T.);
#1751=FACE_BOUND('',#1587,.T.);
#1752=FACE_BOUND('',#1588,.T.);
#1753=FACE_BOUND('',#1589,.T.);
#1754=FACE_BOUND('',#1590,.T.);
#1755=FACE_BOUND('',#1591,.T.);
#1756=FACE_BOUND('',#1592,.T.);
#1757=FACE_BOUND('',#1593,.T.);
#1758=FACE_BOUND('',#1594,.T.);
#1759=FACE_BOUND('',#1595,.T.);
#1760=FACE_BOUND('',#1596,.T.);
#1761=FACE_BOUND('',#1597,.T.);
#1762=FACE_BOUND('',#1598,.T.);
#1763=FACE_BOUND('',#1599,.T.);
#1764=FACE_BOUND('',#1600,.T.);
#1765=FACE_BOUND('',#1601,.T.);
#1766=FACE_BOUND('',#1602,.T.);
#1767=FACE_BOUND('',#1603,.T.);
#1768=FACE_BOUND('',#1604,.T.);
#1769=FACE_BOUND('',#1605,.T.);
#1770=FACE_BOUND('',#1606,.T.);
#1771=FACE_BOUND('',#1607,.T.);
#1772=FACE_BOUND('',#1608,.T.);
#1773=FACE_BOUND('',#1609,.T.);
#1774=FACE_BOUND('',#1610,.T.);
#1775=FACE_BOUND('',#1611,.T.);
#1776=FACE_BOUND('',#1612,.T.);
#1777=FACE_BOUND('',#1613,.T.);
#1778=FACE_BOUND('',#1614,.T.);
#1779=FACE_BOUND('',#1615,.T.);
#1780=FACE_BOUND('',#1616,.T.);
#1781=FACE_BOUND('',#1617,.T.);
#1782=FACE_BOUND('',#1618,.T.);
#1783=FACE_BOUND('',#1619,.T.);
#1784=FACE_BOUND('',#1620,.T.);
#1785=FACE_BOUND('',#1621,.T.);
#1786=FACE_BOUND('',#1622,.T.);
#1787=FACE_BOUND('',#1623,.T.);
#1788=FACE_BOUND('',#1624,.T.);
#1789=FACE_BOUND('',#1625,.T.);
#1790=FACE_BOUND('',#1626,.T.);
#1791=FACE_BOUND('',#1627,.T.);
#1792=FACE_BOUND('',#1628,.T.);
#1793=FACE_BOUND('',#1629,.T.);
#1794=FACE_BOUND('',#1630,.T.);
#1795=FACE_BOUND('',#1631,.T.);
#1796=FACE_BOUND('',#1632,.T.);
#1797=FACE_BOUND('',#1633,.T.);
#1798=FACE_BOUND('',#1634,.T.);
#1799=FACE_BOUND('',#1635,.T.);
#1800=FACE_BOUND('',#1636,.T.);
#1801=FACE_BOUND('',#1637,.T.);
#1802=FACE_BOUND('',#1638,.T.);
#1803=FACE_BOUND('',#1639,.T.);
#1804=FACE_BOUND('',#1640,.T.);
#1805=FACE_BOUND('',#1641,.T.);
#1806=FACE_BOUND('',#1642,.T.);
#1807=FACE_BOUND('',#1643,.T.);
#1808=FACE_BOUND('',#1644,.T.);
#1809=FACE_BOUND('',#1645,.T.);
#1810=FACE_BOUND('',#1646,.T.);
#1811=FACE_BOUND('',#1647,.T.);
#1812=FACE_BOUND('',#1648,.T.);
#1813=FACE_BOUND('',#1649,.T.);
#1814=FACE_BOUND('',#1650,.T.);
#1815=FACE_BOUND('',#1651,.T.);
#1816=FACE_BOUND('',#1652,.T.);
#1817=FACE_BOUND('',#1653,.T.);
#1818=FACE_BOUND('',#1654,.T.);
#1819=FACE_BOUND('',#1655,.T.);
#1820=FACE_BOUND('',#1656,.T.);
#1821=FACE_BOUND('',#1657,.T.);
#1822=FACE_BOUND('',#1658,.T.);
#1823=FACE_BOUND('',#1659,.T.);
#1824=FACE_BOUND('',#1660,.T.);
#1825=FACE_BOUND('',#1661,.T.);
#1826=FACE_BOUND('',#1662,.T.);
#1827=FACE_BOUND('',#1663,.T.);
#1828=FACE_BOUND('',#1664,.T.);
#1829=FACE_BOUND('',#1665,.T.);
#1830=FACE_BOUND('',#1666,.T.);
#1831=FACE_BOUND('',#1667,.T.);
#1832=FACE_BOUND('',#1668,.T.);
#1833=FACE_BOUND('',#1669,.T.);
#1834=FACE_BOUND('',#1670,.T.);
#1835=FACE_BOUND('',#1671,.T.);
#1836=FACE_BOUND('',#1672,.T.);
#1837=FACE_BOUND('',#1673,.T.);
#1838=FACE_BOUND('',#1674,.T.);
#1839=FACE_BOUND('',#1675,.T.);
#1840=FACE_BOUND('',#1676,.T.);
#1841=FACE_BOUND('',#1677,.T.);
#1842=FACE_BOUND('',#1678,.T.);
#1843=FACE_BOUND('',#1679,.T.);
#1844=FACE_BOUND('',#1680,.T.);
#1845=FACE_BOUND('',#1681,.T.);
#1846=FACE_BOUND('',#1682,.T.);
#1847=FACE_BOUND('',#1683,.T.);
#1848=FACE_BOUND('',#1684,.T.);
#1849=FACE_BOUND('',#1685,.T.);
#1850=FACE_BOUND('',#1686,.T.);
#1851=FACE_BOUND('',#1687,.T.);
#1852=FACE_BOUND('',#1688,.T.);
#1853=FACE_BOUND('',#1689,.T.);
#1854=FACE_BOUND('',#1690,.T.);
#1855=FACE_BOUND('',#1691,.T.);
#1856=FACE_BOUND('',#1692,.T.);
#1857=FACE_BOUND('',#1693,.T.);
#1858=FACE_BOUND('',#1694,.T.);
#1859=FACE_BOUND('',#1695,.T.);
#1860=FACE_BOUND('',#1696,.T.);
#1861=FACE_BOUND('',#1697,.T.);
#1862=FACE_BOUND('',#1698,.T.);
#1863=FACE_BOUND('',#1699,.T.);
#1864=FACE_BOUND('',#1700,.T.);
#1865=FACE_BOUND('',#1701,.T.);
#1866=FACE_BOUND('',#1702,.T.);
#1867=FACE_BOUND('',#1703,.T.);
#1868=FACE_BOUND('',#1704,.T.);
#1869=FACE_BOUND('',#1705,.T.);
#1870=FACE_BOUND('',#1706,.T.);
#1871=FACE_BOUND('',#1707,.T.);
#1872=FACE_BOUND('',#1708,.T.);
#1873=FACE_BOUND('',#1709,.T.);
#1874=FACE_BOUND('',#1710,.T.);
#1875=FACE_BOUND('',#1711,.T.);
#1876=FACE_BOUND('',#1712,.T.);
#1877=FACE_BOUND('',#1713,.T.);
#1878=FACE_BOUND('',#1714,.T.);
#1879=FACE_BOUND('',#1715,.T.);
#1880=FACE_BOUND('',#1716,.T.);
#1881=FACE_BOUND('',#1717,.T.);
#1882=FACE_BOUND('',#1718,.T.);
#1883=FACE_BOUND('',#1719,.T.);
#1884=PLANE('',#2192);
#1885=PLANE('',#2194);
#1886=PLANE('',#2197);
#1887=PLANE('',#2200);
#1888=PLANE('',#2203);
#1889=PLANE('',#2204);
#1890=PLANE('',#2205);
#1891=PLANE('',#2206);
#1892=PLANE('',#2207);
#1893=PLANE('',#2208);
#1894=PLANE('',#2209);
#1895=PLANE('',#2210);
#1896=PLANE('',#2211);
#1897=PLANE('',#2212);
#1898=PLANE('',#2213);
#1899=PLANE('',#2214);
#1900=PLANE('',#2215);
#1901=PLANE('',#2216);
#1902=PLANE('',#2217);
#1903=PLANE('',#2218);
#1904=PLANE('',#2219);
#1905=PLANE('',#2220);
#1906=PLANE('',#2221);
#1907=PLANE('',#2222);
#1908=PLANE('',#2223);
#1909=PLANE('',#2247);
#1910=PLANE('',#2249);
#1911=PLANE('',#2252);
#1912=PLANE('',#2254);
#1913=PLANE('',#2273);
#1914=PLANE('',#2279);
#1915=PLANE('',#2281);
#1916=PLANE('',#2309);
#1917=PLANE('',#2312);
#1918=PLANE('',#2315);
#1919=PLANE('',#2318);
#1920=PLANE('',#2353);
#1921=PLANE('',#2356);
#1922=PLANE('',#2359);
#1923=PLANE('',#2362);
#1924=PLANE('',#2383);
#1925=PLANE('',#2386);
#1926=PLANE('',#2389);
#1927=PLANE('',#2394);
#1928=PLANE('',#2395);
#1929=PLANE('',#2396);
#1930=PLANE('',#2397);
#1931=PLANE('',#2398);
#1932=PLANE('',#2399);
#1933=PLANE('',#2400);
#1934=PLANE('',#2401);
#1935=PLANE('',#2402);
#1936=PLANE('',#2403);
#1937=PLANE('',#2404);
#1938=PLANE('',#2405);
#1939=PLANE('',#2406);
#1940=PLANE('',#2407);
#1941=PLANE('',#2408);
#1942=PLANE('',#2409);
#1943=PLANE('',#2410);
#1944=PLANE('',#2411);
#1945=PLANE('',#2412);
#1946=PLANE('',#2415);
#1947=PLANE('',#2420);
#1948=PLANE('',#2421);
#1949=PLANE('',#2422);
#1950=PLANE('',#2423);
#1951=PLANE('',#2424);
#1952=PLANE('',#2425);
#1953=PLANE('',#2427);
#1954=PLANE('',#2429);
#1955=ADVANCED_FACE('',(#1720),#1884,.F.);
#1956=ADVANCED_FACE('',(#1721,#1722),#1885,.T.);
#1957=ADVANCED_FACE('',(#1723,#1724),#1886,.F.);
#1958=ADVANCED_FACE('',(#1725,#1726),#1887,.T.);
#1959=ADVANCED_FACE('',(#1727),#1888,.T.);
#1960=ADVANCED_FACE('',(#1728),#1889,.T.);
#1961=ADVANCED_FACE('',(#1729),#1890,.T.);
#1962=ADVANCED_FACE('',(#1730),#1891,.T.);
#1963=ADVANCED_FACE('',(#1731),#1892,.T.);
#1964=ADVANCED_FACE('',(#1732),#1893,.F.);
#1965=ADVANCED_FACE('',(#1733),#1894,.F.);
#1966=ADVANCED_FACE('',(#1734),#1895,.T.);
#1967=ADVANCED_FACE('',(#1735),#1896,.F.);
#1968=ADVANCED_FACE('',(#1736),#1897,.F.);
#1969=ADVANCED_FACE('',(#1737),#1898,.T.);
#1970=ADVANCED_FACE('',(#1738),#1899,.T.);
#1971=ADVANCED_FACE('',(#1739),#1900,.F.);
#1972=ADVANCED_FACE('',(#1740),#1901,.F.);
#1973=ADVANCED_FACE('',(#1741),#1902,.T.);
#1974=ADVANCED_FACE('',(#1742),#1903,.T.);
#1975=ADVANCED_FACE('',(#1743),#1904,.T.);
#1976=ADVANCED_FACE('',(#1744),#1905,.F.);
#1977=ADVANCED_FACE('',(#1745),#1906,.F.);
#1978=ADVANCED_FACE('',(#1746),#1907,.T.);
#1979=ADVANCED_FACE('',(#1747,#1748,#1749,#1750,#1751,#1752),#1908,.F.);
#1980=ADVANCED_FACE('',(#1753),#86,.T.);
#1981=ADVANCED_FACE('',(#1754),#50,.T.);
#1982=ADVANCED_FACE('',(#1755),#87,.T.);
#1983=ADVANCED_FACE('',(#1756),#51,.T.);
#1984=ADVANCED_FACE('',(#1757),#88,.T.);
#1985=ADVANCED_FACE('',(#1758),#52,.T.);
#1986=ADVANCED_FACE('',(#1759),#89,.T.);
#1987=ADVANCED_FACE('',(#1760),#53,.T.);
#1988=ADVANCED_FACE('',(#1761),#1909,.F.);
#1989=ADVANCED_FACE('',(#1762),#90,.T.);
#1990=ADVANCED_FACE('',(#1763),#1910,.F.);
#1991=ADVANCED_FACE('',(#1764),#91,.T.);
#1992=ADVANCED_FACE('',(#1765),#1911,.F.);
#1993=ADVANCED_FACE('',(#1766),#92,.T.);
#1994=ADVANCED_FACE('',(#1767),#1912,.F.);
#1995=ADVANCED_FACE('',(#1768),#93,.T.);
#1996=ADVANCED_FACE('',(#1769),#94,.T.);
#1997=ADVANCED_FACE('',(#1770),#54,.T.);
#1998=ADVANCED_FACE('',(#1771),#95,.T.);
#1999=ADVANCED_FACE('',(#1772),#55,.T.);
#2000=ADVANCED_FACE('',(#1773),#96,.T.);
#2001=ADVANCED_FACE('',(#1774),#56,.T.);
#2002=ADVANCED_FACE('',(#1775),#97,.T.);
#2003=ADVANCED_FACE('',(#1776),#57,.T.);
#2004=ADVANCED_FACE('',(#1777),#1913,.T.);
#2005=ADVANCED_FACE('',(#1778,#1779),#98,.T.);
#2006=ADVANCED_FACE('',(#1780,#1781),#99,.F.);
#2007=ADVANCED_FACE('',(#1782,#1783),#100,.T.);
#2008=ADVANCED_FACE('',(#1784,#1785),#101,.F.);
#2009=ADVANCED_FACE('',(#1786),#1914,.T.);
#2010=ADVANCED_FACE('',(#1787,#1788),#1915,.T.);
#2011=ADVANCED_FACE('',(#1789),#18,.T.);
#2012=ADVANCED_FACE('',(#1790),#102,.T.);
#2013=ADVANCED_FACE('',(#1791),#19,.T.);
#2014=ADVANCED_FACE('',(#1792),#103,.T.);
#2015=ADVANCED_FACE('',(#1793),#20,.T.);
#2016=ADVANCED_FACE('',(#1794),#104,.T.);
#2017=ADVANCED_FACE('',(#1795),#21,.T.);
#2018=ADVANCED_FACE('',(#1796),#105,.T.);
#2019=ADVANCED_FACE('',(#1797),#106,.T.);
#2020=ADVANCED_FACE('',(#1798),#1916,.F.);
#2021=ADVANCED_FACE('',(#1799),#107,.T.);
#2022=ADVANCED_FACE('',(#1800),#1917,.F.);
#2023=ADVANCED_FACE('',(#1801),#108,.T.);
#2024=ADVANCED_FACE('',(#1802),#1918,.F.);
#2025=ADVANCED_FACE('',(#1803),#109,.T.);
#2026=ADVANCED_FACE('',(#1804),#1919,.F.);
#2027=ADVANCED_FACE('',(#1805),#58,.F.);
#2028=ADVANCED_FACE('',(#1806),#110,.F.);
#2029=ADVANCED_FACE('',(#1807),#59,.F.);
#2030=ADVANCED_FACE('',(#1808),#111,.F.);
#2031=ADVANCED_FACE('',(#1809),#60,.F.);
#2032=ADVANCED_FACE('',(#1810),#112,.F.);
#2033=ADVANCED_FACE('',(#1811),#61,.F.);
#2034=ADVANCED_FACE('',(#1812),#113,.F.);
#2035=ADVANCED_FACE('',(#1813),#62,.T.);
#2036=ADVANCED_FACE('',(#1814),#114,.T.);
#2037=ADVANCED_FACE('',(#1815),#63,.T.);
#2038=ADVANCED_FACE('',(#1816),#115,.T.);
#2039=ADVANCED_FACE('',(#1817),#64,.T.);
#2040=ADVANCED_FACE('',(#1818),#116,.T.);
#2041=ADVANCED_FACE('',(#1819),#65,.T.);
#2042=ADVANCED_FACE('',(#1820),#117,.T.);
#2043=ADVANCED_FACE('',(#1821),#118,.T.);
#2044=ADVANCED_FACE('',(#1822),#1920,.F.);
#2045=ADVANCED_FACE('',(#1823),#119,.T.);
#2046=ADVANCED_FACE('',(#1824),#1921,.F.);
#2047=ADVANCED_FACE('',(#1825),#120,.T.);
#2048=ADVANCED_FACE('',(#1826),#1922,.F.);
#2049=ADVANCED_FACE('',(#1827),#121,.T.);
#2050=ADVANCED_FACE('',(#1828),#1923,.F.);
#2051=ADVANCED_FACE('',(#1829),#66,.F.);
#2052=ADVANCED_FACE('',(#1830),#122,.F.);
#2053=ADVANCED_FACE('',(#1831),#67,.F.);
#2054=ADVANCED_FACE('',(#1832),#123,.F.);
#2055=ADVANCED_FACE('',(#1833),#68,.F.);
#2056=ADVANCED_FACE('',(#1834),#124,.F.);
#2057=ADVANCED_FACE('',(#1835),#69,.F.);
#2058=ADVANCED_FACE('',(#1836),#125,.F.);
#2059=ADVANCED_FACE('',(#1837),#1924,.F.);
#2060=ADVANCED_FACE('',(#1838,#1839),#126,.F.);
#2061=ADVANCED_FACE('',(#1840,#1841),#1925,.T.);
#2062=ADVANCED_FACE('',(#1842,#1843),#1926,.F.);
#2063=ADVANCED_FACE('',(#1844,#1845),#127,.F.);
#2064=ADVANCED_FACE('',(#1846,#1847),#128,.T.);
#2065=ADVANCED_FACE('',(#1848),#1927,.T.);
#2066=ADVANCED_FACE('',(#1849),#1928,.F.);
#2067=ADVANCED_FACE('',(#1850),#1929,.T.);
#2068=ADVANCED_FACE('',(#1851),#1930,.T.);
#2069=ADVANCED_FACE('',(#1852),#1931,.F.);
#2070=ADVANCED_FACE('',(#1853),#1932,.F.);
#2071=ADVANCED_FACE('',(#1854),#1933,.T.);
#2072=ADVANCED_FACE('',(#1855),#1934,.F.);
#2073=ADVANCED_FACE('',(#1856),#1935,.T.);
#2074=ADVANCED_FACE('',(#1857),#1936,.T.);
#2075=ADVANCED_FACE('',(#1858),#1937,.F.);
#2076=ADVANCED_FACE('',(#1859),#1938,.F.);
#2077=ADVANCED_FACE('',(#1860),#1939,.T.);
#2078=ADVANCED_FACE('',(#1861),#1940,.T.);
#2079=ADVANCED_FACE('',(#1862),#1941,.T.);
#2080=ADVANCED_FACE('',(#1863),#1942,.F.);
#2081=ADVANCED_FACE('',(#1864),#1943,.F.);
#2082=ADVANCED_FACE('',(#1865),#1944,.F.);
#2083=ADVANCED_FACE('',(#1866,#1867),#1945,.F.);
#2084=ADVANCED_FACE('',(#1868,#1869),#1946,.T.);
#2085=ADVANCED_FACE('',(#1870,#1871),#129,.F.);
#2086=ADVANCED_FACE('',(#1872,#1873),#130,.T.);
#2087=ADVANCED_FACE('',(#1874),#1947,.T.);
#2088=ADVANCED_FACE('',(#1875),#1948,.T.);
#2089=ADVANCED_FACE('',(#1876),#1949,.T.);
#2090=ADVANCED_FACE('',(#1877),#1950,.F.);
#2091=ADVANCED_FACE('',(#1878),#1951,.F.);
#2092=ADVANCED_FACE('',(#1879),#1952,.F.);
#2093=ADVANCED_FACE('',(#1880),#1953,.F.);
#2094=ADVANCED_FACE('',(#1881),#1954,.T.);
#2095=ADVANCED_FACE('',(#1882,#1883),#131,.T.);
#2096=CLOSED_SHELL('',(#1955,#1956,#1957,#1958,#1959,#1960,#1961,#1962,
#1963,#1964,#1965,#1966,#1967,#1968,#1969,#1970,#1971,#1972,#1973,#1974,
#1975,#1976,#1977,#1978,#1979,#1980,#1981,#1982,#1983,#1984,#1985,#1986,
#1987,#1988,#1989,#1990,#1991,#1992,#1993,#1994,#1995,#1996,#1997,#1998,
#1999,#2000,#2001,#2002,#2003,#2004,#2005,#2006,#2007,#2008));
#2097=CLOSED_SHELL('',(#2009,#2010,#2011,#2012,#2013,#2014,#2015,#2016,
#2017,#2018,#2019,#2020,#2021,#2022,#2023,#2024,#2025,#2026,#2027,#2028,
#2029,#2030,#2031,#2032,#2033,#2034,#2035,#2036,#2037,#2038,#2039,#2040,
#2041,#2042,#2043,#2044,#2045,#2046,#2047,#2048,#2049,#2050,#2051,#2052,
#2053,#2054,#2055,#2056,#2057,#2058,#2059,#2060));
#2098=CLOSED_SHELL('',(#2061,#2062,#2063,#2064));
#2099=CLOSED_SHELL('',(#2065,#2066,#2067,#2068,#2069,#2070));
#2100=CLOSED_SHELL('',(#2071,#2072,#2073,#2074,#2075,#2076));
#2101=CLOSED_SHELL('',(#2077,#2078,#2079,#2080,#2081,#2082));
#2102=CLOSED_SHELL('',(#2083,#2084,#2085,#2086));
#2103=CLOSED_SHELL('',(#2087,#2088,#2089,#2090,#2091,#2092));
#2104=CLOSED_SHELL('',(#2093,#2094,#2095));
#2105=STYLED_ITEM('',(#2114),#2170);
#2106=STYLED_ITEM('',(#2115),#2171);
#2107=STYLED_ITEM('',(#2116),#2172);
#2108=STYLED_ITEM('',(#2117),#2173);
#2109=STYLED_ITEM('',(#2118),#2174);
#2110=STYLED_ITEM('',(#2119),#2175);
#2111=STYLED_ITEM('',(#2120),#2176);
#2112=STYLED_ITEM('',(#2121),#2177);
#2113=STYLED_ITEM('',(#2122),#2178);
#2114=PRESENTATION_STYLE_ASSIGNMENT((#2123));
#2115=PRESENTATION_STYLE_ASSIGNMENT((#2124));
#2116=PRESENTATION_STYLE_ASSIGNMENT((#2125));
#2117=PRESENTATION_STYLE_ASSIGNMENT((#2126));
#2118=PRESENTATION_STYLE_ASSIGNMENT((#2127));
#2119=PRESENTATION_STYLE_ASSIGNMENT((#2128));
#2120=PRESENTATION_STYLE_ASSIGNMENT((#2129));
#2121=PRESENTATION_STYLE_ASSIGNMENT((#2130));
#2122=PRESENTATION_STYLE_ASSIGNMENT((#2131));
#2123=SURFACE_STYLE_USAGE(.BOTH.,#2132);
#2124=SURFACE_STYLE_USAGE(.BOTH.,#2133);
#2125=SURFACE_STYLE_USAGE(.BOTH.,#2134);
#2126=SURFACE_STYLE_USAGE(.BOTH.,#2135);
#2127=SURFACE_STYLE_USAGE(.BOTH.,#2136);
#2128=SURFACE_STYLE_USAGE(.BOTH.,#2137);
#2129=SURFACE_STYLE_USAGE(.BOTH.,#2138);
#2130=SURFACE_STYLE_USAGE(.BOTH.,#2139);
#2131=SURFACE_STYLE_USAGE(.BOTH.,#2140);
#2132=SURFACE_SIDE_STYLE('',(#2141));
#2133=SURFACE_SIDE_STYLE('',(#2142));
#2134=SURFACE_SIDE_STYLE('',(#2143));
#2135=SURFACE_SIDE_STYLE('',(#2144));
#2136=SURFACE_SIDE_STYLE('',(#2145));
#2137=SURFACE_SIDE_STYLE('',(#2146));
#2138=SURFACE_SIDE_STYLE('',(#2147));
#2139=SURFACE_SIDE_STYLE('',(#2148));
#2140=SURFACE_SIDE_STYLE('',(#2149));
#2141=SURFACE_STYLE_FILL_AREA(#2150);
#2142=SURFACE_STYLE_FILL_AREA(#2151);
#2143=SURFACE_STYLE_FILL_AREA(#2152);
#2144=SURFACE_STYLE_FILL_AREA(#2153);
#2145=SURFACE_STYLE_FILL_AREA(#2154);
#2146=SURFACE_STYLE_FILL_AREA(#2155);
#2147=SURFACE_STYLE_FILL_AREA(#2156);
#2148=SURFACE_STYLE_FILL_AREA(#2157);
#2149=SURFACE_STYLE_FILL_AREA(#2158);
#2150=FILL_AREA_STYLE('',(#2159));
#2151=FILL_AREA_STYLE('',(#2160));
#2152=FILL_AREA_STYLE('',(#2161));
#2153=FILL_AREA_STYLE('',(#2162));
#2154=FILL_AREA_STYLE('',(#2163));
#2155=FILL_AREA_STYLE('',(#2164));
#2156=FILL_AREA_STYLE('',(#2165));
#2157=FILL_AREA_STYLE('',(#2166));
#2158=FILL_AREA_STYLE('',(#2167));
#2159=FILL_AREA_STYLE_COLOUR('',#2168);
#2160=FILL_AREA_STYLE_COLOUR('',#2169);
#2161=FILL_AREA_STYLE_COLOUR('',#2169);
#2162=FILL_AREA_STYLE_COLOUR('',#2169);
#2163=FILL_AREA_STYLE_COLOUR('',#2169);
#2164=FILL_AREA_STYLE_COLOUR('',#2169);
#2165=FILL_AREA_STYLE_COLOUR('',#2169);
#2166=FILL_AREA_STYLE_COLOUR('',#2169);
#2167=FILL_AREA_STYLE_COLOUR('',#2168);
#2168=COLOUR_RGB('',0.250980406999588,0.250980406999588,0.250980406999588);
#2169=COLOUR_RGB('',0.749019622802734,0.665650486946106,0.449411779642105);
#2170=MANIFOLD_SOLID_BREP('Imported1',#2096);
#2171=MANIFOLD_SOLID_BREP('Imported1',#2097);
#2172=MANIFOLD_SOLID_BREP('Imported1',#2098);
#2173=MANIFOLD_SOLID_BREP('',#2099);
#2174=MANIFOLD_SOLID_BREP('',#2100);
#2175=MANIFOLD_SOLID_BREP('',#2101);
#2176=MANIFOLD_SOLID_BREP('',#2102);
#2177=MANIFOLD_SOLID_BREP('',#2103);
#2178=MANIFOLD_SOLID_BREP('Imported1',#2104);
#2179=SHAPE_DEFINITION_REPRESENTATION(#3764,#2185);
#2180=SHAPE_DEFINITION_REPRESENTATION(#3763,#2186);
#2181=SHAPE_DEFINITION_REPRESENTATION(#3766,#2187);
#2182=SHAPE_DEFINITION_REPRESENTATION(#3768,#2188);
#2183=SHAPE_DEFINITION_REPRESENTATION(#3770,#2189);
#2184=SHAPE_DEFINITION_REPRESENTATION(#3772,#2190);
#2185=SHAPE_REPRESENTATION('Black',(#2191),#3749);
#2186=SHAPE_REPRESENTATION('IM73A135V01XTSA1',(#2191,#2278,#2385,#2426,
#2432,#2433),#3748);
#2187=SHAPE_REPRESENTATION('Gold',(#2191),#3750);
#2188=SHAPE_REPRESENTATION('Pins',(#2191),#3751);
#2189=SHAPE_REPRESENTATION('0.25mm',(#2191),#3752);
#2190=SHAPE_REPRESENTATION('Infineon_Logo_1.4mm',(#2191),#3753);
#2191=AXIS2_PLACEMENT_3D('',#3084,#2434,#2435);
#2192=AXIS2_PLACEMENT_3D('',#3085,#2436,#2437);
#2193=AXIS2_PLACEMENT_3D('',#3086,#2438,#2439);
#2194=AXIS2_PLACEMENT_3D('',#3088,#2440,#2441);
#2195=AXIS2_PLACEMENT_3D('',#3089,#2442,#2443);
#2196=AXIS2_PLACEMENT_3D('',#3091,#2444,#2445);
#2197=AXIS2_PLACEMENT_3D('',#3093,#2446,#2447);
#2198=AXIS2_PLACEMENT_3D('',#3094,#2448,#2449);
#2199=AXIS2_PLACEMENT_3D('',#3096,#2450,#2451);
#2200=AXIS2_PLACEMENT_3D('',#3098,#2452,#2453);
#2201=AXIS2_PLACEMENT_3D('',#3099,#2454,#2455);
#2202=AXIS2_PLACEMENT_3D('',#3101,#2456,#2457);
#2203=AXIS2_PLACEMENT_3D('',#3103,#2458,#2459);
#2204=AXIS2_PLACEMENT_3D('',#3112,#2464,#2465);
#2205=AXIS2_PLACEMENT_3D('',#3121,#2470,#2471);
#2206=AXIS2_PLACEMENT_3D('',#3130,#2476,#2477);
#2207=AXIS2_PLACEMENT_3D('',#3139,#2482,#2483);
#2208=AXIS2_PLACEMENT_3D('',#3145,#2487,#2488);
#2209=AXIS2_PLACEMENT_3D('',#3149,#2491,#2492);
#2210=AXIS2_PLACEMENT_3D('',#3153,#2495,#2496);
#2211=AXIS2_PLACEMENT_3D('',#3155,#2498,#2499);
#2212=AXIS2_PLACEMENT_3D('',#3161,#2503,#2504);
#2213=AXIS2_PLACEMENT_3D('',#3165,#2507,#2508);
#2214=AXIS2_PLACEMENT_3D('',#3169,#2511,#2512);
#2215=AXIS2_PLACEMENT_3D('',#3171,#2514,#2515);
#2216=AXIS2_PLACEMENT_3D('',#3177,#2519,#2520);
#2217=AXIS2_PLACEMENT_3D('',#3181,#2523,#2524);
#2218=AXIS2_PLACEMENT_3D('',#3185,#2527,#2528);
#2219=AXIS2_PLACEMENT_3D('',#3187,#2530,#2531);
#2220=AXIS2_PLACEMENT_3D('',#3193,#2535,#2536);
#2221=AXIS2_PLACEMENT_3D('',#3197,#2539,#2540);
#2222=AXIS2_PLACEMENT_3D('',#3201,#2543,#2544);
#2223=AXIS2_PLACEMENT_3D('',#3203,#2546,#2547);
#2224=AXIS2_PLACEMENT_3D('',#3204,#2548,#2549);
#2225=AXIS2_PLACEMENT_3D('',#3209,#2551,#2552);
#2226=AXIS2_PLACEMENT_3D('',#3213,#2554,#2555);
#2227=AXIS2_PLACEMENT_3D('',#3217,#2557,#2558);
#2228=AXIS2_PLACEMENT_3D('',#3220,#2560,#2561);
#2229=AXIS2_PLACEMENT_3D('',#3222,#2562,#2563);
#2230=AXIS2_PLACEMENT_3D('',#3230,#2565,#2566);
#2231=AXIS2_PLACEMENT_3D('',#3231,#2567,#2568);
#2232=AXIS2_PLACEMENT_3D('',#3232,#2569,#2570);
#2233=AXIS2_PLACEMENT_3D('',#3238,#2571,#2572);
#2234=AXIS2_PLACEMENT_3D('',#3239,#2573,#2574);
#2235=AXIS2_PLACEMENT_3D('',#3242,#2576,#2577);
#2236=AXIS2_PLACEMENT_3D('',#3243,#2578,#2579);
#2237=AXIS2_PLACEMENT_3D('',#3245,#2580,#2581);
#2238=AXIS2_PLACEMENT_3D('',#3246,#2582,#2583);
#2239=AXIS2_PLACEMENT_3D('',#3247,#2584,#2585);
#2240=AXIS2_PLACEMENT_3D('',#3250,#2587,#2588);
#2241=AXIS2_PLACEMENT_3D('',#3251,#2589,#2590);
#2242=AXIS2_PLACEMENT_3D('',#3253,#2591,#2592);
#2243=AXIS2_PLACEMENT_3D('',#3254,#2593,#2594);
#2244=AXIS2_PLACEMENT_3D('',#3255,#2595,#2596);
#2245=AXIS2_PLACEMENT_3D('',#3258,#2598,#2599);
#2246=AXIS2_PLACEMENT_3D('',#3259,#2600,#2601);
#2247=AXIS2_PLACEMENT_3D('',#3260,#2602,#2603);
#2248=AXIS2_PLACEMENT_3D('',#3266,#2607,#2608);
#2249=AXIS2_PLACEMENT_3D('',#3273,#2610,#2611);
#2250=AXIS2_PLACEMENT_3D('',#3277,#2614,#2615);
#2251=AXIS2_PLACEMENT_3D('',#3280,#2617,#2618);
#2252=AXIS2_PLACEMENT_3D('',#3281,#2619,#2620);
#2253=AXIS2_PLACEMENT_3D('',#3285,#2623,#2624);
#2254=AXIS2_PLACEMENT_3D('',#3292,#2626,#2627);
#2255=AXIS2_PLACEMENT_3D('',#3296,#2630,#2631);
#2256=AXIS2_PLACEMENT_3D('',#3301,#2632,#2633);
#2257=AXIS2_PLACEMENT_3D('',#3309,#2635,#2636);
#2258=AXIS2_PLACEMENT_3D('',#3310,#2637,#2638);
#2259=AXIS2_PLACEMENT_3D('',#3311,#2639,#2640);
#2260=AXIS2_PLACEMENT_3D('',#3313,#2641,#2642);
#2261=AXIS2_PLACEMENT_3D('',#3314,#2643,#2644);
#2262=AXIS2_PLACEMENT_3D('',#3315,#2645,#2646);
#2263=AXIS2_PLACEMENT_3D('',#3318,#2648,#2649);
#2264=AXIS2_PLACEMENT_3D('',#3319,#2650,#2651);
#2265=AXIS2_PLACEMENT_3D('',#3321,#2652,#2653);
#2266=AXIS2_PLACEMENT_3D('',#3322,#2654,#2655);
#2267=AXIS2_PLACEMENT_3D('',#3329,#2657,#2658);
#2268=AXIS2_PLACEMENT_3D('',#3330,#2659,#2660);
#2269=AXIS2_PLACEMENT_3D('',#3332,#2661,#2662);
#2270=AXIS2_PLACEMENT_3D('',#3333,#2663,#2664);
#2271=AXIS2_PLACEMENT_3D('',#3340,#2666,#2667);
#2272=AXIS2_PLACEMENT_3D('',#3341,#2668,#2669);
#2273=AXIS2_PLACEMENT_3D('',#3342,#2670,#2671);
#2274=AXIS2_PLACEMENT_3D('',#3343,#2672,#2673);
#2275=AXIS2_PLACEMENT_3D('',#3344,#2674,#2675);
#2276=AXIS2_PLACEMENT_3D('',#3345,#2676,#2677);
#2277=AXIS2_PLACEMENT_3D('',#3346,#2678,#2679);
#2278=AXIS2_PLACEMENT_3D('',#3347,#2680,#2681);
#2279=AXIS2_PLACEMENT_3D('',#3348,#2682,#2683);
#2280=AXIS2_PLACEMENT_3D('',#3349,#2684,#2685);
#2281=AXIS2_PLACEMENT_3D('',#3351,#2686,#2687);
#2282=AXIS2_PLACEMENT_3D('',#3352,#2688,#2689);
#2283=AXIS2_PLACEMENT_3D('',#3357,#2691,#2692);
#2284=AXIS2_PLACEMENT_3D('',#3361,#2694,#2695);
#2285=AXIS2_PLACEMENT_3D('',#3365,#2697,#2698);
#2286=AXIS2_PLACEMENT_3D('',#3369,#2700,#2701);
#2287=AXIS2_PLACEMENT_3D('',#3370,#2702,#2703);
#2288=AXIS2_PLACEMENT_3D('',#3371,#2704,#2705);
#2289=AXIS2_PLACEMENT_3D('',#3373,#2706,#2707);
#2290=AXIS2_PLACEMENT_3D('',#3375,#2708,#2709);
#2291=AXIS2_PLACEMENT_3D('',#3376,#2710,#2711);
#2292=AXIS2_PLACEMENT_3D('',#3377,#2712,#2713);
#2293=AXIS2_PLACEMENT_3D('',#3380,#2715,#2716);
#2294=AXIS2_PLACEMENT_3D('',#3381,#2717,#2718);
#2295=AXIS2_PLACEMENT_3D('',#3383,#2719,#2720);
#2296=AXIS2_PLACEMENT_3D('',#3384,#2721,#2722);
#2297=AXIS2_PLACEMENT_3D('',#3385,#2723,#2724);
#2298=AXIS2_PLACEMENT_3D('',#3388,#2726,#2727);
#2299=AXIS2_PLACEMENT_3D('',#3389,#2728,#2729);
#2300=AXIS2_PLACEMENT_3D('',#3391,#2730,#2731);
#2301=AXIS2_PLACEMENT_3D('',#3392,#2732,#2733);
#2302=AXIS2_PLACEMENT_3D('',#3395,#2735,#2736);
#2303=AXIS2_PLACEMENT_3D('',#3396,#2737,#2738);
#2304=AXIS2_PLACEMENT_3D('',#3397,#2739,#2740);
#2305=AXIS2_PLACEMENT_3D('',#3399,#2741,#2742);
#2306=AXIS2_PLACEMENT_3D('',#3400,#2743,#2744);
#2307=AXIS2_PLACEMENT_3D('',#3402,#2746,#2747);
#2308=AXIS2_PLACEMENT_3D('',#3407,#2750,#2751);
#2309=AXIS2_PLACEMENT_3D('',#3408,#2752,#2753);
#2310=AXIS2_PLACEMENT_3D('',#3412,#2756,#2757);
#2311=AXIS2_PLACEMENT_3D('',#3415,#2759,#2760);
#2312=AXIS2_PLACEMENT_3D('',#3416,#2761,#2762);
#2313=AXIS2_PLACEMENT_3D('',#3420,#2765,#2766);
#2314=AXIS2_PLACEMENT_3D('',#3423,#2768,#2769);
#2315=AXIS2_PLACEMENT_3D('',#3424,#2770,#2771);
#2316=AXIS2_PLACEMENT_3D('',#3428,#2774,#2775);
#2317=AXIS2_PLACEMENT_3D('',#3431,#2777,#2778);
#2318=AXIS2_PLACEMENT_3D('',#3432,#2779,#2780);
#2319=AXIS2_PLACEMENT_3D('',#3434,#2782,#2783);
#2320=AXIS2_PLACEMENT_3D('',#3441,#2784,#2785);
#2321=AXIS2_PLACEMENT_3D('',#3442,#2786,#2787);
#2322=AXIS2_PLACEMENT_3D('',#3443,#2788,#2789);
#2323=AXIS2_PLACEMENT_3D('',#3446,#2791,#2792);
#2324=AXIS2_PLACEMENT_3D('',#3447,#2793,#2794);
#2325=AXIS2_PLACEMENT_3D('',#3453,#2795,#2796);
#2326=AXIS2_PLACEMENT_3D('',#3454,#2797,#2798);
#2327=AXIS2_PLACEMENT_3D('',#3457,#2800,#2801);
#2328=AXIS2_PLACEMENT_3D('',#3458,#2802,#2803);
#2329=AXIS2_PLACEMENT_3D('',#3464,#2804,#2805);
#2330=AXIS2_PLACEMENT_3D('',#3465,#2806,#2807);
#2331=AXIS2_PLACEMENT_3D('',#3468,#2809,#2810);
#2332=AXIS2_PLACEMENT_3D('',#3469,#2811,#2812);
#2333=AXIS2_PLACEMENT_3D('',#3475,#2813,#2814);
#2334=AXIS2_PLACEMENT_3D('',#3476,#2815,#2816);
#2335=AXIS2_PLACEMENT_3D('',#3478,#2818,#2819);
#2336=AXIS2_PLACEMENT_3D('',#3479,#2820,#2821);
#2337=AXIS2_PLACEMENT_3D('',#3481,#2822,#2823);
#2338=AXIS2_PLACEMENT_3D('',#3492,#2824,#2825);
#2339=AXIS2_PLACEMENT_3D('',#3493,#2826,#2827);
#2340=AXIS2_PLACEMENT_3D('',#3496,#2829,#2830);
#2341=AXIS2_PLACEMENT_3D('',#3497,#2831,#2832);
#2342=AXIS2_PLACEMENT_3D('',#3508,#2833,#2834);
#2343=AXIS2_PLACEMENT_3D('',#3509,#2835,#2836);
#2344=AXIS2_PLACEMENT_3D('',#3512,#2838,#2839);
#2345=AXIS2_PLACEMENT_3D('',#3523,#2840,#2841);
#2346=AXIS2_PLACEMENT_3D('',#3524,#2842,#2843);
#2347=AXIS2_PLACEMENT_3D('',#3527,#2845,#2846);
#2348=AXIS2_PLACEMENT_3D('',#3528,#2847,#2848);
#2349=AXIS2_PLACEMENT_3D('',#3539,#2849,#2850);
#2350=AXIS2_PLACEMENT_3D('',#3540,#2851,#2852);
#2351=AXIS2_PLACEMENT_3D('',#3542,#2854,#2855);
#2352=AXIS2_PLACEMENT_3D('',#3545,#2857,#2858);
#2353=AXIS2_PLACEMENT_3D('',#3548,#2860,#2861);
#2354=AXIS2_PLACEMENT_3D('',#3552,#2864,#2865);
#2355=AXIS2_PLACEMENT_3D('',#3553,#2866,#2867);
#2356=AXIS2_PLACEMENT_3D('',#3556,#2869,#2870);
#2357=AXIS2_PLACEMENT_3D('',#3560,#2873,#2874);
#2358=AXIS2_PLACEMENT_3D('',#3561,#2875,#2876);
#2359=AXIS2_PLACEMENT_3D('',#3564,#2878,#2879);
#2360=AXIS2_PLACEMENT_3D('',#3568,#2882,#2883);
#2361=AXIS2_PLACEMENT_3D('',#3569,#2884,#2885);
#2362=AXIS2_PLACEMENT_3D('',#3572,#2887,#2888);
#2363=AXIS2_PLACEMENT_3D('',#3574,#2890,#2891);
#2364=AXIS2_PLACEMENT_3D('',#3575,#2892,#2893);
#2365=AXIS2_PLACEMENT_3D('',#3578,#2894,#2895);
#2366=AXIS2_PLACEMENT_3D('',#3579,#2896,#2897);
#2367=AXIS2_PLACEMENT_3D('',#3580,#2898,#2899);
#2368=AXIS2_PLACEMENT_3D('',#3583,#2901,#2902);
#2369=AXIS2_PLACEMENT_3D('',#3584,#2903,#2904);
#2370=AXIS2_PLACEMENT_3D('',#3585,#2905,#2906);
#2371=AXIS2_PLACEMENT_3D('',#3587,#2907,#2908);
#2372=AXIS2_PLACEMENT_3D('',#3588,#2909,#2910);
#2373=AXIS2_PLACEMENT_3D('',#3591,#2912,#2913);
#2374=AXIS2_PLACEMENT_3D('',#3592,#2914,#2915);
#2375=AXIS2_PLACEMENT_3D('',#3593,#2916,#2917);
#2376=AXIS2_PLACEMENT_3D('',#3595,#2918,#2919);
#2377=AXIS2_PLACEMENT_3D('',#3596,#2920,#2921);
#2378=AXIS2_PLACEMENT_3D('',#3599,#2923,#2924);
#2379=AXIS2_PLACEMENT_3D('',#3600,#2925,#2926);
#2380=AXIS2_PLACEMENT_3D('',#3601,#2927,#2928);
#2381=AXIS2_PLACEMENT_3D('',#3603,#2929,#2930);
#2382=AXIS2_PLACEMENT_3D('',#3604,#2931,#2932);
#2383=AXIS2_PLACEMENT_3D('',#3606,#2934,#2935);
#2384=AXIS2_PLACEMENT_3D('',#3607,#2936,#2937);
#2385=AXIS2_PLACEMENT_3D('',#3608,#2938,#2939);
#2386=AXIS2_PLACEMENT_3D('',#3609,#2940,#2941);
#2387=AXIS2_PLACEMENT_3D('',#3610,#2942,#2943);
#2388=AXIS2_PLACEMENT_3D('',#3612,#2944,#2945);
#2389=AXIS2_PLACEMENT_3D('',#3614,#2946,#2947);
#2390=AXIS2_PLACEMENT_3D('',#3615,#2948,#2949);
#2391=AXIS2_PLACEMENT_3D('',#3617,#2950,#2951);
#2392=AXIS2_PLACEMENT_3D('',#3619,#2952,#2953);
#2393=AXIS2_PLACEMENT_3D('',#3620,#2954,#2955);
#2394=AXIS2_PLACEMENT_3D('',#3621,#2956,#2957);
#2395=AXIS2_PLACEMENT_3D('',#3630,#2962,#2963);
#2396=AXIS2_PLACEMENT_3D('',#3636,#2967,#2968);
#2397=AXIS2_PLACEMENT_3D('',#3640,#2971,#2972);
#2398=AXIS2_PLACEMENT_3D('',#3644,#2975,#2976);
#2399=AXIS2_PLACEMENT_3D('',#3646,#2978,#2979);
#2400=AXIS2_PLACEMENT_3D('',#3647,#2980,#2981);
#2401=AXIS2_PLACEMENT_3D('',#3656,#2986,#2987);
#2402=AXIS2_PLACEMENT_3D('',#3662,#2991,#2992);
#2403=AXIS2_PLACEMENT_3D('',#3666,#2995,#2996);
#2404=AXIS2_PLACEMENT_3D('',#3670,#2999,#3000);
#2405=AXIS2_PLACEMENT_3D('',#3672,#3002,#3003);
#2406=AXIS2_PLACEMENT_3D('',#3673,#3004,#3005);
#2407=AXIS2_PLACEMENT_3D('',#3682,#3010,#3011);
#2408=AXIS2_PLACEMENT_3D('',#3688,#3015,#3016);
#2409=AXIS2_PLACEMENT_3D('',#3692,#3019,#3020);
#2410=AXIS2_PLACEMENT_3D('',#3696,#3023,#3024);
#2411=AXIS2_PLACEMENT_3D('',#3698,#3026,#3027);
#2412=AXIS2_PLACEMENT_3D('',#3699,#3028,#3029);
#2413=AXIS2_PLACEMENT_3D('',#3700,#3030,#3031);
#2414=AXIS2_PLACEMENT_3D('',#3702,#3032,#3033);
#2415=AXIS2_PLACEMENT_3D('',#3704,#3034,#3035);
#2416=AXIS2_PLACEMENT_3D('',#3705,#3036,#3037);
#2417=AXIS2_PLACEMENT_3D('',#3707,#3038,#3039);
#2418=AXIS2_PLACEMENT_3D('',#3709,#3040,#3041);
#2419=AXIS2_PLACEMENT_3D('',#3710,#3042,#3043);
#2420=AXIS2_PLACEMENT_3D('',#3711,#3044,#3045);
#2421=AXIS2_PLACEMENT_3D('',#3720,#3050,#3051);
#2422=AXIS2_PLACEMENT_3D('',#3726,#3055,#3056);
#2423=AXIS2_PLACEMENT_3D('',#3730,#3059,#3060);
#2424=AXIS2_PLACEMENT_3D('',#3734,#3063,#3064);
#2425=AXIS2_PLACEMENT_3D('',#3736,#3066,#3067);
#2426=AXIS2_PLACEMENT_3D('',#3737,#3068,#3069);
#2427=AXIS2_PLACEMENT_3D('',#3738,#3070,#3071);
#2428=AXIS2_PLACEMENT_3D('',#3739,#3072,#3073);
#2429=AXIS2_PLACEMENT_3D('',#3741,#3074,#3075);
#2430=AXIS2_PLACEMENT_3D('',#3742,#3076,#3077);
#2431=AXIS2_PLACEMENT_3D('',#3744,#3078,#3079);
#2432=AXIS2_PLACEMENT_3D('',#3745,#3080,#3081);
#2433=AXIS2_PLACEMENT_3D('',#3746,#3082,#3083);
#2434=DIRECTION('',(0.,0.,1.));
#2435=DIRECTION('',(1.,0.,0.));
#2436=DIRECTION('',(0.,0.,1.));
#2437=DIRECTION('',(1.,0.,0.));
#2438=DIRECTION('',(0.,0.,1.));
#2439=DIRECTION('',(-1.,0.,0.));
#2440=DIRECTION('',(0.,0.,-1.));
#2441=DIRECTION('',(-1.,0.,0.));
#2442=DIRECTION('',(0.,0.,1.));
#2443=DIRECTION('',(-1.,0.,0.));
#2444=DIRECTION('',(0.,0.,-1.));
#2445=DIRECTION('',(-1.,0.,0.));
#2446=DIRECTION('',(0.,0.,1.));
#2447=DIRECTION('',(1.,0.,0.));
#2448=DIRECTION('',(0.,0.,-1.));
#2449=DIRECTION('',(-1.,0.,0.));
#2450=DIRECTION('',(0.,0.,1.));
#2451=DIRECTION('',(-1.,0.,0.));
#2452=DIRECTION('',(0.,0.,-1.));
#2453=DIRECTION('',(-1.,0.,0.));
#2454=DIRECTION('',(0.,0.,1.));
#2455=DIRECTION('',(-1.,0.,0.));
#2456=DIRECTION('',(0.,0.,-1.));
#2457=DIRECTION('',(-1.,0.,0.));
#2458=DIRECTION('',(0.,0.,-1.));
#2459=DIRECTION('',(-1.,0.,0.));
#2460=DIRECTION('',(1.0842021724855E-15,-1.,0.));
#2461=DIRECTION('',(1.,0.,0.));
#2462=DIRECTION('',(0.,-1.,0.));
#2463=DIRECTION('',(1.,-3.09772049281573E-16,0.));
#2464=DIRECTION('',(0.,0.,-1.));
#2465=DIRECTION('',(-1.,0.,0.));
#2466=DIRECTION('',(0.,-1.,0.));
#2467=DIRECTION('',(-1.,0.,0.));
#2468=DIRECTION('',(-1.0842021724855E-15,-1.,0.));
#2469=DIRECTION('',(-1.,-3.09772049281573E-16,0.));
#2470=DIRECTION('',(0.,0.,-1.));
#2471=DIRECTION('',(-1.,0.,0.));
#2472=DIRECTION('',(1.0842021724855E-15,-1.,0.));
#2473=DIRECTION('',(1.,0.,0.));
#2474=DIRECTION('',(0.,-1.,0.));
#2475=DIRECTION('',(1.,3.09772049281573E-16,0.));
#2476=DIRECTION('',(0.,0.,-1.));
#2477=DIRECTION('',(-1.,0.,0.));
#2478=DIRECTION('',(0.,-1.,0.));
#2479=DIRECTION('',(-1.,0.,0.));
#2480=DIRECTION('',(-1.0842021724855E-15,-1.,0.));
#2481=DIRECTION('',(-1.,3.09772049281573E-16,0.));
#2482=DIRECTION('',(-3.09772049281573E-16,-1.,0.));
#2483=DIRECTION('',(1.,-3.09772049281573E-16,0.));
#2484=DIRECTION('',(0.,0.,1.));
#2485=DIRECTION('',(0.,0.,1.));
#2486=DIRECTION('',(1.,-3.09772049281573E-16,0.));
#2487=DIRECTION('',(1.,1.0842021724855E-15,0.));
#2488=DIRECTION('',(-1.0842021724855E-15,1.,0.));
#2489=DIRECTION('',(0.,0.,-1.));
#2490=DIRECTION('',(0.,-1.,0.));
#2491=DIRECTION('',(0.,-1.,0.));
#2492=DIRECTION('',(0.,0.,-1.));
#2493=DIRECTION('',(-1.,0.,0.));
#2494=DIRECTION('',(0.,0.,-1.));
#2495=DIRECTION('',(1.,0.,0.));
#2496=DIRECTION('',(0.,0.,-1.));
#2497=DIRECTION('',(0.,1.,0.));
#2498=DIRECTION('',(-3.09772049281573E-16,1.,0.));
#2499=DIRECTION('',(-1.,-3.09772049281573E-16,0.));
#2500=DIRECTION('',(0.,0.,1.));
#2501=DIRECTION('',(1.,3.09772049281573E-16,0.));
#2502=DIRECTION('',(0.,0.,1.));
#2503=DIRECTION('',(1.,0.,0.));
#2504=DIRECTION('',(0.,0.,-1.));
#2505=DIRECTION('',(0.,0.,1.));
#2506=DIRECTION('',(0.,-1.,0.));
#2507=DIRECTION('',(0.,1.,0.));
#2508=DIRECTION('',(0.,0.,1.));
#2509=DIRECTION('',(0.,0.,-1.));
#2510=DIRECTION('',(-1.,0.,0.));
#2511=DIRECTION('',(1.,-1.0842021724855E-15,0.));
#2512=DIRECTION('',(1.0842021724855E-15,1.,0.));
#2513=DIRECTION('',(0.,1.,0.));
#2514=DIRECTION('',(-3.09772049281573E-16,1.,0.));
#2515=DIRECTION('',(-1.,-3.09772049281573E-16,0.));
#2516=DIRECTION('',(0.,0.,1.));
#2517=DIRECTION('',(0.,0.,1.));
#2518=DIRECTION('',(1.,0.,0.));
#2519=DIRECTION('',(1.,1.0842021724855E-15,0.));
#2520=DIRECTION('',(-1.0842021724855E-15,1.,0.));
#2521=DIRECTION('',(0.,0.,-1.));
#2522=DIRECTION('',(0.,-1.,0.));
#2523=DIRECTION('',(0.,1.,0.));
#2524=DIRECTION('',(0.,0.,1.));
#2525=DIRECTION('',(-1.,0.,0.));
#2526=DIRECTION('',(0.,0.,-1.));
#2527=DIRECTION('',(1.,0.,0.));
#2528=DIRECTION('',(0.,0.,-1.));
#2529=DIRECTION('',(0.,1.,0.));
#2530=DIRECTION('',(-3.09772049281573E-16,-1.,0.));
#2531=DIRECTION('',(1.,-3.09772049281573E-16,0.));
#2532=DIRECTION('',(0.,0.,1.));
#2533=DIRECTION('',(1.,0.,0.));
#2534=DIRECTION('',(0.,0.,1.));
#2535=DIRECTION('',(1.,0.,0.));
#2536=DIRECTION('',(0.,0.,-1.));
#2537=DIRECTION('',(0.,0.,1.));
#2538=DIRECTION('',(0.,-1.,0.));
#2539=DIRECTION('',(0.,-1.,0.));
#2540=DIRECTION('',(0.,0.,-1.));
#2541=DIRECTION('',(0.,0.,-1.));
#2542=DIRECTION('',(-1.,0.,0.));
#2543=DIRECTION('',(1.,-1.0842021724855E-15,0.));
#2544=DIRECTION('',(1.0842021724855E-15,1.,0.));
#2545=DIRECTION('',(0.,1.,0.));
#2546=DIRECTION('',(0.,0.,1.));
#2547=DIRECTION('',(1.,0.,0.));
#2548=DIRECTION('',(6.09478425798614E-15,7.16528714251875E-15,1.));
#2549=DIRECTION('',(0.,-1.,7.16528714251875E-15));
#2550=DIRECTION('',(0.,1.,0.));
#2551=DIRECTION('',(1.20980294963545E-15,-5.73729370679649E-16,1.));
#2552=DIRECTION('',(1.,0.,-1.20980294963545E-15));
#2553=DIRECTION('',(1.,0.,0.));
#2554=DIRECTION('',(7.43152133967386E-15,6.81990593309704E-15,1.));
#2555=DIRECTION('',(1.,0.,-7.43152133967386E-15));
#2556=DIRECTION('',(1.0842021724855E-16,-1.,0.));
#2557=DIRECTION('',(1.02245662591386E-14,-1.04069186033789E-14,1.));
#2558=DIRECTION('',(0.,-1.,-1.04069186033789E-14));
#2559=DIRECTION('',(-1.,0.,0.));
#2560=DIRECTION('',(0.,0.,-1.));
#2561=DIRECTION('',(-1.,0.,0.));
#2562=DIRECTION('',(0.,1.,0.));
#2563=DIRECTION('',(0.,0.,1.));
#2564=DIRECTION('',(0.,-1.,0.));
#2565=DIRECTION('',(0.,-1.,0.));
#2566=DIRECTION('',(0.,0.,1.));
#2567=DIRECTION('',(6.09478425798614E-15,7.16528714251875E-15,1.));
#2568=DIRECTION('',(0.,-1.,7.16528714251875E-15));
#2569=DIRECTION('',(-1.,0.,0.));
#2570=DIRECTION('',(0.,0.,1.));
#2571=DIRECTION('',(-1.,0.,0.));
#2572=DIRECTION('',(0.,0.,1.));
#2573=DIRECTION('',(-1.,0.,0.));
#2574=DIRECTION('',(0.,0.,1.));
#2575=DIRECTION('',(1.,0.,0.));
#2576=DIRECTION('',(1.02245662591386E-14,-1.04069186033789E-14,1.));
#2577=DIRECTION('',(0.,-1.,-1.04069186033789E-14));
#2578=DIRECTION('',(1.0842021724855E-16,-1.,0.));
#2579=DIRECTION('',(1.,1.0842021724855E-16,0.));
#2580=DIRECTION('',(0.,0.,1.));
#2581=DIRECTION('',(-1.,0.,0.));
#2582=DIRECTION('',(1.0842021724855E-16,-1.,0.));
#2583=DIRECTION('',(1.,0.,0.));
#2584=DIRECTION('',(1.0842021724855E-16,-1.,0.));
#2585=DIRECTION('',(1.,1.0842021724855E-16,0.));
#2586=DIRECTION('',(-1.0842021724855E-16,1.,0.));
#2587=DIRECTION('',(7.43152133967386E-15,6.81990593309704E-15,1.));
#2588=DIRECTION('',(1.,0.,-7.43152133967386E-15));
#2589=DIRECTION('',(1.,0.,0.));
#2590=DIRECTION('',(0.,0.,-1.));
#2591=DIRECTION('',(0.,0.,1.));
#2592=DIRECTION('',(-1.,0.,0.));
#2593=DIRECTION('',(1.,0.,0.));
#2594=DIRECTION('',(0.,0.,-1.));
#2595=DIRECTION('',(1.,0.,0.));
#2596=DIRECTION('',(0.,0.,-1.));
#2597=DIRECTION('',(-1.,0.,0.));
#2598=DIRECTION('',(1.20980294963545E-15,-5.73729370679649E-16,1.));
#2599=DIRECTION('',(1.,0.,-1.20980294963545E-15));
#2600=DIRECTION('',(0.,0.,1.));
#2601=DIRECTION('',(-1.,0.,0.));
#2602=DIRECTION('',(-1.,0.,0.));
#2603=DIRECTION('',(0.,0.,1.));
#2604=DIRECTION('',(0.,0.,-1.));
#2605=DIRECTION('',(0.,1.,0.));
#2606=DIRECTION('',(0.,0.,1.));
#2607=DIRECTION('',(0.,0.,-1.));
#2608=DIRECTION('',(-1.,0.,0.));
#2609=DIRECTION('',(0.,0.,1.));
#2610=DIRECTION('',(0.,-1.,0.));
#2611=DIRECTION('',(0.,0.,-1.));
#2612=DIRECTION('',(-1.,0.,0.));
#2613=DIRECTION('',(0.,0.,-1.));
#2614=DIRECTION('',(0.,0.,-1.));
#2615=DIRECTION('',(-1.,0.,0.));
#2616=DIRECTION('',(0.,0.,1.));
#2617=DIRECTION('',(0.,0.,1.));
#2618=DIRECTION('',(-1.,0.,0.));
#2619=DIRECTION('',(1.,1.0842021724855E-16,0.));
#2620=DIRECTION('',(-1.0842021724855E-16,1.,0.));
#2621=DIRECTION('',(0.,0.,-1.));
#2622=DIRECTION('',(1.0842021724855E-16,-1.,0.));
#2623=DIRECTION('',(0.,0.,-1.));
#2624=DIRECTION('',(-1.,0.,0.));
#2625=DIRECTION('',(0.,0.,1.));
#2626=DIRECTION('',(0.,1.,0.));
#2627=DIRECTION('',(0.,0.,1.));
#2628=DIRECTION('',(0.,0.,-1.));
#2629=DIRECTION('',(1.,0.,0.));
#2630=DIRECTION('',(0.,0.,-1.));
#2631=DIRECTION('',(-1.,0.,0.));
#2632=DIRECTION('',(0.,-1.,0.));
#2633=DIRECTION('',(0.,0.,-1.));
#2634=DIRECTION('',(0.,1.,0.));
#2635=DIRECTION('',(0.,-1.,0.));
#2636=DIRECTION('',(0.,0.,-1.));
#2637=DIRECTION('',(-6.56175822274064E-15,-7.24173733787127E-15,1.));
#2638=DIRECTION('',(0.,-1.,-7.24173733787127E-15));
#2639=DIRECTION('',(-1.,0.,0.));
#2640=DIRECTION('',(0.,0.,-1.));
#2641=DIRECTION('',(-6.56175822274064E-15,-7.24173733787127E-15,1.));
#2642=DIRECTION('',(0.,-1.,-7.24173733787127E-15));
#2643=DIRECTION('',(1.,0.,0.));
#2644=DIRECTION('',(0.,0.,-1.));
#2645=DIRECTION('',(-1.,0.,0.));
#2646=DIRECTION('',(0.,0.,-1.));
#2647=DIRECTION('',(-1.,0.,0.));
#2648=DIRECTION('',(-2.71039503934233E-15,5.52740918559242E-15,1.));
#2649=DIRECTION('',(0.,-1.,5.52740918559242E-15));
#2650=DIRECTION('',(1.0842021724855E-16,-1.,0.));
#2651=DIRECTION('',(-1.,-1.0842021724855E-16,0.));
#2652=DIRECTION('',(-2.71039503934233E-15,5.52740918559242E-15,1.));
#2653=DIRECTION('',(0.,-1.,5.52740918559242E-15));
#2654=DIRECTION('',(-1.0842021724855E-16,1.,0.));
#2655=DIRECTION('',(-1.,-1.0842021724855E-16,0.));
#2656=DIRECTION('',(0.,-1.,0.));
#2657=DIRECTION('',(5.87273965306111E-15,1.69707156787004E-15,1.));
#2658=DIRECTION('',(1.,0.,-5.87273965306111E-15));
#2659=DIRECTION('',(1.,0.,0.));
#2660=DIRECTION('',(0.,0.,1.));
#2661=DIRECTION('',(5.87273965306111E-15,1.69707156787004E-15,1.));
#2662=DIRECTION('',(1.,0.,-5.87273965306111E-15));
#2663=DIRECTION('',(-1.,0.,0.));
#2664=DIRECTION('',(0.,0.,1.));
#2665=DIRECTION('',(1.,0.,0.));
#2666=DIRECTION('',(-1.89882151931499E-15,-1.30634834787468E-15,1.));
#2667=DIRECTION('',(1.,0.,1.89882151931499E-15));
#2668=DIRECTION('',(-1.89882151931499E-15,-1.30634834787468E-15,1.));
#2669=DIRECTION('',(1.,0.,1.89882151931499E-15));
#2670=DIRECTION('',(0.,0.,1.));
#2671=DIRECTION('',(1.,0.,0.));
#2672=DIRECTION('',(0.,0.,-1.));
#2673=DIRECTION('',(-1.,0.,0.));
#2674=DIRECTION('',(0.,0.,-1.));
#2675=DIRECTION('',(-1.,0.,0.));
#2676=DIRECTION('',(0.,0.,-1.));
#2677=DIRECTION('',(-1.,0.,0.));
#2678=DIRECTION('',(0.,0.,-1.));
#2679=DIRECTION('',(-1.,0.,0.));
#2680=DIRECTION('',(0.,0.,1.));
#2681=DIRECTION('',(1.,0.,0.));
#2682=DIRECTION('',(0.,0.,1.));
#2683=DIRECTION('',(1.,0.,0.));
#2684=DIRECTION('',(0.,0.,1.));
#2685=DIRECTION('',(1.,0.,0.));
#2686=DIRECTION('',(0.,0.,1.));
#2687=DIRECTION('',(1.,0.,0.));
#2688=DIRECTION('',(0.,0.,-1.));
#2689=DIRECTION('',(1.,0.,0.));
#2690=DIRECTION('',(0.,-1.,0.));
#2691=DIRECTION('',(1.59025568055392E-14,4.31091499111366E-15,-1.));
#2692=DIRECTION('',(1.,0.,1.59025568055392E-14));
#2693=DIRECTION('',(1.,0.,0.));
#2694=DIRECTION('',(-1.21070795351748E-14,1.87058686741816E-14,-1.));
#2695=DIRECTION('',(0.,-1.,-1.87058686741816E-14));
#2696=DIRECTION('',(0.,1.,0.));
#2697=DIRECTION('',(-4.91283221911433E-14,-4.39392508885015E-14,-1.));
#2698=DIRECTION('',(1.,0.,-4.91283221911433E-14));
#2699=DIRECTION('',(-1.,0.,0.));
#2700=DIRECTION('',(9.13495750510861E-16,-1.01373175686949E-14,-1.));
#2701=DIRECTION('',(0.,-1.,1.01373175686949E-14));
#2702=DIRECTION('',(-9.13495750510861E-16,1.01373175686949E-14,1.));
#2703=DIRECTION('',(0.,-1.,1.01373175686949E-14));
#2704=DIRECTION('',(0.,1.,0.));
#2705=DIRECTION('',(0.,0.,-1.));
#2706=DIRECTION('',(-1.,0.,0.));
#2707=DIRECTION('',(0.,0.,1.));
#2708=DIRECTION('',(0.,0.,-1.));
#2709=DIRECTION('',(-1.,0.,0.));
#2710=DIRECTION('',(0.,-1.,0.));
#2711=DIRECTION('',(0.,0.,-1.));
#2712=DIRECTION('',(0.,1.,0.));
#2713=DIRECTION('',(0.,0.,-1.));
#2714=DIRECTION('',(0.,1.,0.));
#2715=DIRECTION('',(-1.59025568055392E-14,-4.31091499111366E-15,1.));
#2716=DIRECTION('',(1.,0.,1.59025568055392E-14));
#2717=DIRECTION('',(-1.,0.,0.));
#2718=DIRECTION('',(0.,0.,-1.));
#2719=DIRECTION('',(0.,0.,-1.));
#2720=DIRECTION('',(-1.,0.,0.));
#2721=DIRECTION('',(1.,0.,0.));
#2722=DIRECTION('',(0.,0.,-1.));
#2723=DIRECTION('',(-1.,0.,0.));
#2724=DIRECTION('',(0.,0.,-1.));
#2725=DIRECTION('',(-1.,0.,0.));
#2726=DIRECTION('',(1.21070795351748E-14,-1.87058686741816E-14,1.));
#2727=DIRECTION('',(0.,-1.,-1.87058686741816E-14));
#2728=DIRECTION('',(0.,-1.,0.));
#2729=DIRECTION('',(0.,0.,1.));
#2730=DIRECTION('',(0.,0.,-1.));
#2731=DIRECTION('',(-1.,0.,0.));
#2732=DIRECTION('',(0.,1.,0.));
#2733=DIRECTION('',(0.,0.,1.));
#2734=DIRECTION('',(0.,-1.,0.));
#2735=DIRECTION('',(0.,-1.,0.));
#2736=DIRECTION('',(0.,0.,1.));
#2737=DIRECTION('',(4.91283221911433E-14,4.39392508885015E-14,1.));
#2738=DIRECTION('',(1.,0.,-4.91283221911433E-14));
#2739=DIRECTION('',(0.,0.,-1.));
#2740=DIRECTION('',(-1.,0.,0.));
#2741=DIRECTION('',(1.,0.,0.));
#2742=DIRECTION('',(0.,0.,1.));
#2743=DIRECTION('',(-1.,0.,0.));
#2744=DIRECTION('',(0.,0.,1.));
#2745=DIRECTION('',(1.,0.,0.));
#2746=DIRECTION('',(0.,0.,-1.));
#2747=DIRECTION('',(-1.,0.,0.));
#2748=DIRECTION('',(0.,0.,1.));
#2749=DIRECTION('',(0.,0.,-1.));
#2750=DIRECTION('',(0.,0.,1.));
#2751=DIRECTION('',(-1.,0.,0.));
#2752=DIRECTION('',(-1.,0.,0.));
#2753=DIRECTION('',(0.,0.,1.));
#2754=DIRECTION('',(0.,1.,0.));
#2755=DIRECTION('',(0.,0.,-1.));
#2756=DIRECTION('',(0.,0.,-1.));
#2757=DIRECTION('',(-1.,0.,0.));
#2758=DIRECTION('',(0.,0.,1.));
#2759=DIRECTION('',(0.,0.,1.));
#2760=DIRECTION('',(-1.,0.,0.));
#2761=DIRECTION('',(0.,-1.,0.));
#2762=DIRECTION('',(0.,0.,-1.));
#2763=DIRECTION('',(-1.,0.,0.));
#2764=DIRECTION('',(0.,0.,-1.));
#2765=DIRECTION('',(0.,0.,-1.));
#2766=DIRECTION('',(-1.,0.,0.));
#2767=DIRECTION('',(0.,0.,1.));
#2768=DIRECTION('',(0.,0.,1.));
#2769=DIRECTION('',(-1.,0.,0.));
#2770=DIRECTION('',(1.,0.,0.));
#2771=DIRECTION('',(0.,0.,-1.));
#2772=DIRECTION('',(6.19544098563146E-17,-1.,0.));
#2773=DIRECTION('',(0.,0.,-1.));
#2774=DIRECTION('',(0.,0.,-1.));
#2775=DIRECTION('',(-1.,0.,0.));
#2776=DIRECTION('',(0.,0.,1.));
#2777=DIRECTION('',(0.,0.,1.));
#2778=DIRECTION('',(-1.,0.,0.));
#2779=DIRECTION('',(0.,1.,0.));
#2780=DIRECTION('',(0.,0.,1.));
#2781=DIRECTION('',(1.,-1.73472347597681E-16,0.));
#2782=DIRECTION('',(1.87593676441055E-15,6.58453888851911E-16,1.));
#2783=DIRECTION('',(1.,0.,-1.87593676441055E-15));
#2784=DIRECTION('',(0.,1.,0.));
#2785=DIRECTION('',(0.,0.,-1.));
#2786=DIRECTION('',(-1.,1.73472347597681E-16,0.));
#2787=DIRECTION('',(-1.73472347597681E-16,-1.,0.));
#2788=DIRECTION('',(0.,-1.,0.));
#2789=DIRECTION('',(0.,0.,-1.));
#2790=DIRECTION('',(0.,-1.,0.));
#2791=DIRECTION('',(0.,1.,0.));
#2792=DIRECTION('',(0.,0.,-1.));
#2793=DIRECTION('',(8.50950411063681E-16,1.48963597038431E-16,1.));
#2794=DIRECTION('',(1.,0.,-8.50950411063681E-16));
#2795=DIRECTION('',(-1.,0.,0.));
#2796=DIRECTION('',(0.,0.,-1.));
#2797=DIRECTION('',(1.,0.,0.));
#2798=DIRECTION('',(0.,0.,-1.));
#2799=DIRECTION('',(1.,0.,0.));
#2800=DIRECTION('',(-1.,0.,0.));
#2801=DIRECTION('',(0.,0.,-1.));
#2802=DIRECTION('',(-1.01064309961486E-15,1.02099136808749E-15,1.));
#2803=DIRECTION('',(0.,-1.,1.02099136808749E-15));
#2804=DIRECTION('',(6.19544098563146E-17,-1.,0.));
#2805=DIRECTION('',(-1.,-6.19544098563146E-17,0.));
#2806=DIRECTION('',(-6.19544098563146E-17,1.,0.));
#2807=DIRECTION('',(-1.,0.,0.));
#2808=DIRECTION('',(-6.19544098563146E-17,1.,0.));
#2809=DIRECTION('',(6.19544098563146E-17,-1.,0.));
#2810=DIRECTION('',(-1.,-6.19544098563146E-17,0.));
#2811=DIRECTION('',(1.20980294963545E-15,2.13647697270064E-16,1.));
#2812=DIRECTION('',(1.,0.,-1.20980294963545E-15));
#2813=DIRECTION('',(1.,-1.73472347597681E-16,0.));
#2814=DIRECTION('',(-1.73472347597681E-16,-1.,0.));
#2815=DIRECTION('',(-1.,1.73472347597681E-16,0.));
#2816=DIRECTION('',(0.,-1.,0.));
#2817=DIRECTION('',(-1.,1.73472347597681E-16,0.));
#2818=DIRECTION('',(6.99376218199932E-16,-1.94085324899905E-17,1.));
#2819=DIRECTION('',(1.,0.,-6.99376218199932E-16));
#2820=DIRECTION('',(0.,-1.,0.));
#2821=DIRECTION('',(0.,0.,-1.));
#2822=DIRECTION('',(-1.,1.73472347597681E-16,0.));
#2823=DIRECTION('',(-1.73472347597681E-16,-1.,0.));
#2824=DIRECTION('',(0.,-1.,0.));
#2825=DIRECTION('',(0.,0.,-1.));
#2826=DIRECTION('',(0.,-1.,0.));
#2827=DIRECTION('',(0.,0.,-1.));
#2828=DIRECTION('',(0.,1.,0.));
#2829=DIRECTION('',(-3.72736367968984E-15,-4.13642890467127E-15,1.));
#2830=DIRECTION('',(0.,-1.,-4.13642890467127E-15));
#2831=DIRECTION('',(1.,0.,0.));
#2832=DIRECTION('',(0.,0.,-1.));
#2833=DIRECTION('',(1.,0.,0.));
#2834=DIRECTION('',(0.,0.,-1.));
#2835=DIRECTION('',(1.,0.,0.));
#2836=DIRECTION('',(0.,0.,-1.));
#2837=DIRECTION('',(-1.,0.,0.));
#2838=DIRECTION('',(-1.01064309961486E-15,9.85221621210959E-16,1.));
#2839=DIRECTION('',(1.,0.,1.01064309961486E-15));
#2840=DIRECTION('',(-6.19544098563146E-17,1.,0.));
#2841=DIRECTION('',(-1.,-6.19544098563146E-17,0.));
#2842=DIRECTION('',(-6.19544098563146E-17,1.,0.));
#2843=DIRECTION('',(-1.,0.,0.));
#2844=DIRECTION('',(6.19544098563146E-17,-1.,0.));
#2845=DIRECTION('',(-6.19544098563146E-17,1.,0.));
#2846=DIRECTION('',(-1.,-6.19544098563146E-17,0.));
#2847=DIRECTION('',(3.21624529935327E-16,-6.15319475859959E-16,1.));
#2848=DIRECTION('',(0.,-1.,-6.15319475859959E-16));
#2849=DIRECTION('',(-1.,1.73472347597681E-16,0.));
#2850=DIRECTION('',(-1.73472347597681E-16,-1.,0.));
#2851=DIRECTION('',(-1.,1.73472347597681E-16,0.));
#2852=DIRECTION('',(0.,-1.,0.));
#2853=DIRECTION('',(1.,-1.73472347597681E-16,0.));
#2854=DIRECTION('',(0.,0.,-1.));
#2855=DIRECTION('',(-1.,0.,0.));
#2856=DIRECTION('',(0.,0.,-1.));
#2857=DIRECTION('',(0.,0.,1.));
#2858=DIRECTION('',(-1.,0.,0.));
#2859=DIRECTION('',(0.,0.,1.));
#2860=DIRECTION('',(-1.,0.,0.));
#2861=DIRECTION('',(0.,0.,1.));
#2862=DIRECTION('',(0.,1.,0.));
#2863=DIRECTION('',(0.,0.,-1.));
#2864=DIRECTION('',(0.,0.,-1.));
#2865=DIRECTION('',(-1.,0.,0.));
#2866=DIRECTION('',(0.,0.,1.));
#2867=DIRECTION('',(-1.,0.,0.));
#2868=DIRECTION('',(0.,0.,1.));
#2869=DIRECTION('',(0.,-1.,0.));
#2870=DIRECTION('',(0.,0.,-1.));
#2871=DIRECTION('',(-1.,0.,0.));
#2872=DIRECTION('',(0.,0.,-1.));
#2873=DIRECTION('',(0.,0.,-1.));
#2874=DIRECTION('',(-1.,0.,0.));
#2875=DIRECTION('',(0.,0.,1.));
#2876=DIRECTION('',(-1.,0.,0.));
#2877=DIRECTION('',(0.,0.,1.));
#2878=DIRECTION('',(1.,6.19544098563146E-17,0.));
#2879=DIRECTION('',(-6.19544098563146E-17,1.,0.));
#2880=DIRECTION('',(6.19544098563146E-17,-1.,0.));
#2881=DIRECTION('',(0.,0.,-1.));
#2882=DIRECTION('',(0.,0.,-1.));
#2883=DIRECTION('',(-1.,0.,0.));
#2884=DIRECTION('',(0.,0.,1.));
#2885=DIRECTION('',(-1.,0.,0.));
#2886=DIRECTION('',(0.,0.,1.));
#2887=DIRECTION('',(1.73472347597681E-16,1.,0.));
#2888=DIRECTION('',(-1.,1.73472347597681E-16,0.));
#2889=DIRECTION('',(1.,-1.73472347597681E-16,0.));
#2890=DIRECTION('',(5.43669134860359E-16,-5.45304079146939E-16,1.));
#2891=DIRECTION('',(0.,-1.,-5.45304079146939E-16));
#2892=DIRECTION('',(5.43669134860359E-16,-5.45304079146939E-16,1.));
#2893=DIRECTION('',(0.,-1.,-5.45304079146939E-16));
#2894=DIRECTION('',(0.,1.,0.));
#2895=DIRECTION('',(0.,0.,1.));
#2896=DIRECTION('',(-1.,1.73472347597681E-16,0.));
#2897=DIRECTION('',(1.73472347597681E-16,1.,0.));
#2898=DIRECTION('',(0.,1.,0.));
#2899=DIRECTION('',(0.,0.,1.));
#2900=DIRECTION('',(0.,1.,0.));
#2901=DIRECTION('',(0.,1.,0.));
#2902=DIRECTION('',(0.,0.,1.));
#2903=DIRECTION('',(-9.7141307170832E-16,-8.08722992993654E-16,1.));
#2904=DIRECTION('',(1.,0.,9.7141307170832E-16));
#2905=DIRECTION('',(-9.7141307170832E-16,-8.08722992993654E-16,1.));
#2906=DIRECTION('',(1.,0.,9.7141307170832E-16));
#2907=DIRECTION('',(-1.,0.,0.));
#2908=DIRECTION('',(0.,0.,1.));
#2909=DIRECTION('',(-1.,0.,0.));
#2910=DIRECTION('',(0.,0.,1.));
#2911=DIRECTION('',(-1.,0.,0.));
#2912=DIRECTION('',(-1.,0.,0.));
#2913=DIRECTION('',(0.,0.,1.));
#2914=DIRECTION('',(-1.22464679914735E-16,-3.23640840465625E-16,1.));
#2915=DIRECTION('',(0.,-1.,-3.23640840465625E-16));
#2916=DIRECTION('',(-1.22464679914735E-16,-3.23640840465625E-16,1.));
#2917=DIRECTION('',(0.,-1.,-3.23640840465625E-16));
#2918=DIRECTION('',(6.19544098563146E-17,-1.,0.));
#2919=DIRECTION('',(1.,6.19544098563146E-17,0.));
#2920=DIRECTION('',(6.19544098563146E-17,-1.,0.));
#2921=DIRECTION('',(1.,0.,0.));
#2922=DIRECTION('',(0.,-1.,0.));
#2923=DIRECTION('',(6.19544098563146E-17,-1.,0.));
#2924=DIRECTION('',(1.,6.19544098563146E-17,0.));
#2925=DIRECTION('',(-1.28911144414704E-15,-1.10983876092767E-15,1.));
#2926=DIRECTION('',(1.,0.,1.28911144414704E-15));
#2927=DIRECTION('',(-1.28911144414704E-15,-1.10983876092767E-15,1.));
#2928=DIRECTION('',(1.,0.,1.28911144414704E-15));
#2929=DIRECTION('',(1.,-1.73472347597681E-16,0.));
#2930=DIRECTION('',(1.73472347597681E-16,1.,0.));
#2931=DIRECTION('',(1.,-1.73472347597681E-16,0.));
#2932=DIRECTION('',(0.,1.,0.));
#2933=DIRECTION('',(1.,0.,0.));
#2934=DIRECTION('',(0.,0.,1.));
#2935=DIRECTION('',(1.,0.,0.));
#2936=DIRECTION('',(0.,0.,1.));
#2937=DIRECTION('',(1.,0.,0.));
#2938=DIRECTION('',(0.,0.,1.));
#2939=DIRECTION('',(1.,0.,0.));
#2940=DIRECTION('',(0.,0.,-1.));
#2941=DIRECTION('',(-1.,0.,0.));
#2942=DIRECTION('',(0.,0.,1.));
#2943=DIRECTION('',(-1.,0.,0.));
#2944=DIRECTION('',(0.,0.,1.));
#2945=DIRECTION('',(-1.,0.,0.));
#2946=DIRECTION('',(0.,0.,-1.));
#2947=DIRECTION('',(-1.,0.,0.));
#2948=DIRECTION('',(0.,0.,1.));
#2949=DIRECTION('',(-1.,0.,0.));
#2950=DIRECTION('',(0.,0.,-1.));
#2951=DIRECTION('',(-1.,0.,0.));
#2952=DIRECTION('',(0.,0.,-1.));
#2953=DIRECTION('',(-1.,0.,0.));
#2954=DIRECTION('',(0.,0.,-1.));
#2955=DIRECTION('',(-1.,0.,0.));
#2956=DIRECTION('',(0.,0.,-1.));
#2957=DIRECTION('',(-1.,0.,0.));
#2958=DIRECTION('',(0.,1.,0.));
#2959=DIRECTION('',(1.,0.,0.));
#2960=DIRECTION('',(1.0842021724855E-15,1.,0.));
#2961=DIRECTION('',(1.,-3.09772049281573E-16,0.));
#2962=DIRECTION('',(-3.09772049281573E-16,-1.,0.));
#2963=DIRECTION('',(1.,-3.09772049281573E-16,0.));
#2964=DIRECTION('',(0.,0.,1.));
#2965=DIRECTION('',(1.,0.,0.));
#2966=DIRECTION('',(0.,0.,1.));
#2967=DIRECTION('',(1.,0.,0.));
#2968=DIRECTION('',(0.,0.,-1.));
#2969=DIRECTION('',(0.,-1.,0.));
#2970=DIRECTION('',(0.,0.,1.));
#2971=DIRECTION('',(0.,-1.,0.));
#2972=DIRECTION('',(0.,0.,-1.));
#2973=DIRECTION('',(-1.,0.,0.));
#2974=DIRECTION('',(0.,0.,-1.));
#2975=DIRECTION('',(1.,-1.0842021724855E-15,0.));
#2976=DIRECTION('',(1.0842021724855E-15,1.,0.));
#2977=DIRECTION('',(0.,1.,0.));
#2978=DIRECTION('',(0.,0.,-1.));
#2979=DIRECTION('',(-1.,0.,0.));
#2980=DIRECTION('',(0.,0.,-1.));
#2981=DIRECTION('',(-1.,0.,0.));
#2982=DIRECTION('',(0.,1.,0.));
#2983=DIRECTION('',(1.,0.,0.));
#2984=DIRECTION('',(1.0842021724855E-15,1.,0.));
#2985=DIRECTION('',(1.,-3.09772049281573E-16,0.));
#2986=DIRECTION('',(-3.09772049281573E-16,-1.,0.));
#2987=DIRECTION('',(1.,-3.09772049281573E-16,0.));
#2988=DIRECTION('',(0.,0.,1.));
#2989=DIRECTION('',(1.,0.,0.));
#2990=DIRECTION('',(0.,0.,1.));
#2991=DIRECTION('',(1.,0.,0.));
#2992=DIRECTION('',(0.,0.,-1.));
#2993=DIRECTION('',(0.,-1.,0.));
#2994=DIRECTION('',(0.,0.,1.));
#2995=DIRECTION('',(0.,-1.,0.));
#2996=DIRECTION('',(0.,0.,-1.));
#2997=DIRECTION('',(-1.,0.,0.));
#2998=DIRECTION('',(0.,0.,-1.));
#2999=DIRECTION('',(1.,-1.0842021724855E-15,0.));
#3000=DIRECTION('',(1.0842021724855E-15,1.,0.));
#3001=DIRECTION('',(0.,1.,0.));
#3002=DIRECTION('',(0.,0.,-1.));
#3003=DIRECTION('',(-1.,0.,0.));
#3004=DIRECTION('',(0.,0.,-1.));
#3005=DIRECTION('',(-1.,0.,0.));
#3006=DIRECTION('',(-1.0842021724855E-15,1.,0.));
#3007=DIRECTION('',(-1.,0.,0.));
#3008=DIRECTION('',(0.,1.,0.));
#3009=DIRECTION('',(-1.,-3.09772049281573E-16,0.));
#3010=DIRECTION('',(-3.09772049281573E-16,1.,0.));
#3011=DIRECTION('',(-1.,-3.09772049281573E-16,0.));
#3012=DIRECTION('',(1.,0.,0.));
#3013=DIRECTION('',(0.,0.,1.));
#3014=DIRECTION('',(0.,0.,1.));
#3015=DIRECTION('',(1.,1.0842021724855E-15,0.));
#3016=DIRECTION('',(-1.0842021724855E-15,1.,0.));
#3017=DIRECTION('',(0.,-1.,0.));
#3018=DIRECTION('',(0.,0.,-1.));
#3019=DIRECTION('',(0.,1.,0.));
#3020=DIRECTION('',(0.,0.,1.));
#3021=DIRECTION('',(-1.,0.,0.));
#3022=DIRECTION('',(0.,0.,-1.));
#3023=DIRECTION('',(1.,0.,0.));
#3024=DIRECTION('',(0.,0.,-1.));
#3025=DIRECTION('',(0.,1.,0.));
#3026=DIRECTION('',(0.,0.,-1.));
#3027=DIRECTION('',(-1.,0.,0.));
#3028=DIRECTION('',(0.,0.,-1.));
#3029=DIRECTION('',(-1.,0.,0.));
#3030=DIRECTION('',(0.,0.,1.));
#3031=DIRECTION('',(-1.,0.,0.));
#3032=DIRECTION('',(0.,0.,-1.));
#3033=DIRECTION('',(-1.,0.,0.));
#3034=DIRECTION('',(0.,0.,-1.));
#3035=DIRECTION('',(-1.,0.,0.));
#3036=DIRECTION('',(0.,0.,1.));
#3037=DIRECTION('',(-1.,0.,0.));
#3038=DIRECTION('',(0.,0.,1.));
#3039=DIRECTION('',(-1.,0.,0.));
#3040=DIRECTION('',(0.,0.,-1.));
#3041=DIRECTION('',(-1.,0.,0.));
#3042=DIRECTION('',(0.,0.,-1.));
#3043=DIRECTION('',(-1.,0.,0.));
#3044=DIRECTION('',(0.,0.,-1.));
#3045=DIRECTION('',(-1.,0.,0.));
#3046=DIRECTION('',(-1.0842021724855E-15,1.,0.));
#3047=DIRECTION('',(-1.,0.,0.));
#3048=DIRECTION('',(0.,1.,0.));
#3049=DIRECTION('',(-1.,-3.09772049281573E-16,0.));
#3050=DIRECTION('',(-3.09772049281573E-16,1.,0.));
#3051=DIRECTION('',(-1.,-3.09772049281573E-16,0.));
#3052=DIRECTION('',(1.,0.,0.));
#3053=DIRECTION('',(0.,0.,1.));
#3054=DIRECTION('',(0.,0.,1.));
#3055=DIRECTION('',(1.,1.0842021724855E-15,0.));
#3056=DIRECTION('',(-1.0842021724855E-15,1.,0.));
#3057=DIRECTION('',(0.,-1.,0.));
#3058=DIRECTION('',(0.,0.,-1.));
#3059=DIRECTION('',(0.,1.,0.));
#3060=DIRECTION('',(0.,0.,1.));
#3061=DIRECTION('',(-1.,0.,0.));
#3062=DIRECTION('',(0.,0.,-1.));
#3063=DIRECTION('',(1.,0.,0.));
#3064=DIRECTION('',(0.,0.,-1.));
#3065=DIRECTION('',(0.,1.,0.));
#3066=DIRECTION('',(0.,0.,-1.));
#3067=DIRECTION('',(-1.,0.,0.));
#3068=DIRECTION('',(0.,0.,1.));
#3069=DIRECTION('',(1.,0.,0.));
#3070=DIRECTION('',(0.,0.,1.));
#3071=DIRECTION('',(1.,0.,0.));
#3072=DIRECTION('',(0.,0.,1.));
#3073=DIRECTION('',(-1.,0.,0.));
#3074=DIRECTION('',(0.,0.,1.));
#3075=DIRECTION('',(1.,0.,0.));
#3076=DIRECTION('',(0.,0.,1.));
#3077=DIRECTION('',(-1.,0.,0.));
#3078=DIRECTION('',(0.,0.,-1.));
#3079=DIRECTION('',(-1.,0.,0.));
#3080=DIRECTION('',(0.,0.,1.));
#3081=DIRECTION('',(1.,0.,0.));
#3082=DIRECTION('',(0.,0.,1.));
#3083=DIRECTION('',(1.,0.,0.));
#3084=CARTESIAN_POINT('',(0.,0.,0.));
#3085=CARTESIAN_POINT('',(0.,0.,0.));
#3086=CARTESIAN_POINT('',(2.24805387123852E-17,-0.68,0.));
#3087=CARTESIAN_POINT('',(-0.3,-0.68,0.));
#3088=CARTESIAN_POINT('',(0.,0.,0.1));
#3089=CARTESIAN_POINT('',(2.24805387123852E-17,-0.68,0.1));
#3090=CARTESIAN_POINT('',(-0.3,-0.68,0.1));
#3091=CARTESIAN_POINT('',(2.24805387123852E-17,-0.68,0.1));
#3092=CARTESIAN_POINT('',(-0.35,-0.68,0.1));
#3093=CARTESIAN_POINT('',(0.,0.,0.));
#3094=CARTESIAN_POINT('',(2.24805387123852E-17,-0.68,0.));
#3095=CARTESIAN_POINT('',(-0.35,-0.68,0.));
#3096=CARTESIAN_POINT('',(2.24805387123852E-17,-0.68,0.));
#3097=CARTESIAN_POINT('',(-0.6,-0.68,0.));
#3098=CARTESIAN_POINT('',(0.,0.,0.1));
#3099=CARTESIAN_POINT('',(2.24805387123852E-17,-0.68,0.1));
#3100=CARTESIAN_POINT('',(-0.6,-0.68,0.1));
#3101=CARTESIAN_POINT('',(2.24805387123852E-17,-0.68,0.1));
#3102=CARTESIAN_POINT('',(-1.,-0.68,0.1));
#3103=CARTESIAN_POINT('',(0.,0.,0.1));
#3104=CARTESIAN_POINT('',(-0.499999999999999,-5.42101086242751E-16,0.1));
#3105=CARTESIAN_POINT('',(-0.5,0.95,0.1));
#3106=CARTESIAN_POINT('',(-0.5,0.65,0.1));
#3107=CARTESIAN_POINT('',(0.,0.65,0.1));
#3108=CARTESIAN_POINT('',(-1.2,0.65,0.1));
#3109=CARTESIAN_POINT('',(-1.2,0.,0.1));
#3110=CARTESIAN_POINT('',(-1.2,0.95,0.1));
#3111=CARTESIAN_POINT('',(2.94283446817494E-16,0.95,0.1));
#3112=CARTESIAN_POINT('',(0.,0.,0.1));
#3113=CARTESIAN_POINT('',(1.2,0.,0.1));
#3114=CARTESIAN_POINT('',(1.2,1.65,0.1));
#3115=CARTESIAN_POINT('',(1.2,1.35,0.1));
#3116=CARTESIAN_POINT('',(0.,1.35,0.1));
#3117=CARTESIAN_POINT('',(0.5,1.35,0.1));
#3118=CARTESIAN_POINT('',(0.499999999999998,-5.4210108624275E-16,0.1));
#3119=CARTESIAN_POINT('',(0.5,1.65,0.1));
#3120=CARTESIAN_POINT('',(-5.11123881314595E-16,1.65,0.1));
#3121=CARTESIAN_POINT('',(0.,0.,0.1));
#3122=CARTESIAN_POINT('',(-0.499999999999999,-5.42101086242751E-16,0.1));
#3123=CARTESIAN_POINT('',(-0.5,1.65,0.1));
#3124=CARTESIAN_POINT('',(-0.5,1.35,0.1));
#3125=CARTESIAN_POINT('',(0.,1.35,0.1));
#3126=CARTESIAN_POINT('',(-1.2,1.35,0.1));
#3127=CARTESIAN_POINT('',(-1.2,0.,0.1));
#3128=CARTESIAN_POINT('',(-1.2,1.65,0.1));
#3129=CARTESIAN_POINT('',(-5.11123881314595E-16,1.65,0.1));
#3130=CARTESIAN_POINT('',(0.,0.,0.1));
#3131=CARTESIAN_POINT('',(1.2,0.,0.1));
#3132=CARTESIAN_POINT('',(1.2,0.95,0.1));
#3133=CARTESIAN_POINT('',(1.2,0.65,0.1));
#3134=CARTESIAN_POINT('',(0.,0.65,0.1));
#3135=CARTESIAN_POINT('',(0.5,0.65,0.1));
#3136=CARTESIAN_POINT('',(0.499999999999998,-5.4210108624275E-16,0.1));
#3137=CARTESIAN_POINT('',(0.5,0.95,0.1));
#3138=CARTESIAN_POINT('',(2.94283446817494E-16,0.95,0.1));
#3139=CARTESIAN_POINT('',(2.94283446817494E-16,0.95,0.1));
#3140=CARTESIAN_POINT('',(-0.5,0.95,0.1));
#3141=CARTESIAN_POINT('',(-0.5,0.95,0.));
#3142=CARTESIAN_POINT('',(-1.2,0.950000000000001,0.1));
#3143=CARTESIAN_POINT('',(-1.2,0.95,0.));
#3144=CARTESIAN_POINT('',(2.94283446817494E-16,0.95,0.));
#3145=CARTESIAN_POINT('',(-0.499999999999999,-5.42101086242751E-16,0.1));
#3146=CARTESIAN_POINT('',(-0.5,0.65,0.1));
#3147=CARTESIAN_POINT('',(-0.5,0.65,0.));
#3148=CARTESIAN_POINT('',(-0.5,0.,0.));
#3149=CARTESIAN_POINT('',(0.,0.65,0.1));
#3150=CARTESIAN_POINT('',(0.,0.65,0.));
#3151=CARTESIAN_POINT('',(-1.2,0.65,0.));
#3152=CARTESIAN_POINT('',(-1.2,0.65,0.1));
#3153=CARTESIAN_POINT('',(-1.2,0.,0.1));
#3154=CARTESIAN_POINT('',(-1.2,0.,0.));
#3155=CARTESIAN_POINT('',(-5.11123881314595E-16,1.65,0.1));
#3156=CARTESIAN_POINT('',(0.5,1.65,0.1));
#3157=CARTESIAN_POINT('',(0.5,1.65,0.));
#3158=CARTESIAN_POINT('',(-5.11123881314595E-16,1.65,0.));
#3159=CARTESIAN_POINT('',(1.2,1.65,0.));
#3160=CARTESIAN_POINT('',(1.2,1.65,0.1));
#3161=CARTESIAN_POINT('',(1.2,0.,0.1));
#3162=CARTESIAN_POINT('',(1.2,1.35,0.1));
#3163=CARTESIAN_POINT('',(1.2,1.35,0.));
#3164=CARTESIAN_POINT('',(1.2,0.,0.));
#3165=CARTESIAN_POINT('',(0.,1.35,0.1));
#3166=CARTESIAN_POINT('',(0.5,1.35,0.1));
#3167=CARTESIAN_POINT('',(0.5,1.35,0.));
#3168=CARTESIAN_POINT('',(0.,1.35,0.));
#3169=CARTESIAN_POINT('',(0.499999999999998,-5.4210108624275E-16,0.1));
#3170=CARTESIAN_POINT('',(0.5,0.,0.));
#3171=CARTESIAN_POINT('',(-5.11123881314595E-16,1.65,0.1));
#3172=CARTESIAN_POINT('',(-0.5,1.65,0.1));
#3173=CARTESIAN_POINT('',(-0.5,1.65,0.));
#3174=CARTESIAN_POINT('',(-1.2,1.65,0.1));
#3175=CARTESIAN_POINT('',(-1.2,1.65,0.));
#3176=CARTESIAN_POINT('',(0.,1.65,0.));
#3177=CARTESIAN_POINT('',(-0.499999999999999,-5.42101086242751E-16,0.1));
#3178=CARTESIAN_POINT('',(-0.5,1.35,0.1));
#3179=CARTESIAN_POINT('',(-0.5,1.35,0.));
#3180=CARTESIAN_POINT('',(-0.5,0.,0.));
#3181=CARTESIAN_POINT('',(0.,1.35,0.1));
#3182=CARTESIAN_POINT('',(0.,1.35,0.));
#3183=CARTESIAN_POINT('',(-1.2,1.35,0.));
#3184=CARTESIAN_POINT('',(-1.2,1.35,0.1));
#3185=CARTESIAN_POINT('',(-1.2,0.,0.1));
#3186=CARTESIAN_POINT('',(-1.2,0.,0.));
#3187=CARTESIAN_POINT('',(2.94283446817494E-16,0.95,0.1));
#3188=CARTESIAN_POINT('',(0.5,0.95,0.1));
#3189=CARTESIAN_POINT('',(0.5,0.95,0.));
#3190=CARTESIAN_POINT('',(0.,0.95,0.));
#3191=CARTESIAN_POINT('',(1.2,0.95,0.));
#3192=CARTESIAN_POINT('',(1.2,0.95,0.1));
#3193=CARTESIAN_POINT('',(1.2,0.,0.1));
#3194=CARTESIAN_POINT('',(1.2,0.65,0.1));
#3195=CARTESIAN_POINT('',(1.2,0.65,0.));
#3196=CARTESIAN_POINT('',(1.2,0.,0.));
#3197=CARTESIAN_POINT('',(0.,0.65,0.1));
#3198=CARTESIAN_POINT('',(0.5,0.65,0.1));
#3199=CARTESIAN_POINT('',(0.5,0.65,0.));
#3200=CARTESIAN_POINT('',(0.,0.65,0.));
#3201=CARTESIAN_POINT('',(0.499999999999998,-5.4210108624275E-16,0.1));
#3202=CARTESIAN_POINT('',(0.5,0.,0.));
#3203=CARTESIAN_POINT('',(0.,0.,0.));
#3204=CARTESIAN_POINT('',(1.45087105118897,1.94,-3.58735393821141E-14));
#3205=CARTESIAN_POINT('',(1.48,1.95,-1.6940658945086E-18));
#3206=CARTESIAN_POINT('',(1.45,1.98,-1.41172157875717E-18));
#3207=CARTESIAN_POINT('',(1.48,2.,0.));
#3208=CARTESIAN_POINT('',(1.48,-1.95,-1.86347248395946E-17));
#3209=CARTESIAN_POINT('',(1.45,-1.95,0.));
#3210=CARTESIAN_POINT('',(1.45,-1.98,-3.10578747326577E-18));
#3211=CARTESIAN_POINT('',(-1.5,-1.98,-3.3881317890172E-18));
#3212=CARTESIAN_POINT('',(-1.45,-1.98,-5.36454199927724E-18));
#3213=CARTESIAN_POINT('',(-1.45,-1.95,0.));
#3214=CARTESIAN_POINT('',(-1.48,-1.95,-2.65403656806347E-17));
#3215=CARTESIAN_POINT('',(-1.48,2.,-5.42101086242752E-17));
#3216=CARTESIAN_POINT('',(-1.48,1.95,-2.96461531539005E-17));
#3217=CARTESIAN_POINT('',(-1.45,1.95,0.));
#3218=CARTESIAN_POINT('',(-1.45,1.98,-2.82344315751433E-18));
#3219=CARTESIAN_POINT('',(-1.5,1.98,0.));
#3220=CARTESIAN_POINT('',(2.24805387123852E-17,-0.68,0.));
#3221=CARTESIAN_POINT('',(-1.,-0.68,0.));
#3222=CARTESIAN_POINT('',(1.48,2.,0.02));
#3223=CARTESIAN_POINT('',(1.48,1.95,0.));
#3224=CARTESIAN_POINT('',(1.49047197551197,1.95,2.29156522332375E-16));
#3225=CARTESIAN_POINT('',(1.5,1.95,0.00952802448803417));
#3226=CARTESIAN_POINT('',(1.5,1.95,0.02));
#3227=CARTESIAN_POINT('',(1.5,1.95,0.02));
#3228=CARTESIAN_POINT('',(1.5,2.,0.02));
#3229=CARTESIAN_POINT('',(1.5,-1.95,0.02));
#3230=CARTESIAN_POINT('',(1.48,-1.95,0.02));
#3231=CARTESIAN_POINT('',(1.45087105118897,1.94,0.0200000000000003));
#3232=CARTESIAN_POINT('',(1.45087105118897,1.98,0.02));
#3233=CARTESIAN_POINT('',(1.45,2.,0.02));
#3234=CARTESIAN_POINT('',(1.5,1.95,0.02));
#3235=CARTESIAN_POINT('',(1.5,1.97617993877992,0.02));
#3236=CARTESIAN_POINT('',(1.47617993877992,2.,0.02));
#3237=CARTESIAN_POINT('',(1.45,2.,0.02));
#3238=CARTESIAN_POINT('',(-1.5,1.98,0.02));
#3239=CARTESIAN_POINT('',(-1.45,1.98,0.02));
#3240=CARTESIAN_POINT('',(-1.45,2.,0.02));
#3241=CARTESIAN_POINT('',(-1.5,2.,0.02));
#3242=CARTESIAN_POINT('',(-1.45,1.95,0.0199999999999991));
#3243=CARTESIAN_POINT('',(-1.48,1.95,0.02));
#3244=CARTESIAN_POINT('',(-1.5,1.95,0.02));
#3245=CARTESIAN_POINT('',(-1.45,1.95,0.0199999999999991));
#3246=CARTESIAN_POINT('',(-1.48,2.,0.02));
#3247=CARTESIAN_POINT('',(-1.48,-1.95,0.02));
#3248=CARTESIAN_POINT('',(-1.5,-1.95,0.02));
#3249=CARTESIAN_POINT('',(-1.5,2.,0.02));
#3250=CARTESIAN_POINT('',(-1.45,-1.95,0.0199999999999998));
#3251=CARTESIAN_POINT('',(-1.45,-1.98,0.02));
#3252=CARTESIAN_POINT('',(-1.45,-2.,0.02));
#3253=CARTESIAN_POINT('',(-1.45,-1.95,0.0199999999999998));
#3254=CARTESIAN_POINT('',(-1.5,-1.98,0.02));
#3255=CARTESIAN_POINT('',(1.45,-1.98,0.02));
#3256=CARTESIAN_POINT('',(1.45,-2.,0.02));
#3257=CARTESIAN_POINT('',(-1.5,-2.,0.02));
#3258=CARTESIAN_POINT('',(1.45,-1.95,0.0200000000000001));
#3259=CARTESIAN_POINT('',(1.45,-1.95,0.0200000000000001));
#3260=CARTESIAN_POINT('',(1.5,2.,0.25));
#3261=CARTESIAN_POINT('',(1.5,1.95,0.25));
#3262=CARTESIAN_POINT('',(1.5,1.95,0.23));
#3263=CARTESIAN_POINT('',(1.5,0.,0.23));
#3264=CARTESIAN_POINT('',(1.5,-1.95,0.23));
#3265=CARTESIAN_POINT('',(1.5,-1.95,0.25));
#3266=CARTESIAN_POINT('',(1.45,1.95,0.25));
#3267=CARTESIAN_POINT('',(1.45,2.,0.25));
#3268=CARTESIAN_POINT('',(1.45,2.,0.23));
#3269=CARTESIAN_POINT('',(1.45,2.,0.23));
#3270=CARTESIAN_POINT('',(1.47617993877992,2.,0.23));
#3271=CARTESIAN_POINT('',(1.5,1.97617993877992,0.23));
#3272=CARTESIAN_POINT('',(1.5,1.95,0.23));
#3273=CARTESIAN_POINT('',(-1.5,2.,0.25));
#3274=CARTESIAN_POINT('',(0.,2.,0.23));
#3275=CARTESIAN_POINT('',(-1.45,2.,0.23));
#3276=CARTESIAN_POINT('',(-1.45,2.,0.25));
#3277=CARTESIAN_POINT('',(-1.45,1.95,0.25));
#3278=CARTESIAN_POINT('',(-1.5,1.95,0.25));
#3279=CARTESIAN_POINT('',(-1.5,1.95,0.23));
#3280=CARTESIAN_POINT('',(-1.45,1.95,0.23));
#3281=CARTESIAN_POINT('',(-1.5,2.,0.25));
#3282=CARTESIAN_POINT('',(-1.5,-1.95,0.25));
#3283=CARTESIAN_POINT('',(-1.5,-1.95,0.23));
#3284=CARTESIAN_POINT('',(-1.5,-1.62630325872826E-16,0.23));
#3285=CARTESIAN_POINT('',(-1.45,-1.95,0.25));
#3286=CARTESIAN_POINT('',(-1.45,-2.,0.25));
#3287=CARTESIAN_POINT('',(-1.45,-2.,0.23));
#3288=CARTESIAN_POINT('',(-1.45,-2.,0.23));
#3289=CARTESIAN_POINT('',(-1.47617993877991,-2.,0.23));
#3290=CARTESIAN_POINT('',(-1.5,-1.97617993877992,0.23));
#3291=CARTESIAN_POINT('',(-1.5,-1.95,0.23));
#3292=CARTESIAN_POINT('',(-1.5,-2.,0.25));
#3293=CARTESIAN_POINT('',(1.45,-2.,0.25));
#3294=CARTESIAN_POINT('',(1.45,-2.,0.23));
#3295=CARTESIAN_POINT('',(0.,-2.,0.23));
#3296=CARTESIAN_POINT('',(1.45,-1.95,0.25));
#3297=CARTESIAN_POINT('',(1.5,-1.95,0.23));
#3298=CARTESIAN_POINT('',(1.5,-1.97617993877992,0.23));
#3299=CARTESIAN_POINT('',(1.47617993877991,-2.,0.23));
#3300=CARTESIAN_POINT('',(1.45,-2.,0.23));
#3301=CARTESIAN_POINT('',(1.48,0.,0.23));
#3302=CARTESIAN_POINT('',(1.5,1.95,0.23));
#3303=CARTESIAN_POINT('',(1.5,1.95,0.240471975511966));
#3304=CARTESIAN_POINT('',(1.49047197551197,1.95,0.25));
#3305=CARTESIAN_POINT('',(1.48,1.95,0.25));
#3306=CARTESIAN_POINT('',(1.48,1.95,0.25));
#3307=CARTESIAN_POINT('',(1.48,0.,0.25));
#3308=CARTESIAN_POINT('',(1.47999999999911,-1.95087105120757,0.25));
#3309=CARTESIAN_POINT('',(1.48,-1.95087105120757,0.23));
#3310=CARTESIAN_POINT('',(1.45087105119558,1.94,0.23));
#3311=CARTESIAN_POINT('',(1.45087105119558,1.98,0.23));
#3312=CARTESIAN_POINT('',(1.45087105119558,1.97999999999911,0.25));
#3313=CARTESIAN_POINT('',(1.45087105119558,1.94,0.250000000000036));
#3314=CARTESIAN_POINT('',(0.,1.98,0.23));
#3315=CARTESIAN_POINT('',(-1.45,1.98,0.23));
#3316=CARTESIAN_POINT('',(-1.45,1.98,0.25));
#3317=CARTESIAN_POINT('',(0.,1.98,0.25));
#3318=CARTESIAN_POINT('',(-1.45,1.95,0.23));
#3319=CARTESIAN_POINT('',(-1.48,1.95,0.23));
#3320=CARTESIAN_POINT('',(-1.48,1.95,0.25));
#3321=CARTESIAN_POINT('',(-1.45,1.95,0.25));
#3322=CARTESIAN_POINT('',(-1.48,-1.60461921527855E-16,0.23));
#3323=CARTESIAN_POINT('',(-1.5,-1.95,0.23));
#3324=CARTESIAN_POINT('',(-1.5,-1.95,0.240471975511966));
#3325=CARTESIAN_POINT('',(-1.49047197551197,-1.95,0.25));
#3326=CARTESIAN_POINT('',(-1.48,-1.95,0.25));
#3327=CARTESIAN_POINT('',(-1.48,-1.95,0.25));
#3328=CARTESIAN_POINT('',(-1.48,0.,0.25));
#3329=CARTESIAN_POINT('',(-1.45087105112307,-1.94,0.23));
#3330=CARTESIAN_POINT('',(-1.45087105112307,-1.98,0.23));
#3331=CARTESIAN_POINT('',(-1.45,-1.98,0.25));
#3332=CARTESIAN_POINT('',(-1.45087105112307,-1.94,0.250000000000036));
#3333=CARTESIAN_POINT('',(0.,-1.98,0.23));
#3334=CARTESIAN_POINT('',(1.45,-2.,0.23));
#3335=CARTESIAN_POINT('',(1.45,-2.,0.240471975511966));
#3336=CARTESIAN_POINT('',(1.45,-1.99047197551197,0.25));
#3337=CARTESIAN_POINT('',(1.45,-1.98,0.25));
#3338=CARTESIAN_POINT('',(1.45,-1.98,0.25));
#3339=CARTESIAN_POINT('',(0.,-1.98,0.25));
#3340=CARTESIAN_POINT('',(1.44,-1.95087105120757,0.23));
#3341=CARTESIAN_POINT('',(1.44,-1.95087105120757,0.250000000000036));
#3342=CARTESIAN_POINT('',(0.,0.,0.25));
#3343=CARTESIAN_POINT('',(2.24805387123852E-17,-0.68,0.1));
#3344=CARTESIAN_POINT('',(2.24805387123852E-17,-0.68,0.1));
#3345=CARTESIAN_POINT('',(2.24805387123852E-17,-0.68,0.1));
#3346=CARTESIAN_POINT('',(2.24805387123852E-17,-0.68,0.1));
#3347=CARTESIAN_POINT('',(0.,0.,0.));
#3348=CARTESIAN_POINT('',(1.025,1.525,1.27));
#3349=CARTESIAN_POINT('',(1.025,1.525,1.27));
#3350=CARTESIAN_POINT('',(1.15,1.525,1.27));
#3351=CARTESIAN_POINT('',(0.,0.,1.28));
#3352=CARTESIAN_POINT('',(1.025,1.525,1.28));
#3353=CARTESIAN_POINT('',(1.15,1.525,1.28));
#3354=CARTESIAN_POINT('',(1.275,0.,1.28));
#3355=CARTESIAN_POINT('',(1.275,1.75,1.28));
#3356=CARTESIAN_POINT('',(1.275,-1.75,1.28));
#3357=CARTESIAN_POINT('',(1.25,1.75,1.28));
#3358=CARTESIAN_POINT('',(1.25,1.775,1.28));
#3359=CARTESIAN_POINT('',(0.,1.775,1.28));
#3360=CARTESIAN_POINT('',(-1.25,1.775,1.28));
#3361=CARTESIAN_POINT('',(-1.25,1.75,1.28));
#3362=CARTESIAN_POINT('',(-1.275,1.75,1.28));
#3363=CARTESIAN_POINT('',(-1.275,0.,1.28));
#3364=CARTESIAN_POINT('',(-1.275,-1.75,1.28));
#3365=CARTESIAN_POINT('',(-1.25,-1.75,1.28));
#3366=CARTESIAN_POINT('',(-1.25,-1.775,1.28));
#3367=CARTESIAN_POINT('',(0.,-1.775,1.28));
#3368=CARTESIAN_POINT('',(1.25,-1.775,1.28));
#3369=CARTESIAN_POINT('',(1.25,-1.75,1.28));
#3370=CARTESIAN_POINT('',(1.25,-1.75,1.205));
#3371=CARTESIAN_POINT('',(1.275,-1.75,1.205));
#3372=CARTESIAN_POINT('',(1.35,-1.75,1.205));
#3373=CARTESIAN_POINT('',(1.25,-1.775,1.205));
#3374=CARTESIAN_POINT('',(1.25,-1.85,1.205));
#3375=CARTESIAN_POINT('',(1.25,-1.75,1.205));
#3376=CARTESIAN_POINT('',(1.275,0.,1.205));
#3377=CARTESIAN_POINT('',(1.275,1.75,1.205));
#3378=CARTESIAN_POINT('',(1.35,1.75,1.205));
#3379=CARTESIAN_POINT('',(1.35,0.,1.205));
#3380=CARTESIAN_POINT('',(1.25,1.75,1.205));
#3381=CARTESIAN_POINT('',(1.25,1.775,1.205));
#3382=CARTESIAN_POINT('',(1.25,1.85,1.205));
#3383=CARTESIAN_POINT('',(1.25,1.75,1.205));
#3384=CARTESIAN_POINT('',(0.,1.775,1.205));
#3385=CARTESIAN_POINT('',(-1.25,1.775,1.205));
#3386=CARTESIAN_POINT('',(-1.25,1.85,1.205));
#3387=CARTESIAN_POINT('',(0.,1.85,1.205));
#3388=CARTESIAN_POINT('',(-1.25,1.75,1.205));
#3389=CARTESIAN_POINT('',(-1.275,1.75,1.205));
#3390=CARTESIAN_POINT('',(-1.35,1.75,1.205));
#3391=CARTESIAN_POINT('',(-1.25,1.75,1.205));
#3392=CARTESIAN_POINT('',(-1.275,0.,1.205));
#3393=CARTESIAN_POINT('',(-1.35,0.,1.205));
#3394=CARTESIAN_POINT('',(-1.35,-1.75,1.205));
#3395=CARTESIAN_POINT('',(-1.275,-1.75,1.205));
#3396=CARTESIAN_POINT('',(-1.25,-1.75,1.205));
#3397=CARTESIAN_POINT('',(-1.25,-1.75,1.205));
#3398=CARTESIAN_POINT('',(-1.25,-1.85,1.205));
#3399=CARTESIAN_POINT('',(-1.25,-1.775,1.205));
#3400=CARTESIAN_POINT('',(0.,-1.775,1.205));
#3401=CARTESIAN_POINT('',(0.,-1.85,1.205));
#3402=CARTESIAN_POINT('',(1.25,-1.75,1.28));
#3403=CARTESIAN_POINT('',(1.35,-1.75,1.28));
#3404=CARTESIAN_POINT('',(1.35,-1.75,0.350710678118655));
#3405=CARTESIAN_POINT('',(1.25,-1.85,1.28));
#3406=CARTESIAN_POINT('',(1.25,-1.85,0.350710678118655));
#3407=CARTESIAN_POINT('',(1.25,-1.75,0.350710678118655));
#3408=CARTESIAN_POINT('',(1.35,0.,1.28));
#3409=CARTESIAN_POINT('',(1.35,-1.75,0.350710678118655));
#3410=CARTESIAN_POINT('',(1.35,1.75,0.350710678118655));
#3411=CARTESIAN_POINT('',(1.35,1.75,1.28));
#3412=CARTESIAN_POINT('',(1.25,1.75,1.28));
#3413=CARTESIAN_POINT('',(1.25,1.85,1.28));
#3414=CARTESIAN_POINT('',(1.25,1.85,0.350710678118655));
#3415=CARTESIAN_POINT('',(1.25,1.75,0.350710678118654));
#3416=CARTESIAN_POINT('',(0.,1.85,1.28));
#3417=CARTESIAN_POINT('',(-1.25,1.85,0.350710678118655));
#3418=CARTESIAN_POINT('',(-1.25,1.85,0.350710678118655));
#3419=CARTESIAN_POINT('',(-1.25,1.85,1.28));
#3420=CARTESIAN_POINT('',(-1.25,1.75,1.28));
#3421=CARTESIAN_POINT('',(-1.35,1.75,1.28));
#3422=CARTESIAN_POINT('',(-1.35,1.75,0.350710678118655));
#3423=CARTESIAN_POINT('',(-1.25,1.75,0.350710678118655));
#3424=CARTESIAN_POINT('',(-1.35,0.,1.28));
#3425=CARTESIAN_POINT('',(-1.35,-1.75,0.350710678118655));
#3426=CARTESIAN_POINT('',(-1.35,-1.75,0.350710678118654));
#3427=CARTESIAN_POINT('',(-1.35,-1.75,1.28));
#3428=CARTESIAN_POINT('',(-1.25,-1.75,1.28));
#3429=CARTESIAN_POINT('',(-1.25,-1.85,1.28));
#3430=CARTESIAN_POINT('',(-1.25,-1.85,0.350710678118655));
#3431=CARTESIAN_POINT('',(-1.25,-1.75,0.350710678118655));
#3432=CARTESIAN_POINT('',(0.,-1.85,1.28));
#3433=CARTESIAN_POINT('',(-1.25,-1.85,0.350710678118655));
#3434=CARTESIAN_POINT('',(1.25,-1.75,0.350710678118655));
#3435=CARTESIAN_POINT('',(1.25,-1.89411764705882,0.282363913185583));
#3436=CARTESIAN_POINT('',(1.32545982354211,-1.89411764705882,0.282363913185583));
#3437=CARTESIAN_POINT('',(1.39411764705882,-1.82545982354211,0.282363913185583));
#3438=CARTESIAN_POINT('',(1.39411764705882,-1.75,0.282363913185583));
#3439=CARTESIAN_POINT('',(1.39411764705882,-1.7515152376342,0.282363913185583));
#3440=CARTESIAN_POINT('',(1.2515152376342,-1.89411764705882,0.282363913185583));
#3441=CARTESIAN_POINT('',(1.425,-1.75,0.350710678118655));
#3442=CARTESIAN_POINT('',(1.25,-1.925,0.350710678118655));
#3443=CARTESIAN_POINT('',(1.425,-1.75,0.350710678118655));
#3444=CARTESIAN_POINT('',(1.39411764705882,-1.75,0.282363913185583));
#3445=CARTESIAN_POINT('',(1.39411764705882,1.7515152376342,0.282363913185583));
#3446=CARTESIAN_POINT('',(1.425,1.75,0.350710678118655));
#3447=CARTESIAN_POINT('',(1.25,1.75,0.350710678118654));
#3448=CARTESIAN_POINT('',(1.39411764705882,1.75,0.282363913185583));
#3449=CARTESIAN_POINT('',(1.39411764705882,1.82545982354211,0.282363913185583));
#3450=CARTESIAN_POINT('',(1.32545982354211,1.89411764705882,0.282363913185583));
#3451=CARTESIAN_POINT('',(1.25,1.89411764705882,0.282363913185583));
#3452=CARTESIAN_POINT('',(1.2515152376342,1.89411764705882,0.282363913185583));
#3453=CARTESIAN_POINT('',(1.25,1.925,0.350710678118655));
#3454=CARTESIAN_POINT('',(-1.25,1.925,0.350710678118655));
#3455=CARTESIAN_POINT('',(-1.25,1.89411764705882,0.282363913185583));
#3456=CARTESIAN_POINT('',(-1.2515152376342,1.89411764705882,0.282363913185583));
#3457=CARTESIAN_POINT('',(-1.25,1.925,0.350710678118655));
#3458=CARTESIAN_POINT('',(-1.25,1.75,0.350710678118655));
#3459=CARTESIAN_POINT('',(-1.25,1.89411764705882,0.282363913185583));
#3460=CARTESIAN_POINT('',(-1.32545982354211,1.89411764705882,0.282363913185583));
#3461=CARTESIAN_POINT('',(-1.39411764705882,1.82545982354211,0.282363913185583));
#3462=CARTESIAN_POINT('',(-1.39411764705882,1.75,0.282363913185583));
#3463=CARTESIAN_POINT('',(-1.39411764705882,1.7515152376342,0.282363913185583));
#3464=CARTESIAN_POINT('',(-1.425,1.75,0.350710678118655));
#3465=CARTESIAN_POINT('',(-1.425,-1.75,0.350710678118655));
#3466=CARTESIAN_POINT('',(-1.39411764705882,-1.75,0.282363913185583));
#3467=CARTESIAN_POINT('',(-1.39411764705882,-1.7515152376342,0.282363913185583));
#3468=CARTESIAN_POINT('',(-1.425,-1.75,0.350710678118655));
#3469=CARTESIAN_POINT('',(-1.25,-1.75,0.350710678118655));
#3470=CARTESIAN_POINT('',(-1.39411764705882,-1.75,0.282363913185583));
#3471=CARTESIAN_POINT('',(-1.39411764705882,-1.82545982354211,0.282363913185583));
#3472=CARTESIAN_POINT('',(-1.32545982354211,-1.89411764705882,0.282363913185583));
#3473=CARTESIAN_POINT('',(-1.25,-1.89411764705882,0.282363913185583));
#3474=CARTESIAN_POINT('',(-1.2515152376342,-1.89411764705882,0.282363913185583));
#3475=CARTESIAN_POINT('',(-1.25,-1.925,0.350710678118655));
#3476=CARTESIAN_POINT('',(-1.25,-1.925,0.350710678118655));
#3477=CARTESIAN_POINT('',(-1.25,-1.89411764705882,0.282363913185583));
#3478=CARTESIAN_POINT('',(1.255,-1.755,0.273251011194506));
#3479=CARTESIAN_POINT('',(1.39,-1.755,0.273251011194506));
#3480=CARTESIAN_POINT('',(1.4,-1.75095262963836,0.273251011194506));
#3481=CARTESIAN_POINT('',(1.255,-1.89,0.273251011194507));
#3482=CARTESIAN_POINT('',(1.25095262963836,-1.9,0.273251011194506));
#3483=CARTESIAN_POINT('',(1.39997881051556,-1.75252118946962,0.273251011194506));
#3484=CARTESIAN_POINT('',(1.39997881051556,-1.75252118946963,0.263226939584909));
#3485=CARTESIAN_POINT('',(1.39765193061792,-1.78527184635411,0.272285691011458));
#3486=CARTESIAN_POINT('',(1.38611904855612,-1.81544692836188,0.265492843270274));
#3487=CARTESIAN_POINT('',(1.35961706984327,-1.85948178871178,0.268258172620552));
#3488=CARTESIAN_POINT('',(1.31583483287806,-1.88596236048542,0.26551967988083));
#3489=CARTESIAN_POINT('',(1.28521207407531,-1.89767952411331,0.272216046073039));
#3490=CARTESIAN_POINT('',(1.25252118940162,-1.89997881051669,0.263384903700954));
#3491=CARTESIAN_POINT('',(1.2525211894847,-1.89997881051529,0.273251011197361));
#3492=CARTESIAN_POINT('',(1.39,-1.75,0.273251011194506));
#3493=CARTESIAN_POINT('',(1.39,1.755,0.273251011194506));
#3494=CARTESIAN_POINT('',(1.4,1.75095262963836,0.273251011194507));
#3495=CARTESIAN_POINT('',(1.4,1.75,0.273251011194506));
#3496=CARTESIAN_POINT('',(1.255,1.755,0.273251011194506));
#3497=CARTESIAN_POINT('',(1.255,1.89,0.273251011194506));
#3498=CARTESIAN_POINT('',(1.25095262963836,1.9,0.273251011194507));
#3499=CARTESIAN_POINT('',(1.25252118946964,1.89997881051556,0.273251011194508));
#3500=CARTESIAN_POINT('',(1.25252118946968,1.89997881051556,0.283275082804124));
#3501=CARTESIAN_POINT('',(1.2852718463541,1.89765193061792,0.274216331377546));
#3502=CARTESIAN_POINT('',(1.31544692836189,1.88611904855612,0.281009179118744));
#3503=CARTESIAN_POINT('',(1.35948178871178,1.85961706984327,0.278243849768465));
#3504=CARTESIAN_POINT('',(1.38596236048542,1.81583483287807,0.280982342508166));
#3505=CARTESIAN_POINT('',(1.3976795241133,1.78521207407531,0.274285976316003));
#3506=CARTESIAN_POINT('',(1.39997881051669,1.75252118940166,0.283117118687994));
#3507=CARTESIAN_POINT('',(1.39997881051529,1.75252118948471,0.273251011191653));
#3508=CARTESIAN_POINT('',(-1.25,1.89,0.273251011194506));
#3509=CARTESIAN_POINT('',(-1.255,1.89,0.273251011194506));
#3510=CARTESIAN_POINT('',(-1.25095262963836,1.9,0.273251011194507));
#3511=CARTESIAN_POINT('',(-1.25,1.9,0.273251011194507));
#3512=CARTESIAN_POINT('',(-1.255,1.755,0.273251011194506));
#3513=CARTESIAN_POINT('',(-1.39997881051529,1.75252118948468,0.273251011194505));
#3514=CARTESIAN_POINT('',(-1.39997881051529,1.75252118948472,0.263226940003321));
#3515=CARTESIAN_POINT('',(-1.3976519306186,1.78527184634406,0.272285690822434));
#3516=CARTESIAN_POINT('',(-1.38611904855682,1.8154469283649,0.265492843379601));
#3517=CARTESIAN_POINT('',(-1.35961706984427,1.85948178870935,0.268258172582533));
#3518=CARTESIAN_POINT('',(-1.31583483287869,1.88596236048534,0.265519679885555));
#3519=CARTESIAN_POINT('',(-1.28521207407565,1.89767952411322,0.272216046072081));
#3520=CARTESIAN_POINT('',(-1.25252118940161,1.89997881051669,0.26338490370091));
#3521=CARTESIAN_POINT('',(-1.25252118948468,1.89997881051529,0.273251011197361));
#3522=CARTESIAN_POINT('',(-1.4,1.75095262963836,0.273251011194507));
#3523=CARTESIAN_POINT('',(-1.39,1.755,0.273251011194506));
#3524=CARTESIAN_POINT('',(-1.39,-1.75,0.273251011194506));
#3525=CARTESIAN_POINT('',(-1.4,1.75,0.273251011194507));
#3526=CARTESIAN_POINT('',(-1.4,-1.75095262963836,0.273251011194507));
#3527=CARTESIAN_POINT('',(-1.39,-1.755,0.273251011194506));
#3528=CARTESIAN_POINT('',(-1.255,-1.755,0.273251011194506));
#3529=CARTESIAN_POINT('',(-1.25252118948471,-1.89997881051529,0.273251011194506));
#3530=CARTESIAN_POINT('',(-1.25252118948473,-1.89997881051529,0.263226940003317));
#3531=CARTESIAN_POINT('',(-1.28527184634409,-1.8976519306186,0.272285690822438));
#3532=CARTESIAN_POINT('',(-1.31544692836491,-1.88611904855682,0.2654928433796));
#3533=CARTESIAN_POINT('',(-1.35948178870935,-1.85961706984427,0.268258172582536));
#3534=CARTESIAN_POINT('',(-1.38596236048533,-1.81583483287869,0.265519679885553));
#3535=CARTESIAN_POINT('',(-1.39767952411322,-1.78521207407567,0.272216046072087));
#3536=CARTESIAN_POINT('',(-1.39997881051669,-1.75252118940161,0.263384903700899));
#3537=CARTESIAN_POINT('',(-1.39997881051529,-1.7525211894847,0.273251011197362));
#3538=CARTESIAN_POINT('',(-1.25095262963836,-1.9,0.273251011194507));
#3539=CARTESIAN_POINT('',(-1.255,-1.89,0.273251011194507));
#3540=CARTESIAN_POINT('',(-1.25,-1.89,0.273251011194507));
#3541=CARTESIAN_POINT('',(-1.25,-1.9,0.273251011194507));
#3542=CARTESIAN_POINT('',(1.25,-1.75,0.28));
#3543=CARTESIAN_POINT('',(1.25,-1.9,0.28));
#3544=CARTESIAN_POINT('',(1.25,-1.9,0.26));
#3545=CARTESIAN_POINT('',(1.25,-1.75,0.26));
#3546=CARTESIAN_POINT('',(1.4,-1.75,0.26));
#3547=CARTESIAN_POINT('',(1.4,-1.75,0.28));
#3548=CARTESIAN_POINT('',(1.4,1.75,0.28));
#3549=CARTESIAN_POINT('',(1.4,1.75,0.26));
#3550=CARTESIAN_POINT('',(1.4,1.75,0.26));
#3551=CARTESIAN_POINT('',(1.4,1.75,0.28));
#3552=CARTESIAN_POINT('',(1.25,1.75,0.28));
#3553=CARTESIAN_POINT('',(1.25,1.75,0.26));
#3554=CARTESIAN_POINT('',(1.25,1.9,0.26));
#3555=CARTESIAN_POINT('',(1.25,1.9,0.28));
#3556=CARTESIAN_POINT('',(-1.25,1.9,0.28));
#3557=CARTESIAN_POINT('',(-1.25,1.9,0.26));
#3558=CARTESIAN_POINT('',(-1.25,1.9,0.26));
#3559=CARTESIAN_POINT('',(-1.25,1.9,0.28));
#3560=CARTESIAN_POINT('',(-1.25,1.75,0.28));
#3561=CARTESIAN_POINT('',(-1.25,1.75,0.26));
#3562=CARTESIAN_POINT('',(-1.4,1.75,0.26));
#3563=CARTESIAN_POINT('',(-1.4,1.75,0.28));
#3564=CARTESIAN_POINT('',(-1.4,1.75,0.28));
#3565=CARTESIAN_POINT('',(-1.4,1.75,0.26));
#3566=CARTESIAN_POINT('',(-1.4,-1.75,0.26));
#3567=CARTESIAN_POINT('',(-1.4,-1.75,0.28));
#3568=CARTESIAN_POINT('',(-1.25,-1.75,0.28));
#3569=CARTESIAN_POINT('',(-1.25,-1.75,0.26));
#3570=CARTESIAN_POINT('',(-1.25,-1.9,0.26));
#3571=CARTESIAN_POINT('',(-1.25,-1.9,0.28));
#3572=CARTESIAN_POINT('',(-1.25,-1.9,0.28));
#3573=CARTESIAN_POINT('',(-1.25,-1.9,0.26));
#3574=CARTESIAN_POINT('',(1.25,-1.75,0.26));
#3575=CARTESIAN_POINT('',(1.25,-1.75,0.25));
#3576=CARTESIAN_POINT('',(1.25,-1.91,0.25));
#3577=CARTESIAN_POINT('',(1.41,-1.75,0.25));
#3578=CARTESIAN_POINT('',(1.41,-1.75,0.26));
#3579=CARTESIAN_POINT('',(1.25,-1.91,0.26));
#3580=CARTESIAN_POINT('',(1.41,1.75,0.26));
#3581=CARTESIAN_POINT('',(1.41,0.,0.25));
#3582=CARTESIAN_POINT('',(1.41,1.75,0.25));
#3583=CARTESIAN_POINT('',(1.41,1.75,0.26));
#3584=CARTESIAN_POINT('',(1.25,1.75,0.26));
#3585=CARTESIAN_POINT('',(1.25,1.75,0.25));
#3586=CARTESIAN_POINT('',(1.25,1.91,0.25));
#3587=CARTESIAN_POINT('',(1.25,1.91,0.26));
#3588=CARTESIAN_POINT('',(-1.25,1.91,0.26));
#3589=CARTESIAN_POINT('',(0.,1.91,0.25));
#3590=CARTESIAN_POINT('',(-1.25,1.91,0.25));
#3591=CARTESIAN_POINT('',(-1.25,1.91,0.26));
#3592=CARTESIAN_POINT('',(-1.25,1.75,0.26));
#3593=CARTESIAN_POINT('',(-1.25,1.75,0.25));
#3594=CARTESIAN_POINT('',(-1.41,1.75,0.25));
#3595=CARTESIAN_POINT('',(-1.41,1.75,0.26));
#3596=CARTESIAN_POINT('',(-1.41,1.75,0.26));
#3597=CARTESIAN_POINT('',(-1.41,0.,0.25));
#3598=CARTESIAN_POINT('',(-1.41,-1.75,0.25));
#3599=CARTESIAN_POINT('',(-1.41,-1.75,0.26));
#3600=CARTESIAN_POINT('',(-1.25,-1.75,0.26));
#3601=CARTESIAN_POINT('',(-1.25,-1.75,0.25));
#3602=CARTESIAN_POINT('',(-1.25,-1.91,0.25));
#3603=CARTESIAN_POINT('',(-1.25,-1.91,0.26));
#3604=CARTESIAN_POINT('',(-1.25,-1.91,0.26));
#3605=CARTESIAN_POINT('',(0.,-1.91,0.25));
#3606=CARTESIAN_POINT('',(0.,0.,0.25));
#3607=CARTESIAN_POINT('',(1.025,1.525,1.27));
#3608=CARTESIAN_POINT('',(0.,0.,0.));
#3609=CARTESIAN_POINT('',(0.,0.,0.));
#3610=CARTESIAN_POINT('',(2.24805387123852E-17,-0.68,0.));
#3611=CARTESIAN_POINT('',(-0.6,-0.68,0.));
#3612=CARTESIAN_POINT('',(2.24805387123852E-17,-0.68,0.));
#3613=CARTESIAN_POINT('',(-1.,-0.68,0.));
#3614=CARTESIAN_POINT('',(0.,0.,0.1));
#3615=CARTESIAN_POINT('',(2.24805387123852E-17,-0.68,0.1));
#3616=CARTESIAN_POINT('',(-0.6,-0.68,0.1));
#3617=CARTESIAN_POINT('',(2.24805387123852E-17,-0.68,0.1));
#3618=CARTESIAN_POINT('',(-1.,-0.68,0.1));
#3619=CARTESIAN_POINT('',(2.24805387123852E-17,-0.68,0.1));
#3620=CARTESIAN_POINT('',(2.24805387123852E-17,-0.68,0.1));
#3621=CARTESIAN_POINT('',(0.,0.,0.));
#3622=CARTESIAN_POINT('',(1.2,0.,0.));
#3623=CARTESIAN_POINT('',(1.2,0.65,0.));
#3624=CARTESIAN_POINT('',(1.2,0.95,0.));
#3625=CARTESIAN_POINT('',(0.,0.65,0.));
#3626=CARTESIAN_POINT('',(0.5,0.65,0.));
#3627=CARTESIAN_POINT('',(0.499999999999999,-5.42101086242751E-16,0.));
#3628=CARTESIAN_POINT('',(0.5,0.95,0.));
#3629=CARTESIAN_POINT('',(2.94283446817494E-16,0.95,0.));
#3630=CARTESIAN_POINT('',(2.94283446817494E-16,0.95,0.1));
#3631=CARTESIAN_POINT('',(0.5,0.95,0.1));
#3632=CARTESIAN_POINT('',(0.5,0.95,0.1));
#3633=CARTESIAN_POINT('',(0.,0.95,0.1));
#3634=CARTESIAN_POINT('',(1.2,0.95,0.1));
#3635=CARTESIAN_POINT('',(1.2,0.95,0.1));
#3636=CARTESIAN_POINT('',(1.2,0.,0.1));
#3637=CARTESIAN_POINT('',(1.2,0.,0.1));
#3638=CARTESIAN_POINT('',(1.2,0.65,0.1));
#3639=CARTESIAN_POINT('',(1.2,0.65,0.1));
#3640=CARTESIAN_POINT('',(0.,0.65,0.1));
#3641=CARTESIAN_POINT('',(0.,0.65,0.1));
#3642=CARTESIAN_POINT('',(0.5,0.65,0.1));
#3643=CARTESIAN_POINT('',(0.5,0.65,0.1));
#3644=CARTESIAN_POINT('',(0.499999999999999,-5.42101086242751E-16,0.1));
#3645=CARTESIAN_POINT('',(0.5,0.,0.1));
#3646=CARTESIAN_POINT('',(0.,0.,0.1));
#3647=CARTESIAN_POINT('',(0.,0.,0.));
#3648=CARTESIAN_POINT('',(1.2,0.,0.));
#3649=CARTESIAN_POINT('',(1.2,1.35,0.));
#3650=CARTESIAN_POINT('',(1.2,1.65,0.));
#3651=CARTESIAN_POINT('',(0.,1.35,0.));
#3652=CARTESIAN_POINT('',(0.5,1.35,0.));
#3653=CARTESIAN_POINT('',(0.499999999999998,-5.4210108624275E-16,0.));
#3654=CARTESIAN_POINT('',(0.5,1.65,0.));
#3655=CARTESIAN_POINT('',(5.11123881314595E-16,1.65,0.));
#3656=CARTESIAN_POINT('',(5.11123881314595E-16,1.65,0.1));
#3657=CARTESIAN_POINT('',(0.5,1.65,0.1));
#3658=CARTESIAN_POINT('',(0.5,1.65,0.1));
#3659=CARTESIAN_POINT('',(0.,1.65,0.1));
#3660=CARTESIAN_POINT('',(1.2,1.65,0.1));
#3661=CARTESIAN_POINT('',(1.2,1.65,0.1));
#3662=CARTESIAN_POINT('',(1.2,0.,0.1));
#3663=CARTESIAN_POINT('',(1.2,0.,0.1));
#3664=CARTESIAN_POINT('',(1.2,1.35,0.1));
#3665=CARTESIAN_POINT('',(1.2,1.35,0.1));
#3666=CARTESIAN_POINT('',(0.,1.35,0.1));
#3667=CARTESIAN_POINT('',(0.,1.35,0.1));
#3668=CARTESIAN_POINT('',(0.5,1.35,0.1));
#3669=CARTESIAN_POINT('',(0.5,1.35,0.1));
#3670=CARTESIAN_POINT('',(0.499999999999998,-5.4210108624275E-16,0.1));
#3671=CARTESIAN_POINT('',(0.5,0.,0.1));
#3672=CARTESIAN_POINT('',(0.,0.,0.1));
#3673=CARTESIAN_POINT('',(0.,0.,0.));
#3674=CARTESIAN_POINT('',(-0.499999999999999,-5.42101086242751E-16,0.));
#3675=CARTESIAN_POINT('',(-0.5,0.65,0.));
#3676=CARTESIAN_POINT('',(-0.5,0.95,0.));
#3677=CARTESIAN_POINT('',(0.,0.65,0.));
#3678=CARTESIAN_POINT('',(-1.2,0.65,0.));
#3679=CARTESIAN_POINT('',(-1.2,0.,0.));
#3680=CARTESIAN_POINT('',(-1.2,0.95,0.));
#3681=CARTESIAN_POINT('',(-2.94283446817494E-16,0.95,0.));
#3682=CARTESIAN_POINT('',(-2.94283446817494E-16,0.95,0.1));
#3683=CARTESIAN_POINT('',(0.,0.95,0.1));
#3684=CARTESIAN_POINT('',(-1.2,0.95,0.1));
#3685=CARTESIAN_POINT('',(-0.5,0.95,0.1));
#3686=CARTESIAN_POINT('',(-0.5,0.95,0.1));
#3687=CARTESIAN_POINT('',(-1.2,0.95,0.1));
#3688=CARTESIAN_POINT('',(-0.499999999999999,-5.42101086242751E-16,0.1));
#3689=CARTESIAN_POINT('',(-0.5,0.,0.1));
#3690=CARTESIAN_POINT('',(-0.5,0.65,0.1));
#3691=CARTESIAN_POINT('',(-0.5,0.65,0.1));
#3692=CARTESIAN_POINT('',(0.,0.65,0.1));
#3693=CARTESIAN_POINT('',(0.,0.65,0.1));
#3694=CARTESIAN_POINT('',(-1.2,0.65,0.1));
#3695=CARTESIAN_POINT('',(-1.2,0.65,0.1));
#3696=CARTESIAN_POINT('',(-1.2,0.,0.1));
#3697=CARTESIAN_POINT('',(-1.2,0.,0.1));
#3698=CARTESIAN_POINT('',(0.,0.,0.1));
#3699=CARTESIAN_POINT('',(0.,0.,0.1));
#3700=CARTESIAN_POINT('',(2.24805387123852E-17,-0.68,0.1));
#3701=CARTESIAN_POINT('',(-0.3,-0.68,0.1));
#3702=CARTESIAN_POINT('',(2.24805387123852E-17,-0.68,0.1));
#3703=CARTESIAN_POINT('',(-0.35,-0.68,0.1));
#3704=CARTESIAN_POINT('',(0.,0.,0.));
#3705=CARTESIAN_POINT('',(2.24805387123852E-17,-0.68,0.));
#3706=CARTESIAN_POINT('',(-0.3,-0.68,0.));
#3707=CARTESIAN_POINT('',(2.24805387123852E-17,-0.68,0.));
#3708=CARTESIAN_POINT('',(-0.35,-0.68,0.));
#3709=CARTESIAN_POINT('',(2.24805387123852E-17,-0.68,0.1));
#3710=CARTESIAN_POINT('',(2.24805387123852E-17,-0.68,0.1));
#3711=CARTESIAN_POINT('',(0.,0.,0.));
#3712=CARTESIAN_POINT('',(-0.499999999999998,-5.4210108624275E-16,0.));
#3713=CARTESIAN_POINT('',(-0.5,1.35,0.));
#3714=CARTESIAN_POINT('',(-0.5,1.65,0.));
#3715=CARTESIAN_POINT('',(0.,1.35,0.));
#3716=CARTESIAN_POINT('',(-1.2,1.35,0.));
#3717=CARTESIAN_POINT('',(-1.2,0.,0.));
#3718=CARTESIAN_POINT('',(-1.2,1.65,0.));
#3719=CARTESIAN_POINT('',(-5.11123881314595E-16,1.65,0.));
#3720=CARTESIAN_POINT('',(-5.11123881314595E-16,1.65,0.1));
#3721=CARTESIAN_POINT('',(0.,1.65,0.1));
#3722=CARTESIAN_POINT('',(-1.2,1.65,0.1));
#3723=CARTESIAN_POINT('',(-0.5,1.65,0.1));
#3724=CARTESIAN_POINT('',(-0.5,1.65,0.1));
#3725=CARTESIAN_POINT('',(-1.2,1.65,0.1));
#3726=CARTESIAN_POINT('',(-0.499999999999998,-5.4210108624275E-16,0.1));
#3727=CARTESIAN_POINT('',(-0.5,0.,0.1));
#3728=CARTESIAN_POINT('',(-0.5,1.35,0.1));
#3729=CARTESIAN_POINT('',(-0.5,1.35,0.1));
#3730=CARTESIAN_POINT('',(0.,1.35,0.1));
#3731=CARTESIAN_POINT('',(0.,1.35,0.1));
#3732=CARTESIAN_POINT('',(-1.2,1.35,0.1));
#3733=CARTESIAN_POINT('',(-1.2,1.35,0.1));
#3734=CARTESIAN_POINT('',(-1.2,0.,0.1));
#3735=CARTESIAN_POINT('',(-1.2,0.,0.1));
#3736=CARTESIAN_POINT('',(0.,0.,0.1));
#3737=CARTESIAN_POINT('',(0.,0.,0.));
#3738=CARTESIAN_POINT('',(0.,0.,0.));
#3739=CARTESIAN_POINT('',(0.,0.,0.));
#3740=CARTESIAN_POINT('',(-0.125,0.,0.));
#3741=CARTESIAN_POINT('',(0.,0.,0.01));
#3742=CARTESIAN_POINT('',(0.,0.,0.01));
#3743=CARTESIAN_POINT('',(-0.125,0.,0.01));
#3744=CARTESIAN_POINT('',(0.,0.,0.01));
#3745=CARTESIAN_POINT('',(1.025,1.525,1.27));
#3746=CARTESIAN_POINT('',(0.530686887216276,-11.2306988802176,1.28));
#3747=MECHANICAL_DESIGN_GEOMETRIC_PRESENTATION_REPRESENTATION('',(#2105,
#2106,#2107,#2108,#2109,#2110,#2111,#2112,#2113),#3748);
#3748=(
GEOMETRIC_REPRESENTATION_CONTEXT(3)
GLOBAL_UNCERTAINTY_ASSIGNED_CONTEXT((#3754))
GLOBAL_UNIT_ASSIGNED_CONTEXT((#3762,#3761,#3760))
REPRESENTATION_CONTEXT('IM73A135V01XTSA1','TOP_LEVEL_ASSEMBLY_PART')
);
#3749=(
GEOMETRIC_REPRESENTATION_CONTEXT(3)
GLOBAL_UNCERTAINTY_ASSIGNED_CONTEXT((#3755))
GLOBAL_UNIT_ASSIGNED_CONTEXT((#3762,#3761,#3760))
REPRESENTATION_CONTEXT('Black','COMPONENT_PART')
);
#3750=(
GEOMETRIC_REPRESENTATION_CONTEXT(3)
GLOBAL_UNCERTAINTY_ASSIGNED_CONTEXT((#3756))
GLOBAL_UNIT_ASSIGNED_CONTEXT((#3762,#3761,#3760))
REPRESENTATION_CONTEXT('Gold','COMPONENT_PART')
);
#3751=(
GEOMETRIC_REPRESENTATION_CONTEXT(3)
GLOBAL_UNCERTAINTY_ASSIGNED_CONTEXT((#3757))
GLOBAL_UNIT_ASSIGNED_CONTEXT((#3762,#3761,#3760))
REPRESENTATION_CONTEXT('Pins','COMPONENT_PART')
);
#3752=(
GEOMETRIC_REPRESENTATION_CONTEXT(3)
GLOBAL_UNCERTAINTY_ASSIGNED_CONTEXT((#3758))
GLOBAL_UNIT_ASSIGNED_CONTEXT((#3762,#3761,#3760))
REPRESENTATION_CONTEXT('0.25mm','COMPONENT_PART')
);
#3753=(
GEOMETRIC_REPRESENTATION_CONTEXT(3)
GLOBAL_UNCERTAINTY_ASSIGNED_CONTEXT((#3759))
GLOBAL_UNIT_ASSIGNED_CONTEXT((#3762,#3761,#3760))
REPRESENTATION_CONTEXT('Infineon_Logo_1.4mm','COMPONENT_PART')
);
#3754=UNCERTAINTY_MEASURE_WITH_UNIT(LENGTH_MEASURE(0.005),#3762,
'DISTANCE_ACCURACY_VALUE','Maximum Tolerance applied to model');
#3755=UNCERTAINTY_MEASURE_WITH_UNIT(LENGTH_MEASURE(0.005),#3762,
'DISTANCE_ACCURACY_VALUE','Maximum Tolerance applied to model');
#3756=UNCERTAINTY_MEASURE_WITH_UNIT(LENGTH_MEASURE(0.005),#3762,
'DISTANCE_ACCURACY_VALUE','Maximum Tolerance applied to model');
#3757=UNCERTAINTY_MEASURE_WITH_UNIT(LENGTH_MEASURE(0.005),#3762,
'DISTANCE_ACCURACY_VALUE','Maximum Tolerance applied to model');
#3758=UNCERTAINTY_MEASURE_WITH_UNIT(LENGTH_MEASURE(0.005),#3762,
'DISTANCE_ACCURACY_VALUE','Maximum Tolerance applied to model');
#3759=UNCERTAINTY_MEASURE_WITH_UNIT(LENGTH_MEASURE(0.005),#3762,
'DISTANCE_ACCURACY_VALUE','Maximum Tolerance applied to model');
#3760=(
NAMED_UNIT(*)
SI_UNIT($,.STERADIAN.)
SOLID_ANGLE_UNIT()
);
#3761=(
NAMED_UNIT(*)
PLANE_ANGLE_UNIT()
SI_UNIT($,.RADIAN.)
);
#3762=(
LENGTH_UNIT()
NAMED_UNIT(*)
SI_UNIT(.MILLI.,.METRE.)
);
#3763=PRODUCT_DEFINITION_SHAPE('','',#3774);
#3764=PRODUCT_DEFINITION_SHAPE('','',#3775);
#3765=PRODUCT_DEFINITION_SHAPE(' ','NAUO PRDDFN',#27);
#3766=PRODUCT_DEFINITION_SHAPE('','',#3776);
#3767=PRODUCT_DEFINITION_SHAPE(' ','NAUO PRDDFN',#28);
#3768=PRODUCT_DEFINITION_SHAPE('','',#3777);
#3769=PRODUCT_DEFINITION_SHAPE(' ','NAUO PRDDFN',#29);
#3770=PRODUCT_DEFINITION_SHAPE('','',#3778);
#3771=PRODUCT_DEFINITION_SHAPE(' ','NAUO PRDDFN',#30);
#3772=PRODUCT_DEFINITION_SHAPE('','',#3779);
#3773=PRODUCT_DEFINITION_SHAPE(' ','NAUO PRDDFN',#31);
#3774=PRODUCT_DEFINITION('','',#3786,#3780);
#3775=PRODUCT_DEFINITION('','',#3787,#3781);
#3776=PRODUCT_DEFINITION('','',#3788,#3782);
#3777=PRODUCT_DEFINITION('','',#3789,#3783);
#3778=PRODUCT_DEFINITION('','',#3790,#3784);
#3779=PRODUCT_DEFINITION('','',#3791,#3785);
#3780=PRODUCT_DEFINITION_CONTEXT('',#3817,'design');
#3781=PRODUCT_DEFINITION_CONTEXT('',#3817,'design');
#3782=PRODUCT_DEFINITION_CONTEXT('',#3817,'design');
#3783=PRODUCT_DEFINITION_CONTEXT('',#3817,'design');
#3784=PRODUCT_DEFINITION_CONTEXT('',#3817,'design');
#3785=PRODUCT_DEFINITION_CONTEXT('',#3817,'design');
#3786=PRODUCT_DEFINITION_FORMATION_WITH_SPECIFIED_SOURCE('','',#3798,
 .NOT_KNOWN.);
#3787=PRODUCT_DEFINITION_FORMATION_WITH_SPECIFIED_SOURCE('','',#3799,
 .NOT_KNOWN.);
#3788=PRODUCT_DEFINITION_FORMATION_WITH_SPECIFIED_SOURCE('','',#3800,
 .NOT_KNOWN.);
#3789=PRODUCT_DEFINITION_FORMATION_WITH_SPECIFIED_SOURCE('','',#3801,
 .NOT_KNOWN.);
#3790=PRODUCT_DEFINITION_FORMATION_WITH_SPECIFIED_SOURCE('','',#3802,
 .NOT_KNOWN.);
#3791=PRODUCT_DEFINITION_FORMATION_WITH_SPECIFIED_SOURCE('','',#3803,
 .NOT_KNOWN.);
#3792=PRODUCT_RELATED_PRODUCT_CATEGORY('','',(#3798));
#3793=PRODUCT_RELATED_PRODUCT_CATEGORY('','',(#3799));
#3794=PRODUCT_RELATED_PRODUCT_CATEGORY('','',(#3800));
#3795=PRODUCT_RELATED_PRODUCT_CATEGORY('','',(#3801));
#3796=PRODUCT_RELATED_PRODUCT_CATEGORY('','',(#3802));
#3797=PRODUCT_RELATED_PRODUCT_CATEGORY('','',(#3803));
#3798=PRODUCT('IM73A135V01XTSA1','IM73A135V01XTSA1','IM73A135V01XTSA1',
(#3810));
#3799=PRODUCT('Black','Black','Black',(#3811));
#3800=PRODUCT('Gold','Gold','Gold',(#3812));
#3801=PRODUCT('Pins','Pins','Pins',(#3813));
#3802=PRODUCT('0.25mm','0.25mm','0.25mm',(#3814));
#3803=PRODUCT('Infineon_Logo_1.4mm','Infineon_Logo_1.4mm',
'Infineon_Logo_1.4mm',(#3815));
#3804=PRODUCT_CATEGORY('','');
#3805=PRODUCT_CATEGORY('','');
#3806=PRODUCT_CATEGORY('','');
#3807=PRODUCT_CATEGORY('','');
#3808=PRODUCT_CATEGORY('','');
#3809=PRODUCT_CATEGORY('','');
#3810=PRODUCT_CONTEXT('',#3817,'mechanical');
#3811=PRODUCT_CONTEXT('',#3817,'mechanical');
#3812=PRODUCT_CONTEXT('',#3817,'mechanical');
#3813=PRODUCT_CONTEXT('',#3817,'mechanical');
#3814=PRODUCT_CONTEXT('',#3817,'mechanical');
#3815=PRODUCT_CONTEXT('',#3817,'mechanical');
#3816=APPLICATION_PROTOCOL_DEFINITION('international standard',
'automotive_design',2010,#3817);
#3817=APPLICATION_CONTEXT(
'core data for automotive mechanical design processes');
ENDSEC;
END-ISO-10303-21;
