ISO-10303-21;
HEADER;
FILE_DESCRIPTION (( 'STEP AP214' ),
    '1' );
FILE_NAME ('419AD.STEP',
    '2024-04-17T14:00:10',
    ( 'LENOVO' ),
    ( '' ),
    'SwSTEP 2.0',
    'SolidWorks 2021',
    '' );
FILE_SCHEMA (( 'AUTOMOTIVE_DESIGN' ));
ENDSEC;

DATA;
#1 = DIRECTION ( 'NONE',  ( -1.000000000000000000, -0.000000000000000000, -0.000000000000000000 ) ) ;
#2 = VERTEX_POINT ( 'NONE', #423 ) ;
#3 = ORIENTED_EDGE ( 'NONE', *, *, #758, .T. ) ;
#4 = DIRECTION ( 'NONE',  ( 0.000000000000000000, 0.9925461516413219831, 0.1218693434051477398 ) ) ;
#5 = EDGE_CURVE ( 'NONE', #1562, #495, #2451, .T. ) ;
#6 = ORIENTED_EDGE ( 'NONE', *, *, #1367, .F. ) ;
#7 = EDGE_LOOP ( 'NONE', ( #982, #1316, #2106, #1770 ) ) ;
#8 = ORIENTED_EDGE ( 'NONE', *, *, #2763, .F. ) ;
#9 =( NAMED_UNIT ( * ) SI_UNIT ( $, .STERADIAN. ) SOLID_ANGLE_UNIT ( ) );
#10 = ORIENTED_EDGE ( 'NONE', *, *, #687, .T. ) ;
#11 = EDGE_LOOP ( 'NONE', ( #215, #1292, #2612, #437 ) ) ;
#12 = ORIENTED_EDGE ( 'NONE', *, *, #1906, .F. ) ;
#13 = CARTESIAN_POINT ( 'NONE',  ( -0.3450000000000005285, 1.050000000000000711, -0.8349999999999956346 ) ) ;
#14 = CARTESIAN_POINT ( 'NONE',  ( -0.7029224958474812324, 0.2500000000000000000, 0.7624999999999999556 ) ) ;
#15 = DIRECTION ( 'NONE',  ( -0.9975640502598241977, -0.06975647374412617674, 0.000000000000000000 ) ) ;
#16 = ORIENTED_EDGE ( 'NONE', *, *, #1405, .F. ) ;
#17 = VERTEX_POINT ( 'NONE', #936 ) ;
#18 = CARTESIAN_POINT ( 'NONE',  ( 0.6249999999999987788, 0.5299999999999994715, 1.000000000000000888 ) ) ;
#19 = CARTESIAN_POINT ( 'NONE',  ( -0.6250000000000005551, 0.6699999999999993738, 1.000000000000000888 ) ) ;
#20 = CARTESIAN_POINT ( 'NONE',  ( 0.7135916498898298155, 0.4361863927961265319, 0.1124999999999999750 ) ) ;
#21 = VERTEX_POINT ( 'NONE', #3164 ) ;
#22 =( NAMED_UNIT ( * ) PLANE_ANGLE_UNIT ( ) SI_UNIT ( $, .RADIAN. ) );
#23 = ORIENTED_EDGE ( 'NONE', *, *, #3141, .F. ) ;
#24 = EDGE_CURVE ( 'NONE', #3068, #416, #310, .T. ) ;
#25 = DIRECTION ( 'NONE',  ( 0.06975647374412508039, -0.9975640502598243087, 0.000000000000000000 ) ) ;
#26 = AXIS2_PLACEMENT_3D ( 'NONE', #400, #862, #2390 ) ;
#27 = EDGE_LOOP ( 'NONE', ( #10, #2299, #259, #1945 ) ) ;
#28 = ORIENTED_EDGE ( 'NONE', *, *, #1883, .T. ) ;
#29 = CARTESIAN_POINT ( 'NONE',  ( 0.6250000000000005551, 0.4412630149130573609, 0.7624999999999999556 ) ) ;
#30 = EDGE_LOOP ( 'NONE', ( #2557, #401, #1715, #2384, #422, #2538, #1502, #2297, #2360, #2851, #2086, #1512 ) ) ;
#31 = ORIENTED_EDGE ( 'NONE', *, *, #1597, .T. ) ;
#32 = PLANE ( 'NONE',  #2860 ) ;
#33 = DIRECTION ( 'NONE',  ( 1.000000000000000000, 0.000000000000000000, 0.000000000000000000 ) ) ;
#34 = CARTESIAN_POINT ( 'NONE',  ( -0.6250000000000005551, 0.4412630149130573609, -0.7624999999999999556 ) ) ;
#35 = FACE_OUTER_BOUND ( 'NONE', #2631, .T. ) ;
#36 = VERTEX_POINT ( 'NONE', #1688 ) ;
#37 = ORIENTED_EDGE ( 'NONE', *, *, #1835, .T. ) ;
#38 = DIRECTION ( 'NONE',  ( -0.000000000000000000, -0.000000000000000000, -1.000000000000000000 ) ) ;
#39 = CARTESIAN_POINT ( 'NONE',  ( -0.9312848509559306098, 0.2369140106989806038, -0.7624999999999999556 ) ) ;
#40 = CARTESIAN_POINT ( 'NONE',  ( 0.6250000000000005551, 0.4412630149130573609, 0.1124999999999999750 ) ) ;
#41 = ORIENTED_EDGE ( 'NONE', *, *, #2372, .T. ) ;
#42 = ORIENTED_EDGE ( 'NONE', *, *, #98, .T. ) ;
#43 = CARTESIAN_POINT ( 'NONE',  ( 0.8537369850869426235, 0.4412630149130573609, 0.7624999999999999556 ) ) ;
#44 = VERTEX_POINT ( 'NONE', #474 ) ;
#45 = ORIENTED_EDGE ( 'NONE', *, *, #1749, .F. ) ;
#46 = EDGE_LOOP ( 'NONE', ( #1467, #1202, #2605, #1045, #1298, #315, #317, #1314, #2147, #1928, #2274, #110 ) ) ;
#47 = ADVANCED_FACE ( 'NONE', ( #2476 ), #2253, .F. ) ;
#48 = ORIENTED_EDGE ( 'NONE', *, *, #1835, .F. ) ;
#49 = CARTESIAN_POINT ( 'NONE',  ( 0.6250000000000005551, 0.4412630149130573609, 0.7624999999999999556 ) ) ;
#50 = CARTESIAN_POINT ( 'NONE',  ( 0.7135916498898298155, 0.4361863927961265319, -0.5374999999999999778 ) ) ;
#51 = DIRECTION ( 'NONE',  ( -1.000000000000000000, 0.000000000000000000, 0.000000000000000000 ) ) ;
#52 = DIRECTION ( 'NONE',  ( -0.9983621801330019307, -0.05720976560063395500, 0.000000000000000000 ) ) ;
#53 = ORIENTED_EDGE ( 'NONE', *, *, #536, .T. ) ;
#54 = ORIENTED_EDGE ( 'NONE', *, *, #2624, .T. ) ;
#55 = CARTESIAN_POINT ( 'NONE',  ( -0.9153289654614029658, 0.008734217411429694850, -0.1124999999999999750 ) ) ;
#56 = CARTESIAN_POINT ( 'NONE',  ( -1.040234093675821869, -1.291323651961581360E-16, -0.5374999999999999778 ) ) ;
#57 = ORIENTED_EDGE ( 'NONE', *, *, #1659, .T. ) ;
#58 = AXIS2_PLACEMENT_3D ( 'NONE', #550, #1461, #443 ) ;
#59 = ORIENTED_EDGE ( 'NONE', *, *, #1250, .T. ) ;
#60 = AXIS2_PLACEMENT_3D ( 'NONE', #958, #2747, #2436 ) ;
#61 = DIRECTION ( 'NONE',  ( 0.000000000000000000, 0.000000000000000000, 1.000000000000000000 ) ) ;
#62 = EDGE_CURVE ( 'NONE', #1456, #2690, #2259, .T. ) ;
#63 = EDGE_CURVE ( 'NONE', #262, #1663, #118, .T. ) ;
#64 = EDGE_CURVE ( 'NONE', #529, #2236, #1159, .T. ) ;
#65 = ORIENTED_EDGE ( 'NONE', *, *, #1535, .F. ) ;
#66 = PRESENTATION_LAYER_ASSIGNMENT (  '', '', ( #955 ) ) ;
#67 = VERTEX_POINT ( 'NONE', #2950 ) ;
#68 = EDGE_CURVE ( 'NONE', #3046, #456, #1092, .T. ) ;
#69 = UNCERTAINTY_MEASURE_WITH_UNIT (LENGTH_MEASURE( 1.000000000000000082E-05 ), #2306, 'distance_accuracy_value', 'NONE');
#70 = LINE ( 'NONE', #1862, #1151 ) ;
#71 = ORIENTED_EDGE ( 'NONE', *, *, #1486, .F. ) ;
#72 = ORIENTED_EDGE ( 'NONE', *, *, #547, .T. ) ;
#73 = DIRECTION ( 'NONE',  ( 1.000000000000000000, 0.000000000000000000, 0.000000000000000000 ) ) ;
#74 = DIRECTION ( 'NONE',  ( 0.000000000000000000, -0.000000000000000000, -1.000000000000000000 ) ) ;
#75 = CARTESIAN_POINT ( 'NONE',  ( 0.6249999999999983347, 1.100000000000000755, -0.9472026388117463780 ) ) ;
#76 = EDGE_CURVE ( 'NONE', #44, #2031, #102, .T. ) ;
#77 = VECTOR ( 'NONE', #1879, 1000.000000000000000 ) ;
#78 = ORIENTED_EDGE ( 'NONE', *, *, #1897, .T. ) ;
#79 = ORIENTED_EDGE ( 'NONE', *, *, #2633, .T. ) ;
#80 = DIRECTION ( 'NONE',  ( 0.9975640502598241977, 0.06975647374412617674, 0.000000000000000000 ) ) ;
#81 = ORIENTED_EDGE ( 'NONE', *, *, #1852, .T. ) ;
#82 = CLOSED_SHELL ( 'NONE', ( #844, #1959, #343, #1241 ) ) ;
#83 = ADVANCED_FACE ( 'NONE', ( #35 ), #1144, .F. ) ;
#84 = PLANE ( 'NONE',  #825 ) ;
#85 = DIRECTION ( 'NONE',  ( -0.000000000000000000, -0.000000000000000000, -1.000000000000000000 ) ) ;
#86 = CIRCLE ( 'NONE', #394, 0.08873698508694220777 ) ;
#87 = VERTEX_POINT ( 'NONE', #2932 ) ;
#88 = ORIENTED_EDGE ( 'NONE', *, *, #2529, .F. ) ;
#89 = DIRECTION ( 'NONE',  ( 0.9983621801330019307, -0.05720976560063395500, 0.000000000000000000 ) ) ;
#90 = CARTESIAN_POINT ( 'NONE',  ( 0.9312848509559306098, 0.2369140106989805761, -0.7624999999999999556 ) ) ;
#91 = CIRCLE ( 'NONE', #3183, 0.1150000000000000883 ) ;
#92 = EDGE_LOOP ( 'NONE', ( #103, #3157, #823, #121 ) ) ;
#93 = VERTEX_POINT ( 'NONE', #3194 ) ;
#94 = DIRECTION ( 'NONE',  ( 0.000000000000000000, 1.000000000000000000, 0.000000000000000000 ) ) ;
#95 = CARTESIAN_POINT ( 'NONE',  ( -0.9250948717855804748, 0.1483931844478049711, -0.7624999999999999556 ) ) ;
#96 = SURFACE_SIDE_STYLE ('',( #2789 ) ) ;
#97 = VERTEX_POINT ( 'NONE', #449 ) ;
#98 = EDGE_CURVE ( 'NONE', #438, #331, #70, .T. ) ;
#99 = ORIENTED_EDGE ( 'NONE', *, *, #1398, .T. ) ;
#100 = AXIS2_PLACEMENT_3D ( 'NONE', #2935, #1156, #2704 ) ;
#101 = DIRECTION ( 'NONE',  ( 0.000000000000000000, -0.000000000000000000, -1.000000000000000000 ) ) ;
#102 = CIRCLE ( 'NONE', #2415, 0.2287369850869419297 ) ;
#103 = ORIENTED_EDGE ( 'NONE', *, *, #1874, .T. ) ;
#104 = EDGE_CURVE ( 'NONE', #1320, #67, #2217, .T. ) ;
#105 = EDGE_CURVE ( 'NONE', #1527, #324, #86, .T. ) ;
#106 = CARTESIAN_POINT ( 'NONE',  ( 0.9153289654614029658, 0.008734217411429694850, -0.7624999999999999556 ) ) ;
#107 = EDGE_CURVE ( 'NONE', #1236, #1056, #91, .T. ) ;
#108 = DIRECTION ( 'NONE',  ( -1.000000000000000000, 0.000000000000000000, 0.000000000000000000 ) ) ;
#109 =( GEOMETRIC_REPRESENTATION_CONTEXT ( 3 ) GLOBAL_UNCERTAINTY_ASSIGNED_CONTEXT ( ( #69 ) ) GLOBAL_UNIT_ASSIGNED_CONTEXT ( ( #2306, #3109, #117 ) ) REPRESENTATION_CONTEXT ( 'NONE', 'WORKASPACE' ) );
#110 = ORIENTED_EDGE ( 'NONE', *, *, #1037, .F. ) ;
#111 = DIRECTION ( 'NONE',  ( 0.000000000000000000, 0.000000000000000000, 1.000000000000000000 ) ) ;
#112 = DIRECTION ( 'NONE',  ( 0.000000000000000000, -0.000000000000000000, -1.000000000000000000 ) ) ;
#113 = ORIENTED_EDGE ( 'NONE', *, *, #2825, .T. ) ;
#114 = DIRECTION ( 'NONE',  ( -0.000000000000000000, -0.000000000000000000, -1.000000000000000000 ) ) ;
#115 = CARTESIAN_POINT ( 'NONE',  ( 0.5722026388117494866, 0.1000000000000003109, -0.9472026388117467111 ) ) ;
#116 = EDGE_CURVE ( 'NONE', #2, #438, #2539, .T. ) ;
#117 =( NAMED_UNIT ( * ) SI_UNIT ( $, .STERADIAN. ) SOLID_ANGLE_UNIT ( ) );
#118 = LINE ( 'NONE', #2728, #2174 ) ;
#119 = ORIENTED_EDGE ( 'NONE', *, *, #1122, .F. ) ;
#120 = CARTESIAN_POINT ( 'NONE',  ( 0.8426932010661015715, 0.2419906328159113773, -0.5374999999999999778 ) ) ;
#121 = ORIENTED_EDGE ( 'NONE', *, *, #745, .T. ) ;
#122 = DIRECTION ( 'NONE',  ( -1.000000000000000000, 0.000000000000000000, 0.000000000000000000 ) ) ;
#123 = DIRECTION ( 'NONE',  ( -0.000000000000000000, -0.000000000000000000, -1.000000000000000000 ) ) ;
#124 = ORIENTED_EDGE ( 'NONE', *, *, #246, .T. ) ;
#125 = PLANE ( 'NONE',  #2629 ) ;
#126 = DIRECTION ( 'NONE',  ( -0.05720976560063394806, -0.9983621801330018197, 0.000000000000000000 ) ) ;
#127 = ORIENTED_EDGE ( 'NONE', *, *, #1731, .F. ) ;
#128 = CARTESIAN_POINT ( 'NONE',  ( 0.9250948717855804748, 0.1483931844478049711, 0.1124999999999999750 ) ) ;
#129 = CARTESIAN_POINT ( 'NONE',  ( 0.6249999999999987788, 0.6699999999999993738, 1.000000000000000888 ) ) ;
#130 = STYLED_ITEM ( 'NONE', ( #1506 ), #1608 ) ;
#131 = CARTESIAN_POINT ( 'NONE',  ( -0.6250000000000005551, 0.6699999999999993738, -0.5374999999999999778 ) ) ;
#132 = EDGE_CURVE ( 'NONE', #1669, #1230, #1419, .T. ) ;
#133 = ORIENTED_EDGE ( 'NONE', *, *, #319, .F. ) ;
#134 = AXIS2_PLACEMENT_3D ( 'NONE', #2195, #1209, #208 ) ;
#135 = DIRECTION ( 'NONE',  ( 0.000000000000000000, 1.000000000000000000, 0.000000000000000000 ) ) ;
#136 = AXIS2_PLACEMENT_3D ( 'NONE', #3067, #52, #2585 ) ;
#137 = ORIENTED_EDGE ( 'NONE', *, *, #1122, .T. ) ;
#138 = AXIS2_PLACEMENT_3D ( 'NONE', #2322, #833, #2583 ) ;
#139 = ORIENTED_EDGE ( 'NONE', *, *, #2295, .T. ) ;
#140 = CARTESIAN_POINT ( 'NONE',  ( -0.7137369850869427212, 0.4412630149130573609, -0.7624999999999999556 ) ) ;
#141 = DIRECTION ( 'NONE',  ( 0.9975640502598241977, -0.06975647374412617674, 0.000000000000000000 ) ) ;
#142 = CARTESIAN_POINT ( 'NONE',  ( -0.9312848509559306098, 0.2369140106989805761, 0.1124999999999999750 ) ) ;
#143 = ORIENTED_EDGE ( 'NONE', *, *, #2834, .T. ) ;
#144 = DIRECTION ( 'NONE',  ( 1.000000000000000000, 0.000000000000000000, 0.000000000000000000 ) ) ;
#145 = CARTESIAN_POINT ( 'NONE',  ( 1.049999999999999378, 0.1396589670363751479, 0.5374999999999999778 ) ) ;
#146 = VERTEX_POINT ( 'NONE', #898 ) ;
#147 = VERTEX_POINT ( 'NONE', #1666 ) ;
#148 = ADVANCED_FACE ( 'NONE', ( #337 ), #170, .F. ) ;
#149 = EDGE_CURVE ( 'NONE', #588, #17, #1415, .T. ) ;
#150 = CARTESIAN_POINT ( 'NONE',  ( -1.049999999999999378, 0.1396589670363751479, 0.7624999999999999556 ) ) ;
#151 = ORIENTED_EDGE ( 'NONE', *, *, #2314, .T. ) ;
#152 = SURFACE_SIDE_STYLE ('',( #3089 ) ) ;
#153 = ORIENTED_EDGE ( 'NONE', *, *, #2401, .F. ) ;
#154 = ORIENTED_EDGE ( 'NONE', *, *, #1906, .T. ) ;
#155 = DIRECTION ( 'NONE',  ( 0.06975647374412508039, -0.9975640502598243087, 0.000000000000000000 ) ) ;
#156 = ORIENTED_EDGE ( 'NONE', *, *, #649, .T. ) ;
#157 = VERTEX_POINT ( 'NONE', #3063 ) ;
#158 = CARTESIAN_POINT ( 'NONE',  ( 0.8426932010661015715, 0.2419906328159113773, 0.1124999999999999750 ) ) ;
#159 = CARTESIAN_POINT ( 'NONE',  ( 1.040234093675821869, -1.291323651961581360E-16, -0.7624999999999999556 ) ) ;
#160 = EDGE_LOOP ( 'NONE', ( #1489, #1538, #1543, #271 ) ) ;
#161 = DIRECTION ( 'NONE',  ( -0.000000000000000000, -0.000000000000000000, -1.000000000000000000 ) ) ;
#162 = DIRECTION ( 'NONE',  ( -1.000000000000000000, 0.000000000000000000, 0.000000000000000000 ) ) ;
#163 = EDGE_CURVE ( 'NONE', #2067, #925, #2593, .T. ) ;
#164 = DIRECTION ( 'NONE',  ( 0.9983621801330019307, -0.05720976560063395500, 0.000000000000000000 ) ) ;
#165 = VERTEX_POINT ( 'NONE', #3108 ) ;
#166 = AXIS2_PLACEMENT_3D ( 'NONE', #1039, #2774, #1548 ) ;
#167 = AXIS2_PLACEMENT_3D ( 'NONE', #2206, #472, #979 ) ;
#168 = ORIENTED_EDGE ( 'NONE', *, *, #2754, .T. ) ;
#169 = CARTESIAN_POINT ( 'NONE',  ( 0.9312848509559306098, 0.2369140106989806038, -0.7624999999999999556 ) ) ;
#170 = PLANE ( 'NONE',  #2580 ) ;
#171 = EDGE_CURVE ( 'NONE', #2198, #382, #369, .T. ) ;
#172 = VERTEX_POINT ( 'NONE', #2262 ) ;
#173 = ADVANCED_FACE ( 'NONE', ( #2552 ), #2514, .T. ) ;
#174 = VECTOR ( 'NONE', #1284, 1000.000000000000000 ) ;
#175 = ORIENTED_EDGE ( 'NONE', *, *, #388, .T. ) ;
#176 = CARTESIAN_POINT ( 'NONE',  ( -0.9312848509559306098, 0.2369140106989806038, 0.7624999999999999556 ) ) ;
#177 = VECTOR ( 'NONE', #558, 1000.000000000000000 ) ;
#178 = ORIENTED_EDGE ( 'NONE', *, *, #1070, .T. ) ;
#179 = DIRECTION ( 'NONE',  ( 0.000000000000000000, -0.000000000000000000, -1.000000000000000000 ) ) ;
#180 =( NAMED_UNIT ( * ) SI_UNIT ( $, .STERADIAN. ) SOLID_ANGLE_UNIT ( ) );
#181 = DIRECTION ( 'NONE',  ( 0.000000000000000000, -0.000000000000000000, -1.000000000000000000 ) ) ;
#182 = CARTESIAN_POINT ( 'NONE',  ( -0.6250000000000005551, 0.5299999999999994715, -0.7624999999999999556 ) ) ;
#183 = VERTEX_POINT ( 'NONE', #3085 ) ;
#184 = DIRECTION ( 'NONE',  ( -0.000000000000000000, -0.000000000000000000, -1.000000000000000000 ) ) ;
#185 = CIRCLE ( 'NONE', #1777, 0.2287369850869420407 ) ;
#186 = ORIENTED_EDGE ( 'NONE', *, *, #799, .F. ) ;
#187 = CARTESIAN_POINT ( 'NONE',  ( -0.6250000000000005551, 0.6699999999999993738, 1.000000000000000888 ) ) ;
#188 = ORIENTED_EDGE ( 'NONE', *, *, #1871, .T. ) ;
#189 = CARTESIAN_POINT ( 'NONE',  ( -0.3450000000000005285, 1.100000000000000755, -0.7199999999999956435 ) ) ;
#190 = ADVANCED_FACE ( 'NONE', ( #1515 ), #2788, .T. ) ;
#191 = CYLINDRICAL_SURFACE ( 'NONE', #2201, 0.2287369850869420407 ) ;
#192 = VERTEX_POINT ( 'NONE', #2551 ) ;
#193 = CARTESIAN_POINT ( 'NONE',  ( 0.6250000000000005551, 0.4412630149130573609, 0.5374999999999999778 ) ) ;
#194 = DIRECTION ( 'NONE',  ( -0.000000000000000000, 1.000000000000000000, -0.000000000000000000 ) ) ;
#195 = DIRECTION ( 'NONE',  ( 1.000000000000000000, 0.000000000000000000, 0.000000000000000000 ) ) ;
#196 = DIRECTION ( 'NONE',  ( -0.000000000000000000, -0.000000000000000000, -1.000000000000000000 ) ) ;
#197 = AXIS2_PLACEMENT_3D ( 'NONE', #2288, #1237, #2241 ) ;
#198 = DIRECTION ( 'NONE',  ( 0.9975640502598241977, -0.06975647374412617674, 0.000000000000000000 ) ) ;
#199 = COLOUR_RGB ( '',0.8000000000000000444, 0.8196078431372548767, 0.9333333333333333481 ) ;
#200 = ORIENTED_EDGE ( 'NONE', *, *, #1015, .T. ) ;
#201 = AXIS2_PLACEMENT_3D ( 'NONE', #193, #2699, #3192 ) ;
#202 = AXIS2_PLACEMENT_3D ( 'NONE', #2117, #1203, #890 ) ;
#203 = EDGE_CURVE ( 'NONE', #359, #2746, #1453, .T. ) ;
#204 = DIRECTION ( 'NONE',  ( 0.000000000000000000, 1.000000000000000000, 0.000000000000000000 ) ) ;
#205 = DIRECTION ( 'NONE',  ( 1.000000000000000000, 0.000000000000000000, -0.000000000000000000 ) ) ;
#206 = AXIS2_PLACEMENT_3D ( 'NONE', #1313, #1586, #2317 ) ;
#207 = ORIENTED_EDGE ( 'NONE', *, *, #104, .F. ) ;
#208 = DIRECTION ( 'NONE',  ( 1.000000000000000000, 0.000000000000000000, -0.000000000000000000 ) ) ;
#209 = EDGE_CURVE ( 'NONE', #925, #594, #365, .T. ) ;
#210 = DIRECTION ( 'NONE',  ( 1.000000000000000000, 0.000000000000000000, 0.000000000000000000 ) ) ;
#211 = ORIENTED_EDGE ( 'NONE', *, *, #945, .F. ) ;
#212 = ORIENTED_EDGE ( 'NONE', *, *, #1544, .F. ) ;
#213 = DIRECTION ( 'NONE',  ( 0.000000000000000000, 0.000000000000000000, 1.000000000000000000 ) ) ;
#214 = EDGE_CURVE ( 'NONE', #1086, #2140, #431, .T. ) ;
#215 = ORIENTED_EDGE ( 'NONE', *, *, #2543, .T. ) ;
#216 = ORIENTED_EDGE ( 'NONE', *, *, #2275, .F. ) ;
#217 = CARTESIAN_POINT ( 'NONE',  ( -0.9153289654614029658, 0.008734217411429694850, 0.7624999999999999556 ) ) ;
#218 = ADVANCED_FACE ( 'NONE', ( #2601 ), #1482, .F. ) ;
#219 = CARTESIAN_POINT ( 'NONE',  ( 0.9250948717855804748, 0.1483931844478050266, -0.5374999999999999778 ) ) ;
#220 = ORIENTED_EDGE ( 'NONE', *, *, #3042, .T. ) ;
#221 = CARTESIAN_POINT ( 'NONE',  ( -0.9312848509559306098, 0.2369140106989806038, 0.1124999999999999750 ) ) ;
#222 = CARTESIAN_POINT ( 'NONE',  ( 0.9250948717855804748, 0.1483931844478049711, -0.7624999999999999556 ) ) ;
#223 = FACE_OUTER_BOUND ( 'NONE', #2603, .T. ) ;
#224 = ORIENTED_EDGE ( 'NONE', *, *, #1479, .T. ) ;
#225 = CARTESIAN_POINT ( 'NONE',  ( 0.6250000000000005551, 0.6699999999999993738, -0.5374999999999999778 ) ) ;
#226 = DIRECTION ( 'NONE',  ( 0.1218693434051477398, 0.9925461516413219831, 0.000000000000000000 ) ) ;
#227 = ORIENTED_EDGE ( 'NONE', *, *, #1377, .F. ) ;
#228 = ORIENTED_EDGE ( 'NONE', *, *, #2995, .F. ) ;
#229 = DIRECTION ( 'NONE',  ( -0.000000000000000000, -0.000000000000000000, -1.000000000000000000 ) ) ;
#230 = EDGE_LOOP ( 'NONE', ( #250, #2135, #1246, #573 ) ) ;
#231 = DIRECTION ( 'NONE',  ( -0.000000000000000000, -0.000000000000000000, -1.000000000000000000 ) ) ;
#232 = CIRCLE ( 'NONE', #2116, 0.08873698508694220777 ) ;
#233 = ORIENTED_EDGE ( 'NONE', *, *, #3191, .F. ) ;
#234 = PLANE ( 'NONE',  #996 ) ;
#235 = ORIENTED_EDGE ( 'NONE', *, *, #3016, .F. ) ;
#236 = EDGE_CURVE ( 'NONE', #2375, #1283, #2488, .T. ) ;
#237 = ORIENTED_EDGE ( 'NONE', *, *, #1405, .T. ) ;
#238 = AXIS2_PLACEMENT_3D ( 'NONE', #350, #2156, #1372 ) ;
#239 = CARTESIAN_POINT ( 'NONE',  ( 0.6249999999999983347, 0.5299999999999994715, -0.9999999999999956701 ) ) ;
#240 = ORIENTED_EDGE ( 'NONE', *, *, #1417, .F. ) ;
#241 = CARTESIAN_POINT ( 'NONE',  ( -0.5722026388117512630, 1.100000000000000755, -0.9472026388117463780 ) ) ;
#242 = DIRECTION ( 'NONE',  ( 0.000000000000000000, -0.000000000000000000, -1.000000000000000000 ) ) ;
#243 = ORIENTED_EDGE ( 'NONE', *, *, #1997, .F. ) ;
#244 = EDGE_CURVE ( 'NONE', #1954, #1357, #342, .T. ) ;
#245 = EDGE_CURVE ( 'NONE', #97, #1763, #2561, .T. ) ;
#246 = EDGE_CURVE ( 'NONE', #1088, #943, #393, .T. ) ;
#247 = DIRECTION ( 'NONE',  ( 0.000000000000000000, -0.000000000000000000, -1.000000000000000000 ) ) ;
#248 = DIRECTION ( 'NONE',  ( -1.000000000000000000, 0.000000000000000000, 0.000000000000000000 ) ) ;
#249 = ORIENTED_EDGE ( 'NONE', *, *, #1288, .F. ) ;
#250 = ORIENTED_EDGE ( 'NONE', *, *, #214, .F. ) ;
#251 = CARTESIAN_POINT ( 'NONE',  ( -0.9153289654614029658, 0.008734217411429694850, -0.5374999999999999778 ) ) ;
#252 = VERTEX_POINT ( 'NONE', #362 ) ;
#253 = DIRECTION ( 'NONE',  ( 0.1209742911513548569, -0.9852565360152931717, 0.1209742911513548291 ) ) ;
#254 = VECTOR ( 'NONE', #1089, 1000.000000000000114 ) ;
#255 = ORIENTED_EDGE ( 'NONE', *, *, #2910, .F. ) ;
#256 = EDGE_CURVE ( 'NONE', #1600, #1019, #402, .T. ) ;
#257 = CARTESIAN_POINT ( 'NONE',  ( -1.040234093675821869, -1.291323651961581360E-16, 0.5374999999999999778 ) ) ;
#258 = DIRECTION ( 'NONE',  ( 0.9975640502598243087, 0.06975647374412508039, -0.000000000000000000 ) ) ;
#259 = ORIENTED_EDGE ( 'NONE', *, *, #3128, .T. ) ;
#260 = EDGE_LOOP ( 'NONE', ( #16, #2396, #2733, #1279 ) ) ;
#261 = CARTESIAN_POINT ( 'NONE',  ( -0.7135916498898298155, 0.4361863927961265319, 0.1124999999999999750 ) ) ;
#262 = VERTEX_POINT ( 'NONE', #1097 ) ;
#263 = CARTESIAN_POINT ( 'NONE',  ( 0.5722026388117495976, 1.100000000000000755, 0.9472026388117515960 ) ) ;
#264 = DIRECTION ( 'NONE',  ( -1.000000000000000000, 0.000000000000000000, 0.000000000000000000 ) ) ;
#265 = LINE ( 'NONE', #2731, #174 ) ;
#266 = ORIENTED_EDGE ( 'NONE', *, *, #1406, .T. ) ;
#267 = ADVANCED_FACE ( 'NONE', ( #2588 ), #2558, .F. ) ;
#268 = CARTESIAN_POINT ( 'NONE',  ( -0.6250000000000005551, 0.4412630149130573609, -0.1124999999999999750 ) ) ;
#269 = DIRECTION ( 'NONE',  ( 0.000000000000000000, 0.000000000000000000, -1.000000000000000000 ) ) ;
#270 = ORIENTED_EDGE ( 'NONE', *, *, #3165, .F. ) ;
#271 = ORIENTED_EDGE ( 'NONE', *, *, #132, .T. ) ;
#272 =( NAMED_UNIT ( * ) PLANE_ANGLE_UNIT ( ) SI_UNIT ( $, .RADIAN. ) );
#273 = ORIENTED_EDGE ( 'NONE', *, *, #2293, .F. ) ;
#274 = DIRECTION ( 'NONE',  ( 0.000000000000000000, -0.000000000000000000, -1.000000000000000000 ) ) ;
#275 = ORIENTED_EDGE ( 'NONE', *, *, #1154, .F. ) ;
#276 = AXIS2_PLACEMENT_3D ( 'NONE', #2565, #1336, #2679 ) ;
#277 = DIRECTION ( 'NONE',  ( -0.000000000000000000, -0.000000000000000000, -1.000000000000000000 ) ) ;
#278 = EDGE_CURVE ( 'NONE', #978, #1061, #1494, .T. ) ;
#279 = DIRECTION ( 'NONE',  ( -0.9975640502598241977, -0.06975647374412617674, 0.000000000000000000 ) ) ;
#280 = VERTEX_POINT ( 'NONE', #1645 ) ;
#281 = EDGE_LOOP ( 'NONE', ( #2407, #1380, #465, #1054 ) ) ;
#282 = AXIS2_PLACEMENT_3D ( 'NONE', #1267, #1511, #2504 ) ;
#283 = DIRECTION ( 'NONE',  ( -1.000000000000000000, 0.000000000000000000, 0.000000000000000000 ) ) ;
#284 = DIRECTION ( 'NONE',  ( 0.000000000000000000, -0.000000000000000000, -1.000000000000000000 ) ) ;
#285 = VERTEX_POINT ( 'NONE', #115 ) ;
#286 = DIRECTION ( 'NONE',  ( 0.000000000000000000, 0.000000000000000000, 1.000000000000000000 ) ) ;
#287 = CARTESIAN_POINT ( 'NONE',  ( 0.9250948717855804748, 0.1483931844478050266, 0.1124999999999999750 ) ) ;
#288 = STYLED_ITEM ( 'NONE', ( #1364 ), #3131 ) ;
#289 = VERTEX_POINT ( 'NONE', #1282 ) ;
#290 = DIRECTION ( 'NONE',  ( 0.9975640502598241977, 0.06975647374412612123, -0.000000000000000000 ) ) ;
#291 = VERTEX_POINT ( 'NONE', #2081 ) ;
#292 = SURFACE_STYLE_FILL_AREA ( #2103 ) ;
#293 = ORIENTED_EDGE ( 'NONE', *, *, #1221, .T. ) ;
#294 = UNCERTAINTY_MEASURE_WITH_UNIT (LENGTH_MEASURE( 1.000000000000000082E-05 ), #1305, 'distance_accuracy_value', 'NONE');
#295 = ADVANCED_FACE ( 'NONE', ( #360 ), #2811, .F. ) ;
#296 = VERTEX_POINT ( 'NONE', #2844 ) ;
#297 = EDGE_CURVE ( 'NONE', #1600, #2128, #2579, .T. ) ;
#298 = CARTESIAN_POINT ( 'NONE',  ( -0.6250000000000005551, 0.6699999999999993738, -0.5374999999999999778 ) ) ;
#299 = FACE_OUTER_BOUND ( 'NONE', #1166, .T. ) ;
#300 = EDGE_LOOP ( 'NONE', ( #220, #699, #235, #2154 ) ) ;
#301 = PLANE ( 'NONE',  #2405 ) ;
#302 = VERTEX_POINT ( 'NONE', #1868 ) ;
#303 = EDGE_LOOP ( 'NONE', ( #2391, #2443, #48, #1167 ) ) ;
#304 = CARTESIAN_POINT ( 'NONE',  ( -0.6250000000000005551, 0.4412630149130573609, 0.7624999999999999556 ) ) ;
#305 = EDGE_LOOP ( 'NONE', ( #458, #3184, #2061, #2080 ) ) ;
#306 = SURFACE_SIDE_STYLE ('',( #292 ) ) ;
#307 = DIRECTION ( 'NONE',  ( -2.168404344971012566E-16, -0.000000000000000000, -1.000000000000000000 ) ) ;
#308 = VERTEX_POINT ( 'NONE', #1120 ) ;
#309 = CARTESIAN_POINT ( 'NONE',  ( -0.9250948717855804748, 0.1483931844478049711, -0.1124999999999999750 ) ) ;
#310 = LINE ( 'NONE', #1421, #1385 ) ;
#311 = ORIENTED_EDGE ( 'NONE', *, *, #727, .T. ) ;
#312 = EDGE_CURVE ( 'NONE', #1669, #262, #2570, .T. ) ;
#313 = AXIS2_PLACEMENT_3D ( 'NONE', #1091, #428, #1896 ) ;
#314 = AXIS2_PLACEMENT_3D ( 'NONE', #49, #1302, #283 ) ;
#315 = ORIENTED_EDGE ( 'NONE', *, *, #1036, .F. ) ;
#316 = CARTESIAN_POINT ( 'NONE',  ( -1.049999999999999378, 0.1396589670363751479, 0.7624999999999999556 ) ) ;
#317 = ORIENTED_EDGE ( 'NONE', *, *, #1846, .F. ) ;
#318 = SURFACE_SIDE_STYLE ('',( #1275 ) ) ;
#319 = EDGE_CURVE ( 'NONE', #2316, #1276, #381, .T. ) ;
#320 = ADVANCED_FACE ( 'NONE', ( #1488 ), #559, .F. ) ;
#321 = DIRECTION ( 'NONE',  ( -0.05720976560063394806, -0.9983621801330018197, 0.000000000000000000 ) ) ;
#322 = DIRECTION ( 'NONE',  ( 0.000000000000000000, -0.000000000000000000, -1.000000000000000000 ) ) ;
#323 = ORIENTED_EDGE ( 'NONE', *, *, #3220, .T. ) ;
#324 = VERTEX_POINT ( 'NONE', #2039 ) ;
#325 = CARTESIAN_POINT ( 'NONE',  ( 0.8537369850869427346, 0.4412630149130573609, -0.7624999999999999556 ) ) ;
#326 = DIRECTION ( 'NONE',  ( -1.000000000000000000, 0.000000000000000000, 0.000000000000000000 ) ) ;
#327 = CARTESIAN_POINT ( 'NONE',  ( -1.049999999999999378, 0.1396589670363751479, -0.7624999999999999556 ) ) ;
#328 = ORIENTED_EDGE ( 'NONE', *, *, #1834, .F. ) ;
#329 = PLANE ( 'NONE',  #2374 ) ;
#330 =( LENGTH_UNIT ( ) NAMED_UNIT ( * ) SI_UNIT ( .MILLI., .METRE. ) );
#331 = VERTEX_POINT ( 'NONE', #2533 ) ;
#332 = ORIENTED_EDGE ( 'NONE', *, *, #995, .T. ) ;
#333 = CARTESIAN_POINT ( 'NONE',  ( 0.6250000000000005551, 0.4412630149130573609, 0.1124999999999999750 ) ) ;
#334 = DIRECTION ( 'NONE',  ( -0.9975640502598241977, -0.06975647374412617674, 0.000000000000000000 ) ) ;
#335 = ORIENTED_EDGE ( 'NONE', *, *, #163, .T. ) ;
#336 = EDGE_LOOP ( 'NONE', ( #973, #2324, #1303, #1500 ) ) ;
#337 = FACE_OUTER_BOUND ( 'NONE', #2576, .T. ) ;
#338 = DIRECTION ( 'NONE',  ( -0.000000000000000000, -0.000000000000000000, -1.000000000000000000 ) ) ;
#339 = DIRECTION ( 'NONE',  ( 0.05720976560063394112, 0.9983621801330018197, 0.000000000000000000 ) ) ;
#340 = ORIENTED_EDGE ( 'NONE', *, *, #580, .F. ) ;
#341 = EDGE_LOOP ( 'NONE', ( #1169, #1393, #3023, #28 ) ) ;
#342 = CIRCLE ( 'NONE', #2200, 0.2287369850869420407 ) ;
#343 = ADVANCED_FACE ( 'NONE', ( #1425 ), #2919, .T. ) ;
#344 = CARTESIAN_POINT ( 'NONE',  ( -0.8533623551084500436, 0.4281770256120379092, 0.1124999999999999750 ) ) ;
#345 = ORIENTED_EDGE ( 'NONE', *, *, #1037, .T. ) ;
#346 = EDGE_CURVE ( 'NONE', #1615, #2246, #2479, .T. ) ;
#347 = ORIENTED_EDGE ( 'NONE', *, *, #2719, .T. ) ;
#348 = PRESENTATION_LAYER_ASSIGNMENT (  '', '', ( #1837 ) ) ;
#349 = VECTOR ( 'NONE', #2163, 1000.000000000000000 ) ;
#350 = CARTESIAN_POINT ( 'NONE',  ( 0.6250000000000005551, 0.4412630149130573609, 0.5374999999999999778 ) ) ;
#351 = AXIS2_PLACEMENT_3D ( 'NONE', #1613, #2335, #1848 ) ;
#352 = EDGE_CURVE ( 'NONE', #1099, #252, #2500, .T. ) ;
#353 = CARTESIAN_POINT ( 'NONE',  ( 0.6250000000000005551, 0.6699999999999993738, 0.5374999999999999778 ) ) ;
#354 = DIRECTION ( 'NONE',  ( 0.06975647374412612123, 0.9975640502598241977, 0.000000000000000000 ) ) ;
#355 = VERTEX_POINT ( 'NONE', #1723 ) ;
#356 = FACE_OUTER_BOUND ( 'NONE', #2540, .T. ) ;
#357 = AXIS2_PLACEMENT_3D ( 'NONE', #875, #1851, #793 ) ;
#358 = CARTESIAN_POINT ( 'NONE',  ( -0.9312848509559306098, 0.2369140106989806038, 0.5374999999999999778 ) ) ;
#359 = VERTEX_POINT ( 'NONE', #435 ) ;
#360 = FACE_OUTER_BOUND ( 'NONE', #1394, .T. ) ;
#361 = DIRECTION ( 'NONE',  ( 0.000000000000000000, 1.000000000000000000, 0.000000000000000000 ) ) ;
#362 = CARTESIAN_POINT ( 'NONE',  ( 0.9250948717855804748, 0.1483931844478050266, 0.1124999999999999750 ) ) ;
#363 = EDGE_CURVE ( 'NONE', #2497, #1068, #2524, .T. ) ;
#364 = ORIENTED_EDGE ( 'NONE', *, *, #1304, .T. ) ;
#365 = LINE ( 'NONE', #1567, #1504 ) ;
#366 = ORIENTED_EDGE ( 'NONE', *, *, #1779, .F. ) ;
#367 = ADVANCED_FACE ( 'NONE', ( #1411 ), #2503, .F. ) ;
#368 = ORIENTED_EDGE ( 'NONE', *, *, #1053, .F. ) ;
#369 = LINE ( 'NONE', #95, #1404 ) ;
#370 = CARTESIAN_POINT ( 'NONE',  ( 0.7137369850869427212, 0.4412630149130573609, -0.1124999999999999750 ) ) ;
#371 = ORIENTED_EDGE ( 'NONE', *, *, #2965, .F. ) ;
#372 = CARTESIAN_POINT ( 'NONE',  ( 0.6250000000000005551, 0.5299999999999994715, 0.7624999999999999556 ) ) ;
#373 = CARTESIAN_POINT ( 'NONE',  ( -0.6250000000000005551, 0.5299999999999994715, 0.7624999999999999556 ) ) ;
#374 = VERTEX_POINT ( 'NONE', #1074 ) ;
#375 = DIRECTION ( 'NONE',  ( -0.1209742911513548291, -0.9852565360152931717, -0.1209742911513548291 ) ) ;
#376 = CIRCLE ( 'NONE', #831, 0.2287369850869419297 ) ;
#377 = ORIENTED_EDGE ( 'NONE', *, *, #2064, .T. ) ;
#378 = DIRECTION ( 'NONE',  ( -1.000000000000000000, 0.000000000000000000, 0.000000000000000000 ) ) ;
#379 = DIRECTION ( 'NONE',  ( 0.05720976560063394112, 0.9983621801330018197, 0.000000000000000000 ) ) ;
#380 = ORIENTED_EDGE ( 'NONE', *, *, #1304, .F. ) ;
#381 = LINE ( 'NONE', #2794, #407 ) ;
#382 = VERTEX_POINT ( 'NONE', #327 ) ;
#383 = CARTESIAN_POINT ( 'NONE',  ( -0.6250000000000005551, 0.5299999999999994715, 0.1124999999999999750 ) ) ;
#384 = DIRECTION ( 'NONE',  ( -0.000000000000000000, -0.000000000000000000, -1.000000000000000000 ) ) ;
#385 = AXIS2_PLACEMENT_3D ( 'NONE', #2041, #3044, #587 ) ;
#386 = DIRECTION ( 'NONE',  ( -0.000000000000000000, -0.000000000000000000, -1.000000000000000000 ) ) ;
#387 = VERTEX_POINT ( 'NONE', #2920 ) ;
#388 = EDGE_CURVE ( 'NONE', #1663, #183, #376, .T. ) ;
#389 = VECTOR ( 'NONE', #1744, 1000.000000000000000 ) ;
#390 = ORIENTED_EDGE ( 'NONE', *, *, #2727, .T. ) ;
#391 = AXIS2_PLACEMENT_3D ( 'NONE', #29, #2499, #1416 ) ;
#392 = ORIENTED_EDGE ( 'NONE', *, *, #2992, .F. ) ;
#393 = LINE ( 'NONE', #50, #417 ) ;
#394 = AXIS2_PLACEMENT_3D ( 'NONE', #2623, #1379, #1656 ) ;
#395 = VERTEX_POINT ( 'NONE', #3022 ) ;
#396 = EDGE_CURVE ( 'NONE', #2987, #36, #424, .T. ) ;
#397 = ADVANCED_FACE ( 'NONE', ( #356 ), #439, .T. ) ;
#398 = STYLED_ITEM ( 'NONE', ( #1965 ), #1067 ) ;
#399 = CARTESIAN_POINT ( 'NONE',  ( -0.8533623551084500436, 0.4281770256120379092, -0.1124999999999999750 ) ) ;
#400 = CARTESIAN_POINT ( 'NONE',  ( 0.6250000000000005551, 0.4412630149130573609, 0.5374999999999999778 ) ) ;
#401 = ORIENTED_EDGE ( 'NONE', *, *, #2404, .T. ) ;
#402 = CIRCLE ( 'NONE', #3003, 0.2287369850869420407 ) ;
#403 = ORIENTED_EDGE ( 'NONE', *, *, #610, .F. ) ;
#404 = FILL_AREA_STYLE ('',( #669 ) ) ;
#405 = CARTESIAN_POINT ( 'NONE',  ( -0.6250000000000005551, 0.5299999999999994715, 1.000000000000000888 ) ) ;
#406 = VERTEX_POINT ( 'NONE', #2993 ) ;
#407 = VECTOR ( 'NONE', #1546, 1000.000000000000000 ) ;
#408 = VERTEX_POINT ( 'NONE', #56 ) ;
#409 = EDGE_CURVE ( 'NONE', #2460, #44, #1432, .T. ) ;
#410 = CARTESIAN_POINT ( 'NONE',  ( -0.3450000000000005285, 1.100000000000000755, -0.8349999999999956346 ) ) ;
#411 = CARTESIAN_POINT ( 'NONE',  ( 0.8533623551084500436, 0.4281770256120379092, 0.1124999999999999750 ) ) ;
#412 = CIRCLE ( 'NONE', #1869, 0.1150000000000000883 ) ;
#413 = EDGE_LOOP ( 'NONE', ( #42, #227, #1351, #1206 ) ) ;
#414 = ORIENTED_EDGE ( 'NONE', *, *, #1749, .T. ) ;
#415 = FACE_OUTER_BOUND ( 'NONE', #30, .T. ) ;
#416 = VERTEX_POINT ( 'NONE', #1520 ) ;
#417 = VECTOR ( 'NONE', #284, 1000.000000000000000 ) ;
#418 = CARTESIAN_POINT ( 'NONE',  ( -1.049999999999999378, 0.1396589670363751479, 0.1124999999999999750 ) ) ;
#419 = EDGE_LOOP ( 'NONE', ( #113, #2861, #2287, #622 ) ) ;
#420 = FACE_OUTER_BOUND ( 'NONE', #1697, .T. ) ;
#421 = DIRECTION ( 'NONE',  ( -1.000000000000000000, 0.000000000000000000, 0.000000000000000000 ) ) ;
#422 = ORIENTED_EDGE ( 'NONE', *, *, #2995, .T. ) ;
#423 = CARTESIAN_POINT ( 'NONE',  ( -1.040234093675821869, -1.291323651961581360E-16, 0.7624999999999999556 ) ) ;
#424 = CIRCLE ( 'NONE', #1703, 0.2287369850869420407 ) ;
#425 = ORIENTED_EDGE ( 'NONE', *, *, #990, .F. ) ;
#426 = ADVANCED_FACE ( 'NONE', ( #1458 ), #1470, .F. ) ;
#427 = COLOUR_RGB ( '',0.8000000000000000444, 0.8196078431372548767, 0.9333333333333333481 ) ;
#428 = DIRECTION ( 'NONE',  ( -0.000000000000000000, 0.000000000000000000, 1.000000000000000000 ) ) ;
#429 = CARTESIAN_POINT ( 'NONE',  ( -0.8533623551084500436, 0.4281770256120379092, 0.1124999999999999750 ) ) ;
#430 = ORIENTED_EDGE ( 'NONE', *, *, #702, .F. ) ;
#431 = CIRCLE ( 'NONE', #1295, 0.08873698508694198572 ) ;
#432 = AXIS2_PLACEMENT_3D ( 'NONE', #2967, #2829, #1963 ) ;
#433 = ORIENTED_EDGE ( 'NONE', *, *, #1258, .T. ) ;
#434 = DIRECTION ( 'NONE',  ( 0.000000000000000000, 0.000000000000000000, 1.000000000000000000 ) ) ;
#435 = CARTESIAN_POINT ( 'NONE',  ( -0.8533623551084500436, 0.4281770256120379092, 0.1124999999999999750 ) ) ;
#436 = CARTESIAN_POINT ( 'NONE',  ( -1.049999999999999378, 0.1396589670363751479, 0.7624999999999999556 ) ) ;
#437 = ORIENTED_EDGE ( 'NONE', *, *, #236, .T. ) ;
#438 = VERTEX_POINT ( 'NONE', #257 ) ;
#439 = PLANE ( 'NONE',  #2762 ) ;
#440 = VECTOR ( 'NONE', #114, 1000.000000000000000 ) ;
#441 = VERTEX_POINT ( 'NONE', #2782 ) ;
#442 = AXIS2_PLACEMENT_3D ( 'NONE', #2505, #1513, #454 ) ;
#443 = DIRECTION ( 'NONE',  ( 1.000000000000000000, 0.000000000000000000, 0.000000000000000000 ) ) ;
#444 = ORIENTED_EDGE ( 'NONE', *, *, #1270, .F. ) ;
#445 = CYLINDRICAL_SURFACE ( 'NONE', #1434, 0.08873698508694220777 ) ;
#446 = CARTESIAN_POINT ( 'NONE',  ( -0.9250948717855804748, 0.1483931844478050266, -0.1124999999999999750 ) ) ;
#447 = CARTESIAN_POINT ( 'NONE',  ( -0.8426932010661015715, 0.2419906328159113773, -0.5374999999999999778 ) ) ;
#448 = ORIENTED_EDGE ( 'NONE', *, *, #1248, .T. ) ;
#449 = CARTESIAN_POINT ( 'NONE',  ( -1.040234093675821869, -1.291323651961581360E-16, 0.1124999999999999750 ) ) ;
#450 = LINE ( 'NONE', #1285, #2613 ) ;
#451 = ORIENTED_EDGE ( 'NONE', *, *, #2531, .F. ) ;
#452 = LINE ( 'NONE', #1644, #440 ) ;
#453 = DIRECTION ( 'NONE',  ( -0.9975640502598243087, 0.06975647374412508039, 0.000000000000000000 ) ) ;
#454 = DIRECTION ( 'NONE',  ( -1.000000000000000000, 0.000000000000000000, 0.000000000000000000 ) ) ;
#455 = CARTESIAN_POINT ( 'NONE',  ( -0.9250948717855804748, 0.1483931844478050266, 0.1124999999999999750 ) ) ;
#456 = VERTEX_POINT ( 'NONE', #521 ) ;
#457 = CIRCLE ( 'NONE', #3177, 0.1150000000000000883 ) ;
#458 = ORIENTED_EDGE ( 'NONE', *, *, #912, .F. ) ;
#459 = ADVANCED_FACE ( 'NONE', ( #464 ), #576, .T. ) ;
#460 = CARTESIAN_POINT ( 'NONE',  ( 0.6249999999999983347, 0.5299999999999994715, -0.9999999999999956701 ) ) ;
#461 = FACE_OUTER_BOUND ( 'NONE', #2289, .T. ) ;
#462 = CARTESIAN_POINT ( 'NONE',  ( 0.9153289654614029658, 0.008734217411429694850, 0.5374999999999999778 ) ) ;
#463 = ORIENTED_EDGE ( 'NONE', *, *, #1580, .F. ) ;
#464 = FACE_OUTER_BOUND ( 'NONE', #2422, .T. ) ;
#465 = ORIENTED_EDGE ( 'NONE', *, *, #3128, .F. ) ;
#466 = FACE_OUTER_BOUND ( 'NONE', #7, .T. ) ;
#467 = ORIENTED_EDGE ( 'NONE', *, *, #1288, .T. ) ;
#468 = VECTOR ( 'NONE', #15, 1000.000000000000114 ) ;
#469 = DIRECTION ( 'NONE',  ( -1.000000000000000000, 0.000000000000000000, 0.000000000000000000 ) ) ;
#470 = VERTEX_POINT ( 'NONE', #927 ) ;
#471 = VECTOR ( 'NONE', #850, 1000.000000000000114 ) ;
#472 = DIRECTION ( 'NONE',  ( -0.9983621801330019307, 0.05720976560063338601, 0.000000000000000000 ) ) ;
#473 = VERTEX_POINT ( 'NONE', #2695 ) ;
#474 = CARTESIAN_POINT ( 'NONE',  ( 0.9153289654614029658, 0.008734217411429694850, -0.1124999999999999750 ) ) ;
#475 = VECTOR ( 'NONE', #1013, 1000.000000000000114 ) ;
#476 = EDGE_CURVE ( 'NONE', #2126, #21, #527, .T. ) ;
#477 = ORIENTED_EDGE ( 'NONE', *, *, #2363, .F. ) ;
#478 = VECTOR ( 'NONE', #38, 1000.000000000000000 ) ;
#479 = CARTESIAN_POINT ( 'NONE',  ( 0.7029224958474812324, 0.2500000000000000000, -0.5374999999999999778 ) ) ;
#480 = AXIS2_PLACEMENT_3D ( 'NONE', #789, #258, #1507 ) ;
#481 = CARTESIAN_POINT ( 'NONE',  ( -0.6250000000000005551, 0.4412630149130573609, -0.7624999999999999556 ) ) ;
#482 = CARTESIAN_POINT ( 'NONE',  ( 0.9250948717855804748, 0.1483931844478050266, -0.7624999999999999556 ) ) ;
#483 = AXIS2_PLACEMENT_3D ( 'NONE', #2571, #2378, #3104 ) ;
#484 = VERTEX_POINT ( 'NONE', #2188 ) ;
#485 = VECTOR ( 'NONE', #2954, 1000.000000000000000 ) ;
#486 = EDGE_CURVE ( 'NONE', #172, #1115, #538, .T. ) ;
#487 = ORIENTED_EDGE ( 'NONE', *, *, #798, .T. ) ;
#488 = EDGE_CURVE ( 'NONE', #991, #2140, #1537, .T. ) ;
#489 = CARTESIAN_POINT ( 'NONE',  ( 0.6250000000000005551, 0.4412630149130573609, 0.1124999999999999750 ) ) ;
#490 = FACE_OUTER_BOUND ( 'NONE', #2463, .T. ) ;
#491 = AXIS2_PLACEMENT_3D ( 'NONE', #1845, #161, #2290 ) ;
#492 = CARTESIAN_POINT ( 'NONE',  ( 0.6250000000000005551, 0.4412630149130573609, -0.7624999999999999556 ) ) ;
#493 = ORIENTED_EDGE ( 'NONE', *, *, #2568, .T. ) ;
#494 = LINE ( 'NONE', #2466, #516 ) ;
#495 = VERTEX_POINT ( 'NONE', #1776 ) ;
#496 = SURFACE_STYLE_FILL_AREA ( #1426 ) ;
#497 = ORIENTED_EDGE ( 'NONE', *, *, #1090, .F. ) ;
#498 = CIRCLE ( 'NONE', #535, 0.08873698508694220777 ) ;
#499 = CARTESIAN_POINT ( 'NONE',  ( 1.049999999999999378, 0.1396589670363751479, 0.5374999999999999778 ) ) ;
#500 = ORIENTED_EDGE ( 'NONE', *, *, #2348, .F. ) ;
#501 = EDGE_CURVE ( 'NONE', #3117, #2508, #457, .T. ) ;
#502 = LINE ( 'NONE', #2490, #1579 ) ;
#503 = ORIENTED_EDGE ( 'NONE', *, *, #1530, .T. ) ;
#504 = CIRCLE ( 'NONE', #1448, 0.08873698508694220777 ) ;
#505 = CLOSED_SHELL ( 'NONE', ( #2124, #2302, #3146, #1833, #2955, #1280, #426, #1721, #2065, #1095, #988, #674, #2692, #1858 ) ) ;
#506 = DIRECTION ( 'NONE',  ( 0.1209742911513548014, 0.9852565360152931717, -0.1209742911513548291 ) ) ;
#507 = CARTESIAN_POINT ( 'NONE',  ( 0.8533623551084500436, 0.4281770256120379092, 0.7624999999999999556 ) ) ;
#508 = DIRECTION ( 'NONE',  ( 0.000000000000000000, 1.000000000000000000, 0.000000000000000000 ) ) ;
#509 = LINE ( 'NONE', #2249, #2674 ) ;
#510 = ORIENTED_EDGE ( 'NONE', *, *, #244, .T. ) ;
#511 = CARTESIAN_POINT ( 'NONE',  ( -0.6250000000000005551, 0.5299999999999994715, -0.9999999999999956701 ) ) ;
#512 = CARTESIAN_POINT ( 'NONE',  ( -0.8533623551084500436, 0.4281770256120379092, 0.7624999999999999556 ) ) ;
#513 = FACE_OUTER_BOUND ( 'NONE', #2501, .T. ) ;
#514 = CARTESIAN_POINT ( 'NONE',  ( 0.9312848509559306098, 0.2369140106989806038, 0.7624999999999999556 ) ) ;
#515 = ADVANCED_FACE ( 'NONE', ( #564 ), #1622, .T. ) ;
#516 = VECTOR ( 'NONE', #1269, 1000.000000000000000 ) ;
#517 =( NAMED_UNIT ( * ) SI_UNIT ( $, .STERADIAN. ) SOLID_ANGLE_UNIT ( ) );
#518 = ORIENTED_EDGE ( 'NONE', *, *, #346, .T. ) ;
#519 = LINE ( 'NONE', #675, #2701 ) ;
#520 = VECTOR ( 'NONE', #3172, 1000.000000000000000 ) ;
#521 = CARTESIAN_POINT ( 'NONE',  ( -0.6250000000000005551, 0.6699999999999993738, -0.9999999999999956701 ) ) ;
#522 = DIRECTION ( 'NONE',  ( -0.9925461516413219831, -0.1218693434051477398, 0.000000000000000000 ) ) ;
#523 = ORIENTED_EDGE ( 'NONE', *, *, #525, .T. ) ;
#524 = FACE_OUTER_BOUND ( 'NONE', #281, .T. ) ;
#525 = EDGE_CURVE ( 'NONE', #2690, #2246, #1529, .T. ) ;
#526 = EDGE_CURVE ( 'NONE', #1388, #1180, #498, .T. ) ;
#527 = LINE ( 'NONE', #1909, #2698 ) ;
#528 = AXIS2_PLACEMENT_3D ( 'NONE', #810, #3081, #378 ) ;
#529 = VERTEX_POINT ( 'NONE', #2212 ) ;
#530 = AXIS2_PLACEMENT_3D ( 'NONE', #268, #968, #1207 ) ;
#531 = LINE ( 'NONE', #309, #1611 ) ;
#532 = DIRECTION ( 'NONE',  ( -0.000000000000000000, 1.000000000000000000, -0.000000000000000000 ) ) ;
#533 = DIRECTION ( 'NONE',  ( -0.000000000000000000, -0.000000000000000000, -1.000000000000000000 ) ) ;
#534 = DIRECTION ( 'NONE',  ( -0.000000000000000000, -0.000000000000000000, -1.000000000000000000 ) ) ;
#535 = AXIS2_PLACEMENT_3D ( 'NONE', #939, #2683, #1446 ) ;
#536 = EDGE_CURVE ( 'NONE', #291, #529, #2693, .T. ) ;
#537 = AXIS2_PLACEMENT_3D ( 'NONE', #2641, #2554, #1569 ) ;
#538 = LINE ( 'NONE', #455, #2638 ) ;
#539 = VERTEX_POINT ( 'NONE', #721 ) ;
#540 = CARTESIAN_POINT ( 'NONE',  ( -0.7135916498898298155, 0.4361863927961265319, 0.1124999999999999750 ) ) ;
#541 = VECTOR ( 'NONE', #1700, 1000.000000000000114 ) ;
#542 = EDGE_CURVE ( 'NONE', #289, #1086, #1556, .T. ) ;
#543 = CARTESIAN_POINT ( 'NONE',  ( 0.9153289654614029658, 0.008734217411429694850, -0.1124999999999999750 ) ) ;
#544 = DIRECTION ( 'NONE',  ( 1.000000000000000000, 0.000000000000000000, 0.000000000000000000 ) ) ;
#545 = VECTOR ( 'NONE', #2833, 1000.000000000000000 ) ;
#546 = EDGE_LOOP ( 'NONE', ( #2208, #1347, #510, #275 ) ) ;
#547 = EDGE_CURVE ( 'NONE', #1679, #1276, #1571, .T. ) ;
#548 = ADVANCED_FACE ( 'NONE', ( #560 ), #1563, .T. ) ;
#549 = LINE ( 'NONE', #75, #545 ) ;
#550 = CARTESIAN_POINT ( 'NONE',  ( -0.6250000000000005551, 0.4412630149130573609, -0.7624999999999999556 ) ) ;
#551 = ORIENTED_EDGE ( 'NONE', *, *, #1871, .F. ) ;
#552 = CIRCLE ( 'NONE', #1359, 0.08873698508694198572 ) ;
#553 = LINE ( 'NONE', #583, #1640 ) ;
#554 = CARTESIAN_POINT ( 'NONE',  ( -0.7135916498898298155, 0.4361863927961265319, -0.5374999999999999778 ) ) ;
#555 = CARTESIAN_POINT ( 'NONE',  ( -0.6250000000000005551, 0.6699999999999993738, -0.9999999999999956701 ) ) ;
#556 = EDGE_LOOP ( 'NONE', ( #2057, #3015, #323, #1069, #2400, #1287, #1185, #1575, #2111, #168, #2365, #2076 ) ) ;
#557 = VECTOR ( 'NONE', #1, 1000.000000000000000 ) ;
#558 = DIRECTION ( 'NONE',  ( 0.000000000000000000, -0.000000000000000000, -1.000000000000000000 ) ) ;
#559 = PLANE ( 'NONE',  #959 ) ;
#560 = FACE_OUTER_BOUND ( 'NONE', #1375, .T. ) ;
#561 = VERTEX_POINT ( 'NONE', #2916 ) ;
#562 = CARTESIAN_POINT ( 'NONE',  ( 0.6250000000000005551, 0.4412630149130573609, -0.5374999999999999778 ) ) ;
#563 = FACE_OUTER_BOUND ( 'NONE', #1289, .T. ) ;
#564 = FACE_OUTER_BOUND ( 'NONE', #2485, .T. ) ;
#565 = ORIENTED_EDGE ( 'NONE', *, *, #1689, .F. ) ;
#566 = LINE ( 'NONE', #2455, #1724 ) ;
#567 = DIRECTION ( 'NONE',  ( -0.000000000000000000, -0.000000000000000000, -1.000000000000000000 ) ) ;
#568 = CARTESIAN_POINT ( 'NONE',  ( 0.6250000000000005551, 0.4412630149130573609, -0.5374999999999999778 ) ) ;
#569 = AXIS2_PLACEMENT_3D ( 'NONE', #1255, #974, #2257 ) ;
#570 = VECTOR ( 'NONE', #2013, 1000.000000000000000 ) ;
#571 = EDGE_CURVE ( 'NONE', #1084, #1516, #2618, .T. ) ;
#572 = CARTESIAN_POINT ( 'NONE',  ( 0.7135916498898298155, 0.4361863927961265319, 0.1124999999999999750 ) ) ;
#573 = ORIENTED_EDGE ( 'NONE', *, *, #488, .T. ) ;
#574 = VECTOR ( 'NONE', #101, 1000.000000000000000 ) ;
#575 = AXIS2_PLACEMENT_3D ( 'NONE', #1422, #453, #1693 ) ;
#576 = CYLINDRICAL_SURFACE ( 'NONE', #734, 0.2287369850869419297 ) ;
#577 = PLANE ( 'NONE',  #2575 ) ;
#578 = DIRECTION ( 'NONE',  ( -1.000000000000000000, 0.000000000000000000, 0.000000000000000000 ) ) ;
#579 = VERTEX_POINT ( 'NONE', #2705 ) ;
#580 = EDGE_CURVE ( 'NONE', #594, #2279, #2658, .T. ) ;
#581 = EDGE_CURVE ( 'NONE', #830, #1564, #504, .T. ) ;
#582 = CARTESIAN_POINT ( 'NONE',  ( 0.6249999999999983347, 0.6699999999999993738, -0.9999999999999956701 ) ) ;
#583 = CARTESIAN_POINT ( 'NONE',  ( -0.6250000000000005551, 0.1000000000000003109, -0.9472026388117467111 ) ) ;
#584 = AXIS2_PLACEMENT_3D ( 'NONE', #1780, #384, #2821 ) ;
#585 = CYLINDRICAL_SURFACE ( 'NONE', #2716, 0.2287369850869420407 ) ;
#586 = VERTEX_POINT ( 'NONE', #1991 ) ;
#587 = DIRECTION ( 'NONE',  ( -1.000000000000000000, 0.000000000000000000, 0.000000000000000000 ) ) ;
#588 = VERTEX_POINT ( 'NONE', #182 ) ;
#589 = EDGE_CURVE ( 'NONE', #359, #395, #1576, .T. ) ;
#590 = DIRECTION ( 'NONE',  ( 0.000000000000000000, 0.000000000000000000, -1.000000000000000000 ) ) ;
#591 = DIRECTION ( 'NONE',  ( -0.000000000000000000, -0.000000000000000000, -1.000000000000000000 ) ) ;
#592 = FACE_OUTER_BOUND ( 'NONE', #1345, .T. ) ;
#593 = DIRECTION ( 'NONE',  ( -0.000000000000000000, -0.000000000000000000, -1.000000000000000000 ) ) ;
#594 = VERTEX_POINT ( 'NONE', #2936 ) ;
#595 = DIRECTION ( 'NONE',  ( 0.000000000000000000, 0.000000000000000000, 1.000000000000000000 ) ) ;
#596 = VECTOR ( 'NONE', #1639, 1000.000000000000000 ) ;
#597 = DIRECTION ( 'NONE',  ( -1.000000000000000000, 0.000000000000000000, 0.000000000000000000 ) ) ;
#598 = CARTESIAN_POINT ( 'NONE',  ( 0.6250000000000005551, 0.4412630149130573609, -0.5374999999999999778 ) ) ;
#599 = CLOSED_SHELL ( 'NONE', ( #2743, #1589, #3091, #2997, #515, #148, #267, #1465, #2454, #2094, #873, #2344, #3179, #1517 ) ) ;
#600 = SURFACE_STYLE_USAGE ( .BOTH. , #152 ) ;
#601 =( NAMED_UNIT ( * ) SI_UNIT ( $, .STERADIAN. ) SOLID_ANGLE_UNIT ( ) );
#602 = VECTOR ( 'NONE', #894, 1000.000000000000114 ) ;
#603 = ORIENTED_EDGE ( 'NONE', *, *, #912, .T. ) ;
#604 = EDGE_CURVE ( 'NONE', #619, #1679, #1592, .T. ) ;
#605 = CARTESIAN_POINT ( 'NONE',  ( -0.3450000000000005285, 0.7247308806541886694, -0.6049999999999955413 ) ) ;
#606 = LINE ( 'NONE', #1898, #1687 ) ;
#607 = EDGE_LOOP ( 'NONE', ( #3009, #2416, #467, #2634 ) ) ;
#608 = AXIS2_PLACEMENT_3D ( 'NONE', #1096, #2904, #1386 ) ;
#609 = DIRECTION ( 'NONE',  ( -0.000000000000000000, -0.000000000000000000, -1.000000000000000000 ) ) ;
#610 = EDGE_CURVE ( 'NONE', #1076, #1160, #509, .T. ) ;
#611 = EDGE_CURVE ( 'NONE', #36, #291, #2644, .T. ) ;
#612 = VECTOR ( 'NONE', #824, 1000.000000000000114 ) ;
#613 = DIRECTION ( 'NONE',  ( 1.000000000000000000, 0.000000000000000000, 0.000000000000000000 ) ) ;
#614 = EDGE_LOOP ( 'NONE', ( #3143, #444, #1311, #1572 ) ) ;
#615 = DIRECTION ( 'NONE',  ( -0.000000000000000000, -0.000000000000000000, -1.000000000000000000 ) ) ;
#616 = CYLINDRICAL_SURFACE ( 'NONE', #1216, 0.08873698508694220777 ) ;
#617 = CARTESIAN_POINT ( 'NONE',  ( -0.8533623551084500436, 0.4281770256120379092, -0.5374999999999999778 ) ) ;
#618 = DIRECTION ( 'NONE',  ( -0.000000000000000000, 0.000000000000000000, 1.000000000000000000 ) ) ;
#619 = VERTEX_POINT ( 'NONE', #482 ) ;
#620 = CARTESIAN_POINT ( 'NONE',  ( 0.9312848509559306098, 0.2369140106989806038, -0.5374999999999999778 ) ) ;
#621 = FACE_OUTER_BOUND ( 'NONE', #305, .T. ) ;
#622 = ORIENTED_EDGE ( 'NONE', *, *, #1806, .T. ) ;
#623 = LINE ( 'NONE', #418, #2828 ) ;
#624 = CARTESIAN_POINT ( 'NONE',  ( -0.9312848509559306098, 0.2369140106989805761, -0.7624999999999999556 ) ) ;
#625 = ADVANCED_FACE ( 'NONE', ( #2628 ), #744, .F. ) ;
#626 = VECTOR ( 'NONE', #339, 1000.000000000000114 ) ;
#627 = ORIENTED_EDGE ( 'NONE', *, *, #1327, .F. ) ;
#628 = DIRECTION ( 'NONE',  ( -0.9975640502598243087, 0.06975647374412508039, 0.000000000000000000 ) ) ;
#629 = DIRECTION ( 'NONE',  ( 0.9975640502598241977, -0.06975647374412612123, 0.000000000000000000 ) ) ;
#630 = FACE_OUTER_BOUND ( 'NONE', #2445, .T. ) ;
#631 = CARTESIAN_POINT ( 'NONE',  ( 0.7135916498898298155, 0.4361863927961265319, 0.1124999999999999750 ) ) ;
#632 = ORIENTED_EDGE ( 'NONE', *, *, #1003, .F. ) ;
#633 = DIRECTION ( 'NONE',  ( 0.000000000000000000, 0.000000000000000000, 1.000000000000000000 ) ) ;
#634 = VECTOR ( 'NONE', #567, 1000.000000000000000 ) ;
#635 = VECTOR ( 'NONE', #615, 1000.000000000000000 ) ;
#636 =( NAMED_UNIT ( * ) PLANE_ANGLE_UNIT ( ) SI_UNIT ( $, .RADIAN. ) );
#637 = DIRECTION ( 'NONE',  ( 1.000000000000000000, 0.000000000000000000, 0.000000000000000000 ) ) ;
#638 = ORIENTED_EDGE ( 'NONE', *, *, #2224, .T. ) ;
#639 = FILL_AREA_STYLE ('',( #2341 ) ) ;
#640 = VECTOR ( 'NONE', #253, 1000.000000000000000 ) ;
#641 =( GEOMETRIC_REPRESENTATION_CONTEXT ( 3 ) GLOBAL_UNCERTAINTY_ASSIGNED_CONTEXT ( ( #1211 ) ) GLOBAL_UNIT_ASSIGNED_CONTEXT ( ( #2784, #2925, #9 ) ) REPRESENTATION_CONTEXT ( 'NONE', 'WORKASPACE' ) );
#642 = LINE ( 'NONE', #2760, #2725 ) ;
#643 = DIRECTION ( 'NONE',  ( -0.000000000000000000, -0.000000000000000000, -1.000000000000000000 ) ) ;
#644 = MECHANICAL_DESIGN_GEOMETRIC_PRESENTATION_REPRESENTATION (  '', ( #764 ), #2231 ) ;
#645 = LINE ( 'NONE', #405, #1726 ) ;
#646 = EDGE_CURVE ( 'NONE', #2246, #1436, #494, .T. ) ;
#647 = EDGE_CURVE ( 'NONE', #2010, #1320, #2682, .T. ) ;
#648 = CARTESIAN_POINT ( 'NONE',  ( 0.8426932010661015715, 0.2419906328159113773, 0.5374999999999999778 ) ) ;
#649 = EDGE_CURVE ( 'NONE', #1370, #1587, #1601, .T. ) ;
#650 = CARTESIAN_POINT ( 'NONE',  ( -0.8533623551084500436, 0.4281770256120379092, -0.5374999999999999778 ) ) ;
#651 = AXIS2_PLACEMENT_3D ( 'NONE', #2566, #3079, #2769 ) ;
#652 = LINE ( 'NONE', #1018, #2819 ) ;
#653 = ADVANCED_FACE ( 'NONE', ( #2737 ), #3014, .T. ) ;
#654 = CYLINDRICAL_SURFACE ( 'NONE', #1620, 0.2287369850869419297 ) ;
#655 = CARTESIAN_POINT ( 'NONE',  ( -0.3450000000000005285, 1.100000000000000755, -0.6049999999999955413 ) ) ;
#656 = CARTESIAN_POINT ( 'NONE',  ( -1.049999999999999378, 0.1396589670363751479, -0.5374999999999999778 ) ) ;
#657 = LINE ( 'NONE', #43, #2842 ) ;
#658 = LINE ( 'NONE', #1136, #1741 ) ;
#659 = CARTESIAN_POINT ( 'NONE',  ( -0.6250000000000005551, 0.5299999999999994715, -0.5374999999999999778 ) ) ;
#660 = EDGE_CURVE ( 'NONE', #387, #3209, #2688, .T. ) ;
#661 = CARTESIAN_POINT ( 'NONE',  ( 1.040234093675821869, -1.291323651961581360E-16, 0.7624999999999999556 ) ) ;
#662 = VECTOR ( 'NONE', #2018, 1000.000000000000000 ) ;
#663 = FACE_OUTER_BOUND ( 'NONE', #341, .T. ) ;
#664 = CARTESIAN_POINT ( 'NONE',  ( 0.8426932010661015715, 0.2419906328159113773, 0.7624999999999999556 ) ) ;
#665 = FACE_OUTER_BOUND ( 'NONE', #3083, .T. ) ;
#666 = CARTESIAN_POINT ( 'NONE',  ( -0.9250948717855804748, 0.1483931844478050266, 0.5374999999999999778 ) ) ;
#667 = CARTESIAN_POINT ( 'NONE',  ( -0.6250000000000005551, 0.4412630149130573609, -0.5374999999999999778 ) ) ;
#668 = LINE ( 'NONE', #1186, #2835 ) ;
#669 = FILL_AREA_STYLE_COLOUR ( '', #199 ) ;
#670 = VECTOR ( 'NONE', #2823, 1000.000000000000114 ) ;
#671 = PLANE ( 'NONE',  #1985 ) ;
#672 = DIRECTION ( 'NONE',  ( -0.1209742911513548291, 0.9852565360152931717, 0.1209742911513548291 ) ) ;
#673 = LINE ( 'NONE', #316, #1707 ) ;
#674 = ADVANCED_FACE ( 'NONE', ( #1614 ), #1326, .F. ) ;
#675 = CARTESIAN_POINT ( 'NONE',  ( 0.6250000000000005551, 0.6699999999999993738, -0.1124999999999999750 ) ) ;
#676 = CARTESIAN_POINT ( 'NONE',  ( -1.049999999999999378, 0.1396589670363751479, 0.1124999999999999750 ) ) ;
#677 = PRODUCT_CONTEXT ( 'NONE', #2758, 'mechanical' ) ;
#678 = EDGE_CURVE ( 'NONE', #147, #3046, #549, .T. ) ;
#679 = CIRCLE ( 'NONE', #2899, 0.2287369850869419297 ) ;
#680 = EDGE_CURVE ( 'NONE', #252, #67, #1627, .T. ) ;
#681 = CIRCLE ( 'NONE', #860, 0.08873698508694198572 ) ;
#682 = AXIS2_PLACEMENT_3D ( 'NONE', #2328, #643, #2850 ) ;
#683 = EDGE_LOOP ( 'NONE', ( #2151, #2167, #3208, #139 ) ) ;
#684 = VECTOR ( 'NONE', #2962, 1000.000000000000000 ) ;
#685 = DIRECTION ( 'NONE',  ( -0.05720976560063337213, -0.9983621801330019307, 0.000000000000000000 ) ) ;
#686 = AXIS2_PLACEMENT_3D ( 'NONE', #667, #2437, #693 ) ;
#687 = EDGE_CURVE ( 'NONE', #473, #285, #553, .T. ) ;
#688 = VECTOR ( 'NONE', #112, 1000.000000000000000 ) ;
#689 = AXIS2_PLACEMENT_3D ( 'NONE', #2034, #796, #1032 ) ;
#690 = CARTESIAN_POINT ( 'NONE',  ( -0.7137369850869427212, 0.4412630149130573609, 0.7624999999999999556 ) ) ;
#691 = ORIENTED_EDGE ( 'NONE', *, *, #1154, .T. ) ;
#692 = CARTESIAN_POINT ( 'NONE',  ( -0.5722026388117512630, 1.100000000000000755, 0.9472026388117515960 ) ) ;
#693 = DIRECTION ( 'NONE',  ( 1.000000000000000000, 0.000000000000000000, 0.000000000000000000 ) ) ;
#694 = LINE ( 'NONE', #2780, #684 ) ;
#695 = DIRECTION ( 'NONE',  ( 1.000000000000000000, 0.000000000000000000, 0.000000000000000000 ) ) ;
#696 = CYLINDRICAL_SURFACE ( 'NONE', #2022, 0.2287369850869420407 ) ;
#697 = DIRECTION ( 'NONE',  ( 0.000000000000000000, 0.000000000000000000, 1.000000000000000000 ) ) ;
#698 = DIRECTION ( 'NONE',  ( -0.000000000000000000, -1.000000000000000000, -0.000000000000000000 ) ) ;
#699 = ORIENTED_EDGE ( 'NONE', *, *, #236, .F. ) ;
#700 = CIRCLE ( 'NONE', #1694, 0.2287369850869419297 ) ;
#701 = VECTOR ( 'NONE', #2723, 1000.000000000000000 ) ;
#702 = EDGE_CURVE ( 'NONE', #355, #1340, #2730, .T. ) ;
#703 = CARTESIAN_POINT ( 'NONE',  ( 0.6250000000000005551, 0.4412630149130573609, -0.7624999999999999556 ) ) ;
#704 = DIRECTION ( 'NONE',  ( 1.000000000000000000, 0.000000000000000000, 0.000000000000000000 ) ) ;
#705 = EDGE_LOOP ( 'NONE', ( #3151, #1923, #2068, #2122 ) ) ;
#706 = FACE_OUTER_BOUND ( 'NONE', #336, .T. ) ;
#707 = PRODUCT_DEFINITION_SHAPE ( 'NONE', 'NONE',  #3222 ) ;
#708 = ADVANCED_FACE ( 'NONE', ( #1649 ), #1101, .F. ) ;
#709 = LINE ( 'NONE', #861, #770 ) ;
#710 = ORIENTED_EDGE ( 'NONE', *, *, #1327, .T. ) ;
#711 = FACE_OUTER_BOUND ( 'NONE', #2424, .T. ) ;
#712 = LINE ( 'NONE', #3075, #1817 ) ;
#713 = CARTESIAN_POINT ( 'NONE',  ( 1.049999999999999378, 0.1396589670363751479, -0.5374999999999999778 ) ) ;
#714 = ORIENTED_EDGE ( 'NONE', *, *, #203, .F. ) ;
#715 = DIRECTION ( 'NONE',  ( 0.000000000000000000, -0.000000000000000000, -1.000000000000000000 ) ) ;
#716 = DIRECTION ( 'NONE',  ( 0.9975640502598241977, 0.06975647374412612123, -0.000000000000000000 ) ) ;
#717 = LINE ( 'NONE', #1684, #2889 ) ;
#718 = CIRCLE ( 'NONE', #1664, 0.08873698508694220777 ) ;
#719 = CARTESIAN_POINT ( 'NONE',  ( 0.9153289654614029658, 0.008734217411429694850, 0.7624999999999999556 ) ) ;
#720 = CARTESIAN_POINT ( 'NONE',  ( 0.6249999999999987788, 0.1000000000000003109, 0.9472026388117519291 ) ) ;
#721 = CARTESIAN_POINT ( 'NONE',  ( -1.040234093675821869, -1.291323651961581360E-16, -0.7624999999999999556 ) ) ;
#722 = VECTOR ( 'NONE', #1710, 1000.000000000000000 ) ;
#723 = MECHANICAL_DESIGN_GEOMETRIC_PRESENTATION_REPRESENTATION (  '', ( #130 ), #3001 ) ;
#724 = FACE_OUTER_BOUND ( 'NONE', #300, .T. ) ;
#725 = PLANE ( 'NONE',  #530 ) ;
#726 = CARTESIAN_POINT ( 'NONE',  ( 1.049999999999999378, 0.1396589670363751479, 0.1124999999999999750 ) ) ;
#727 = EDGE_CURVE ( 'NONE', #1357, #561, #1655, .T. ) ;
#728 = CARTESIAN_POINT ( 'NONE',  ( 0.6250000000000005551, 0.6699999999999993738, 0.7624999999999999556 ) ) ;
#729 = EDGE_CURVE ( 'NONE', #1564, #1180, #450, .T. ) ;
#730 = FACE_OUTER_BOUND ( 'NONE', #1365, .T. ) ;
#731 = AXIS2_PLACEMENT_3D ( 'NONE', #1590, #1824, #2051 ) ;
#732 = MANIFOLD_SOLID_BREP ( 'LPattern1[4]', #1429 ) ;
#733 = VECTOR ( 'NONE', #783, 1000.000000000000114 ) ;
#734 = AXIS2_PLACEMENT_3D ( 'NONE', #2498, #277, #1682 ) ;
#735 = CYLINDRICAL_SURFACE ( 'NONE', #2521, 0.08873698508694220777 ) ;
#736 = PRESENTATION_LAYER_ASSIGNMENT (  '', '', ( #398 ) ) ;
#737 = CARTESIAN_POINT ( 'NONE',  ( -0.6250000000000005551, 0.6699999999999993738, 0.5374999999999999778 ) ) ;
#738 = ADVANCED_FACE ( 'NONE', ( #1673 ), #1661, .F. ) ;
#739 = CARTESIAN_POINT ( 'NONE',  ( -0.9250948717855804748, 0.1483931844478050266, 0.7624999999999999556 ) ) ;
#740 = DIRECTION ( 'NONE',  ( -0.000000000000000000, -0.000000000000000000, -1.000000000000000000 ) ) ;
#741 = LINE ( 'NONE', #1172, #746 ) ;
#742 = DIRECTION ( 'NONE',  ( -0.000000000000000000, -0.000000000000000000, -1.000000000000000000 ) ) ;
#743 = DIRECTION ( 'NONE',  ( 1.000000000000000000, 0.000000000000000000, 0.000000000000000000 ) ) ;
#744 = PLANE ( 'NONE',  #952 ) ;
#745 = EDGE_CURVE ( 'NONE', #408, #539, #2765, .T. ) ;
#746 = VECTOR ( 'NONE', #1130, 1000.000000000000000 ) ;
#747 = CARTESIAN_POINT ( 'NONE',  ( -0.6250000000000005551, 0.6699999999999993738, 0.7624999999999999556 ) ) ;
#748 = PLANE ( 'NONE',  #1251 ) ;
#749 = DIRECTION ( 'NONE',  ( -0.000000000000000000, -0.000000000000000000, -1.000000000000000000 ) ) ;
#750 = PLANE ( 'NONE',  #134 ) ;
#751 = DIRECTION ( 'NONE',  ( 0.000000000000000000, 0.000000000000000000, 1.000000000000000000 ) ) ;
#752 = FACE_BOUND ( 'NONE', #2210, .T. ) ;
#753 = DIRECTION ( 'NONE',  ( 0.000000000000000000, 0.1218693434051477398, -0.9925461516413219831 ) ) ;
#754 = FACE_OUTER_BOUND ( 'NONE', #2090, .T. ) ;
#755 = DIRECTION ( 'NONE',  ( 0.000000000000000000, 1.000000000000000000, 0.000000000000000000 ) ) ;
#756 = FACE_OUTER_BOUND ( 'NONE', #2216, .T. ) ;
#757 = FACE_OUTER_BOUND ( 'NONE', #2304, .T. ) ;
#758 = EDGE_CURVE ( 'NONE', #382, #539, #2749, .T. ) ;
#759 = VECTOR ( 'NONE', #3122, 1000.000000000000000 ) ;
#760 = CARTESIAN_POINT ( 'NONE',  ( 0.9250948717855804748, 0.1483931844478049711, 0.1124999999999999750 ) ) ;
#761 = AXIS2_PLACEMENT_3D ( 'NONE', #492, #2921, #944 ) ;
#762 = CARTESIAN_POINT ( 'NONE',  ( 0.6250000000000005551, 0.4412630149130573609, 0.1124999999999999750 ) ) ;
#763 = DIRECTION ( 'NONE',  ( 1.000000000000000000, 0.000000000000000000, 0.000000000000000000 ) ) ;
#764 = STYLED_ITEM ( 'NONE', ( #2191 ), #1472 ) ;
#765 = EDGE_CURVE ( 'NONE', #2279, #619, #681, .T. ) ;
#766 = VECTOR ( 'NONE', #1859, 1000.000000000000000 ) ;
#767 = PLANE ( 'NONE',  #1839 ) ;
#768 = CARTESIAN_POINT ( 'NONE',  ( 0.9153289654614029658, 0.008734217411429694850, -0.5374999999999999778 ) ) ;
#769 = DIRECTION ( 'NONE',  ( 0.000000000000000000, -0.000000000000000000, -1.000000000000000000 ) ) ;
#770 = VECTOR ( 'NONE', #1188, 1000.000000000000000 ) ;
#771 = PLANE ( 'NONE',  #569 ) ;
#772 = DIRECTION ( 'NONE',  ( 0.06975647374412612123, 0.9975640502598241977, 0.000000000000000000 ) ) ;
#773 = VECTOR ( 'NONE', #2205, 1000.000000000000000 ) ;
#774 = FACE_OUTER_BOUND ( 'NONE', #2572, .T. ) ;
#775 = ADVANCED_FACE ( 'NONE', ( #2745 ), #1591, .F. ) ;
#776 = LINE ( 'NONE', #145, #733 ) ;
#777 = DIRECTION ( 'NONE',  ( -0.9983621801330019307, -0.05720976560063395500, 0.000000000000000000 ) ) ;
#778 = DIRECTION ( 'NONE',  ( 1.000000000000000000, 0.000000000000000000, 0.000000000000000000 ) ) ;
#779 = CARTESIAN_POINT ( 'NONE',  ( 1.049999999999999378, 0.1396589670363751479, -0.7624999999999999556 ) ) ;
#780 = FACE_OUTER_BOUND ( 'NONE', #614, .T. ) ;
#781 = LINE ( 'NONE', #2127, #2913 ) ;
#782 = PLANE ( 'NONE',  #2619 ) ;
#783 = DIRECTION ( 'NONE',  ( -0.06975647374412508039, -0.9975640502598243087, 0.000000000000000000 ) ) ;
#784 = CARTESIAN_POINT ( 'NONE',  ( -0.9153289654614029658, 0.008734217411429694850, -0.5374999999999999778 ) ) ;
#785 = FACE_OUTER_BOUND ( 'NONE', #1911, .T. ) ;
#786 = VECTOR ( 'NONE', #2312, 1000.000000000000000 ) ;
#787 = DIRECTION ( 'NONE',  ( -2.168404344971012566E-16, -0.000000000000000000, -1.000000000000000000 ) ) ;
#788 = CYLINDRICAL_SURFACE ( 'NONE', #2364, 0.2287369850869420407 ) ;
#789 = CARTESIAN_POINT ( 'NONE',  ( -1.049999999999999378, 0.1396589670363751479, -0.5374999999999999778 ) ) ;
#790 = FACE_OUTER_BOUND ( 'NONE', #92, .T. ) ;
#791 = AXIS2_PLACEMENT_3D ( 'NONE', #2420, #2657, #2898 ) ;
#792 = DIRECTION ( 'NONE',  ( 0.000000000000000000, 0.000000000000000000, 1.000000000000000000 ) ) ;
#793 = DIRECTION ( 'NONE',  ( 1.000000000000000000, 0.000000000000000000, 0.000000000000000000 ) ) ;
#794 = FACE_OUTER_BOUND ( 'NONE', #27, .T. ) ;
#795 = AXIS2_PLACEMENT_3D ( 'NONE', #2381, #184, #597 ) ;
#796 = DIRECTION ( 'NONE',  ( -0.000000000000000000, -0.000000000000000000, -1.000000000000000000 ) ) ;
#797 = DIRECTION ( 'NONE',  ( 0.05720976560063337213, -0.9983621801330019307, 0.000000000000000000 ) ) ;
#798 = EDGE_CURVE ( 'NONE', #991, #2159, #2759, .T. ) ;
#799 = EDGE_CURVE ( 'NONE', #2159, #2134, #1755, .T. ) ;
#800 = EDGE_CURVE ( 'NONE', #3088, #289, #2824, .T. ) ;
#801 = FACE_OUTER_BOUND ( 'NONE', #1173, .T. ) ;
#802 = ADVANCED_FACE ( 'NONE', ( #2768 ), #616, .F. ) ;
#803 = AXIS2_PLACEMENT_3D ( 'NONE', #1805, #85, #695 ) ;
#804 = LINE ( 'NONE', #2702, #870 ) ;
#805 = DIRECTION ( 'NONE',  ( 0.06975647374412617674, -0.9975640502598241977, 0.000000000000000000 ) ) ;
#806 = PLANE ( 'NONE',  #2340 ) ;
#807 = CARTESIAN_POINT ( 'NONE',  ( 0.6249999999999987788, 0.6699999999999993738, 1.000000000000000888 ) ) ;
#808 = EDGE_CURVE ( 'NONE', #2228, #2240, #1720, .T. ) ;
#809 = CIRCLE ( 'NONE', #791, 0.08873698508694220777 ) ;
#810 = CARTESIAN_POINT ( 'NONE',  ( 0.6250000000000005551, 0.4412630149130573609, 0.1124999999999999750 ) ) ;
#811 = LINE ( 'NONE', #3217, #891 ) ;
#812 = CARTESIAN_POINT ( 'NONE',  ( 0.8533623551084500436, 0.4281770256120379092, 0.7624999999999999556 ) ) ;
#813 = DIRECTION ( 'NONE',  ( -0.9975640502598241977, -0.06975647374412617674, 0.000000000000000000 ) ) ;
#814 =( LENGTH_UNIT ( ) NAMED_UNIT ( * ) SI_UNIT ( .MILLI., .METRE. ) );
#815 = FACE_OUTER_BOUND ( 'NONE', #2332, .T. ) ;
#816 = CIRCLE ( 'NONE', #1116, 0.2287369850869420407 ) ;
#817 = ADVANCED_FACE ( 'NONE', ( #592 ), #2840, .F. ) ;
#818 = DIRECTION ( 'NONE',  ( -0.9975640502598241977, 0.06975647374412612123, 0.000000000000000000 ) ) ;
#819 = DIRECTION ( 'NONE',  ( 1.000000000000000000, 0.000000000000000000, 0.000000000000000000 ) ) ;
#820 = FACE_OUTER_BOUND ( 'NONE', #607, .T. ) ;
#821 = EDGE_CURVE ( 'NONE', #3209, #456, #606, .T. ) ;
#822 = CARTESIAN_POINT ( 'NONE',  ( 0.6249999999999983347, 0.6699999999999993738, -0.9999999999999956701 ) ) ;
#823 = ORIENTED_EDGE ( 'NONE', *, *, #2754, .F. ) ;
#824 = DIRECTION ( 'NONE',  ( 0.06975647374412508039, -0.9975640502598243087, 0.000000000000000000 ) ) ;
#825 = AXIS2_PLACEMENT_3D ( 'NONE', #2980, #590, #2957 ) ;
#826 = VECTOR ( 'NONE', #2839, 1000.000000000000000 ) ;
#827 = CARTESIAN_POINT ( 'NONE',  ( -0.7137369850869427212, 0.4412630149130573609, 0.5374999999999999778 ) ) ;
#828 = DIRECTION ( 'NONE',  ( 0.000000000000000000, 0.000000000000000000, 1.000000000000000000 ) ) ;
#829 = EDGE_CURVE ( 'NONE', #1418, #586, #2779, .T. ) ;
#830 = VERTEX_POINT ( 'NONE', #847 ) ;
#831 = AXIS2_PLACEMENT_3D ( 'NONE', #3181, #749, #2711 ) ;
#832 = EDGE_CURVE ( 'NONE', #441, #943, #2816, .T. ) ;
#833 = DIRECTION ( 'NONE',  ( 0.000000000000000000, 0.000000000000000000, 1.000000000000000000 ) ) ;
#834 = DIRECTION ( 'NONE',  ( 0.000000000000000000, -0.000000000000000000, -1.000000000000000000 ) ) ;
#835 = CIRCLE ( 'NONE', #948, 0.1150000000000000883 ) ;
#836 = ORIENTED_EDGE ( 'NONE', *, *, #1946, .F. ) ;
#837 = CARTESIAN_POINT ( 'NONE',  ( 0.9312848509559306098, 0.2369140106989806038, 0.7624999999999999556 ) ) ;
#838 = EDGE_LOOP ( 'NONE', ( #917, #2019, #2548, #2176 ) ) ;
#839 = DIRECTION ( 'NONE',  ( -0.000000000000000000, -0.000000000000000000, -1.000000000000000000 ) ) ;
#840 = EDGE_CURVE ( 'NONE', #1413, #1146, #1708, .T. ) ;
#841 = PLANE ( 'NONE',  #1943 ) ;
#842 = FACE_OUTER_BOUND ( 'NONE', #1334, .T. ) ;
#843 = VECTOR ( 'NONE', #2247, 1000.000000000000000 ) ;
#844 = ADVANCED_FACE ( 'NONE', ( #2798 ), #1734, .T. ) ;
#845 = CARTESIAN_POINT ( 'NONE',  ( 0.6249999999999983347, 0.5299999999999994715, -0.9999999999999956701 ) ) ;
#846 = ORIENTED_EDGE ( 'NONE', *, *, #526, .T. ) ;
#847 = CARTESIAN_POINT ( 'NONE',  ( 0.7137369850869427212, 0.4412630149130573609, -0.5374999999999999778 ) ) ;
#848 = LINE ( 'NONE', #2653, #914 ) ;
#849 = VECTOR ( 'NONE', #1356, 1000.000000000000114 ) ;
#850 = DIRECTION ( 'NONE',  ( -0.06975647374412508039, -0.9975640502598243087, 0.000000000000000000 ) ) ;
#851 = DIRECTION ( 'NONE',  ( -0.000000000000000000, -0.000000000000000000, -1.000000000000000000 ) ) ;
#852 = ORIENTED_EDGE ( 'NONE', *, *, #2487, .F. ) ;
#853 =( NAMED_UNIT ( * ) PLANE_ANGLE_UNIT ( ) SI_UNIT ( $, .RADIAN. ) );
#854 = VECTOR ( 'NONE', #1733, 1000.000000000000114 ) ;
#855 = VECTOR ( 'NONE', #229, 1000.000000000000000 ) ;
#856 = ORIENTED_EDGE ( 'NONE', *, *, #64, .F. ) ;
#857 = DIRECTION ( 'NONE',  ( 0.000000000000000000, 0.000000000000000000, 1.000000000000000000 ) ) ;
#858 = VECTOR ( 'NONE', #1010, 1000.000000000000114 ) ;
#859 = ORIENTED_EDGE ( 'NONE', *, *, #2033, .F. ) ;
#860 = AXIS2_PLACEMENT_3D ( 'NONE', #90, #1383, #1317 ) ;
#861 = CARTESIAN_POINT ( 'NONE',  ( -0.9250948717855804748, 0.1483931844478050266, 0.7624999999999999556 ) ) ;
#862 = DIRECTION ( 'NONE',  ( 0.000000000000000000, 0.000000000000000000, 1.000000000000000000 ) ) ;
#863 = FACE_OUTER_BOUND ( 'NONE', #905, .T. ) ;
#864 = EDGE_CURVE ( 'NONE', #1459, #2246, #645, .T. ) ;
#865 = VECTOR ( 'NONE', #1905, 1000.000000000000000 ) ;
#866 = CARTESIAN_POINT ( 'NONE',  ( -0.6250000000000005551, 0.4412630149130573609, 0.7624999999999999556 ) ) ;
#867 = MECHANICAL_DESIGN_GEOMETRIC_PRESENTATION_REPRESENTATION (  '', ( #2107 ), #1735 ) ;
#868 = ORIENTED_EDGE ( 'NONE', *, *, #2959, .F. ) ;
#869 = DIRECTION ( 'NONE',  ( 1.000000000000000000, 0.000000000000000000, 0.000000000000000000 ) ) ;
#870 = VECTOR ( 'NONE', #715, 1000.000000000000000 ) ;
#871 = AXIS2_PLACEMENT_3D ( 'NONE', #1052, #2301, #326 ) ;
#872 = FACE_OUTER_BOUND ( 'NONE', #11, .T. ) ;
#873 = ADVANCED_FACE ( 'NONE', ( #665 ), #654, .T. ) ;
#874 = CARTESIAN_POINT ( 'NONE',  ( -0.6250000000000005551, 0.6699999999999993738, 0.7624999999999999556 ) ) ;
#875 = CARTESIAN_POINT ( 'NONE',  ( 0.9312848509559306098, 0.2369140106989805761, 0.1124999999999999750 ) ) ;
#876 = PRESENTATION_LAYER_ASSIGNMENT (  '', '', ( #288 ) ) ;
#877 = ORIENTED_EDGE ( 'NONE', *, *, #209, .F. ) ;
#878 = CARTESIAN_POINT ( 'NONE',  ( -0.3450000000000005285, 1.100000000000000755, -0.7199999999999956435 ) ) ;
#879 = LINE ( 'NONE', #1584, #919 ) ;
#880 = CIRCLE ( 'NONE', #1662, 0.2287369850869420407 ) ;
#881 = ORIENTED_EDGE ( 'NONE', *, *, #1800, .F. ) ;
#882 = VECTOR ( 'NONE', #1420, 1000.000000000000000 ) ;
#883 = CARTESIAN_POINT ( 'NONE',  ( 0.7029224958474812324, 0.2500000000000000000, -0.1124999999999999750 ) ) ;
#884 = LINE ( 'NONE', #436, #1935 ) ;
#885 = EDGE_CURVE ( 'NONE', #331, #406, #1729, .T. ) ;
#886 = EDGE_LOOP ( 'NONE', ( #899, #1161, #430, #503 ) ) ;
#887 = DIRECTION ( 'NONE',  ( -0.000000000000000000, -0.000000000000000000, -1.000000000000000000 ) ) ;
#888 = CARTESIAN_POINT ( 'NONE',  ( -0.6250000000000005551, 0.4412630149130573609, 0.1124999999999999750 ) ) ;
#889 = LINE ( 'NONE', #1378, #3032 ) ;
#890 = DIRECTION ( 'NONE',  ( 1.000000000000000000, 0.000000000000000000, 0.000000000000000000 ) ) ;
#891 = VECTOR ( 'NONE', #181, 1000.000000000000000 ) ;
#892 = CARTESIAN_POINT ( 'NONE',  ( -0.6250000000000005551, 0.5299999999999994715, 1.000000000000000888 ) ) ;
#893 = ORIENTED_EDGE ( 'NONE', *, *, #967, .T. ) ;
#894 = DIRECTION ( 'NONE',  ( 0.9975640502598241977, -0.06975647374412617674, 0.000000000000000000 ) ) ;
#895 = VECTOR ( 'NONE', #2598, 1000.000000000000000 ) ;
#896 = FACE_OUTER_BOUND ( 'NONE', #2647, .T. ) ;
#897 = DIRECTION ( 'NONE',  ( -0.000000000000000000, -0.000000000000000000, -1.000000000000000000 ) ) ;
#898 = CARTESIAN_POINT ( 'NONE',  ( -0.8537369850869427346, 0.4412630149130573609, -0.1124999999999999750 ) ) ;
#899 = ORIENTED_EDGE ( 'NONE', *, *, #64, .T. ) ;
#900 = SURFACE_STYLE_FILL_AREA ( #1389 ) ;
#901 = DIRECTION ( 'NONE',  ( -0.9975640502598241977, -0.06975647374412612123, 0.000000000000000000 ) ) ;
#902 = CIRCLE ( 'NONE', #432, 0.08873698508694220777 ) ;
#903 = VECTOR ( 'NONE', #1658, 1000.000000000000114 ) ;
#904 = EDGE_CURVE ( 'NONE', #1475, #408, #2832, .T. ) ;
#905 = EDGE_LOOP ( 'NONE', ( #340, #877, #3125, #1994 ) ) ;
#906 = LINE ( 'NONE', #3129, #932 ) ;
#907 = FACE_OUTER_BOUND ( 'NONE', #1478, .T. ) ;
#908 = AXIS2_PLACEMENT_3D ( 'NONE', #562, #1971, #248 ) ;
#909 = AXIS2_PLACEMENT_3D ( 'NONE', #2331, #3076, #108 ) ;
#910 = ORIENTED_EDGE ( 'NONE', *, *, #1623, .F. ) ;
#911 = CARTESIAN_POINT ( 'NONE',  ( 0.9153289654614029658, 0.008734217411429694850, 0.7624999999999999556 ) ) ;
#912 = EDGE_CURVE ( 'NONE', #1610, #1023, #658, .T. ) ;
#913 = DIRECTION ( 'NONE',  ( -0.000000000000000000, -0.000000000000000000, -1.000000000000000000 ) ) ;
#914 = VECTOR ( 'NONE', #1633, 1000.000000000000000 ) ;
#915 = DIRECTION ( 'NONE',  ( 0.000000000000000000, 0.000000000000000000, 1.000000000000000000 ) ) ;
#916 = CARTESIAN_POINT ( 'NONE',  ( -0.6250000000000005551, 0.4412630149130573609, 0.5374999999999999778 ) ) ;
#917 = ORIENTED_EDGE ( 'NONE', *, *, #2275, .T. ) ;
#918 = CARTESIAN_POINT ( 'NONE',  ( -1.040234093675821869, -1.291323651961581360E-16, -0.5374999999999999778 ) ) ;
#919 = VECTOR ( 'NONE', #141, 1000.000000000000114 ) ;
#920 = DIRECTION ( 'NONE',  ( 0.000000000000000000, 0.000000000000000000, 1.000000000000000000 ) ) ;
#921 = ORIENTED_EDGE ( 'NONE', *, *, #1090, .T. ) ;
#922 = CIRCLE ( 'NONE', #138, 0.2287369850869420407 ) ;
#923 = FACE_OUTER_BOUND ( 'NONE', #2544, .T. ) ;
#924 = VECTOR ( 'NONE', #1746, 1000.000000000000114 ) ;
#925 = VERTEX_POINT ( 'NONE', #3058 ) ;
#926 = COLOUR_RGB ( '',0.2509803921568627416, 0.2509803921568627416, 0.2509803921568627416 ) ;
#927 = CARTESIAN_POINT ( 'NONE',  ( -0.6250000000000005551, 0.5299999999999994715, 0.5374999999999999778 ) ) ;
#928 = COLOUR_RGB ( '',0.8000000000000000444, 0.8196078431372548767, 0.9333333333333333481 ) ;
#929 = LINE ( 'NONE', #784, #960 ) ;
#930 = ADVANCED_FACE ( 'NONE', ( #1748 ), #585, .T. ) ;
#931 = ORIENTED_EDGE ( 'NONE', *, *, #2149, .F. ) ;
#932 = VECTOR ( 'NONE', #2058, 1000.000000000000114 ) ;
#933 = CARTESIAN_POINT ( 'NONE',  ( 1.049999999999999378, 0.1396589670363751479, -0.5374999999999999778 ) ) ;
#934 = CARTESIAN_POINT ( 'NONE',  ( -0.5722026388117515960, 0.1000000000000003109, 0.9472026388117519291 ) ) ;
#935 = CYLINDRICAL_SURFACE ( 'NONE', #2109, 0.08873698508694220777 ) ;
#936 = CARTESIAN_POINT ( 'NONE',  ( -0.6250000000000005551, 0.6699999999999993738, -0.7624999999999999556 ) ) ;
#937 = CARTESIAN_POINT ( 'NONE',  ( -0.7029224958474812324, 0.2500000000000000000, 0.1124999999999999750 ) ) ;
#938 = ORIENTED_EDGE ( 'NONE', *, *, #171, .T. ) ;
#939 = CARTESIAN_POINT ( 'NONE',  ( 0.6250000000000005551, 0.4412630149130573609, -0.7624999999999999556 ) ) ;
#940 = LINE ( 'NONE', #1440, #2998 ) ;
#941 =( NAMED_UNIT ( * ) SI_UNIT ( $, .STERADIAN. ) SOLID_ANGLE_UNIT ( ) );
#942 = DIRECTION ( 'NONE',  ( -0.9983621801330019307, 0.05720976560063338601, 0.000000000000000000 ) ) ;
#943 = VERTEX_POINT ( 'NONE', #2630 ) ;
#944 = DIRECTION ( 'NONE',  ( -1.000000000000000000, 0.000000000000000000, 0.000000000000000000 ) ) ;
#945 = EDGE_CURVE ( 'NONE', #2467, #441, #1751, .T. ) ;
#946 = VECTOR ( 'NONE', #2450, 1000.000000000000000 ) ;
#947 = DIRECTION ( 'NONE',  ( 0.000000000000000000, 1.000000000000000000, 0.000000000000000000 ) ) ;
#948 = AXIS2_PLACEMENT_3D ( 'NONE', #1716, #2209, #1226 ) ;
#949 = ORIENTED_EDGE ( 'NONE', *, *, #647, .T. ) ;
#950 = AXIS2_PLACEMENT_3D ( 'NONE', #1844, #913, #2092 ) ;
#951 = DIRECTION ( 'NONE',  ( 0.9975640502598241977, -0.06975647374412617674, 0.000000000000000000 ) ) ;
#952 = AXIS2_PLACEMENT_3D ( 'NONE', #984, #1228, #1469 ) ;
#953 = LINE ( 'NONE', #1702, #924 ) ;
#954 = EDGE_CURVE ( 'NONE', #2134, #1133, #776, .T. ) ;
#955 = STYLED_ITEM ( 'NONE', ( #2326 ), #2905 ) ;
#956 = ORIENTED_EDGE ( 'NONE', *, *, #76, .F. ) ;
#957 = PLANE ( 'NONE',  #3174 ) ;
#958 = CARTESIAN_POINT ( 'NONE',  ( -0.6250000000000005551, 0.4412630149130573609, 0.7624999999999999556 ) ) ;
#959 = AXIS2_PLACEMENT_3D ( 'NONE', #1058, #3041, #1795 ) ;
#960 = VECTOR ( 'NONE', #1197, 1000.000000000000114 ) ;
#961 = ADVANCED_FACE ( 'NONE', ( #1849 ), #1164, .F. ) ;
#962 = DIRECTION ( 'NONE',  ( -0.9975640502598241977, 0.06975647374412617674, 0.000000000000000000 ) ) ;
#963 = ORIENTED_EDGE ( 'NONE', *, *, #3121, .F. ) ;
#964 = CARTESIAN_POINT ( 'NONE',  ( 0.7029224958474812324, 0.2500000000000000000, 0.1124999999999999750 ) ) ;
#965 = DIRECTION ( 'NONE',  ( 1.000000000000000000, 0.000000000000000000, 0.000000000000000000 ) ) ;
#966 = VECTOR ( 'NONE', #3204, 1000.000000000000000 ) ;
#967 = EDGE_CURVE ( 'NONE', #1456, #3072, #1794, .T. ) ;
#968 = DIRECTION ( 'NONE',  ( 0.000000000000000000, 0.000000000000000000, 1.000000000000000000 ) ) ;
#969 = DIRECTION ( 'NONE',  ( 0.05720976560063338601, 0.9983621801330019307, 0.000000000000000000 ) ) ;
#970 = EDGE_LOOP ( 'NONE', ( #1907, #1373, #79, #1937 ) ) ;
#971 = CARTESIAN_POINT ( 'NONE',  ( 0.6250000000000005551, 0.6699999999999993738, 0.7624999999999999556 ) ) ;
#972 = FACE_OUTER_BOUND ( 'NONE', #2181, .T. ) ;
#973 = ORIENTED_EDGE ( 'NONE', *, *, #1843, .F. ) ;
#974 = DIRECTION ( 'NONE',  ( -0.06975647374412617674, -0.9975640502598241977, 0.000000000000000000 ) ) ;
#975 = CARTESIAN_POINT ( 'NONE',  ( -0.9250948717855804748, 0.1483931844478049711, 0.1124999999999999750 ) ) ;
#976 = FACE_OUTER_BOUND ( 'NONE', #556, .T. ) ;
#977 = ORIENTED_EDGE ( 'NONE', *, *, #1231, .T. ) ;
#978 = VERTEX_POINT ( 'NONE', #2330 ) ;
#979 = DIRECTION ( 'NONE',  ( 0.05720976560063338601, 0.9983621801330019307, 0.000000000000000000 ) ) ;
#980 = FACE_OUTER_BOUND ( 'NONE', #992, .T. ) ;
#981 = DIRECTION ( 'NONE',  ( 1.000000000000000000, 0.000000000000000000, 0.000000000000000000 ) ) ;
#982 = ORIENTED_EDGE ( 'NONE', *, *, #1003, .T. ) ;
#983 = DIRECTION ( 'NONE',  ( 1.000000000000000000, 0.000000000000000000, 0.000000000000000000 ) ) ;
#984 = CARTESIAN_POINT ( 'NONE',  ( -0.9153289654614029658, 0.008734217411429694850, 0.7624999999999999556 ) ) ;
#985 = FACE_OUTER_BOUND ( 'NONE', #419, .T. ) ;
#986 = ORIENTED_EDGE ( 'NONE', *, *, #171, .F. ) ;
#987 = CIRCLE ( 'NONE', #584, 0.08873698508694220777 ) ;
#988 = ADVANCED_FACE ( 'NONE', ( #1785 ), #2930, .T. ) ;
#989 = CARTESIAN_POINT ( 'NONE',  ( -0.6250000000000005551, 0.6699999999999993738, 0.1124999999999999750 ) ) ;
#990 = EDGE_CURVE ( 'NONE', #2264, #324, #2883, .T. ) ;
#991 = VERTEX_POINT ( 'NONE', #2389 ) ;
#992 = EDGE_LOOP ( 'NONE', ( #2715, #366, #2614, #2055 ) ) ;
#993 = CARTESIAN_POINT ( 'NONE',  ( 0.6249999999999987788, 0.5299999999999994715, 1.000000000000000888 ) ) ;
#994 = EDGE_LOOP ( 'NONE', ( #963, #371, #3187, #1455 ) ) ;
#995 = EDGE_CURVE ( 'NONE', #1370, #1181, #709, .T. ) ;
#996 = AXIS2_PLACEMENT_3D ( 'NONE', #3210, #772, #3190 ) ;
#997 = CIRCLE ( 'NONE', #491, 0.08873698508694220777 ) ;
#998 = ORIENTED_EDGE ( 'NONE', *, *, #1112, .F. ) ;
#999 = CARTESIAN_POINT ( 'NONE',  ( -0.9312848509559306098, 0.2369140106989805761, 0.5374999999999999778 ) ) ;
#1000 = CIRCLE ( 'NONE', #3053, 0.1150000000000000883 ) ;
#1001 = ORIENTED_EDGE ( 'NONE', *, *, #2305, .F. ) ;
#1002 = AXIS2_PLACEMENT_3D ( 'NONE', #1322, #1596, #578 ) ;
#1003 = EDGE_CURVE ( 'NONE', #1225, #2486, #741, .T. ) ;
#1004 = PRODUCT_DEFINITION_FORMATION_WITH_SPECIFIED_SOURCE ( 'ANY', '', #1796, .NOT_KNOWN. ) ;
#1005 = CARTESIAN_POINT ( 'NONE',  ( 1.049999999999999378, 0.1396589670363751479, 0.7624999999999999556 ) ) ;
#1006 = SURFACE_STYLE_FILL_AREA ( #2428 ) ;
#1007 = ORIENTED_EDGE ( 'NONE', *, *, #800, .F. ) ;
#1008 = ORIENTED_EDGE ( 'NONE', *, *, #2720, .T. ) ;
#1009 = FACE_OUTER_BOUND ( 'NONE', #2170, .T. ) ;
#1010 = DIRECTION ( 'NONE',  ( -0.05720976560063394112, 0.9983621801330018197, -0.000000000000000000 ) ) ;
#1011 = VERTEX_POINT ( 'NONE', #2620 ) ;
#1012 = CARTESIAN_POINT ( 'NONE',  ( -0.9250948717855804748, 0.1483931844478050266, -0.5374999999999999778 ) ) ;
#1013 = DIRECTION ( 'NONE',  ( -0.06975647374412508039, -0.9975640502598243087, 0.000000000000000000 ) ) ;
#1014 = ORIENTED_EDGE ( 'NONE', *, *, #2033, .T. ) ;
#1015 = EDGE_CURVE ( 'NONE', #2187, #1527, #712, .T. ) ;
#1016 = VECTOR ( 'NONE', #2042, 1000.000000000000000 ) ;
#1017 = DIRECTION ( 'NONE',  ( -0.000000000000000000, -0.000000000000000000, -1.000000000000000000 ) ) ;
#1018 = CARTESIAN_POINT ( 'NONE',  ( 0.7135916498898298155, 0.4361863927961265319, -0.5374999999999999778 ) ) ;
#1019 = VERTEX_POINT ( 'NONE', #1335 ) ;
#1020 = SURFACE_SIDE_STYLE ('',( #1006 ) ) ;
#1021 = ORIENTED_EDGE ( 'NONE', *, *, #840, .F. ) ;
#1022 = VECTOR ( 'NONE', #290, 1000.000000000000114 ) ;
#1023 = VERTEX_POINT ( 'NONE', #353 ) ;
#1024 = CARTESIAN_POINT ( 'NONE',  ( -1.049999999999999378, 0.1396589670363751479, 0.1124999999999999750 ) ) ;
#1025 = ORIENTED_EDGE ( 'NONE', *, *, #2945, .T. ) ;
#1026 = CARTESIAN_POINT ( 'NONE',  ( -0.7135916498898298155, 0.4361863927961265319, -0.7624999999999999556 ) ) ;
#1027 = ORIENTED_EDGE ( 'NONE', *, *, #2468, .T. ) ;
#1028 = ORIENTED_EDGE ( 'NONE', *, *, #2596, .F. ) ;
#1029 = VECTOR ( 'NONE', #1249, 1000.000000000000114 ) ;
#1030 = DIRECTION ( 'NONE',  ( 0.05720976560063394806, -0.9983621801330018197, 0.000000000000000000 ) ) ;
#1031 = ORIENTED_EDGE ( 'NONE', *, *, #2026, .F. ) ;
#1032 = DIRECTION ( 'NONE',  ( -1.000000000000000000, 0.000000000000000000, 0.000000000000000000 ) ) ;
#1033 = CARTESIAN_POINT ( 'NONE',  ( -0.8537369850869426235, 0.4412630149130573609, -0.5374999999999999778 ) ) ;
#1034 = ORIENTED_EDGE ( 'NONE', *, *, #2877, .T. ) ;
#1035 = AXIS2_PLACEMENT_3D ( 'NONE', #1606, #123, #2854 ) ;
#1036 = EDGE_CURVE ( 'NONE', #1181, #1223, #2872, .T. ) ;
#1037 = EDGE_CURVE ( 'NONE', #1516, #470, #2909, .T. ) ;
#1038 =( NAMED_UNIT ( * ) PLANE_ANGLE_UNIT ( ) SI_UNIT ( $, .RADIAN. ) );
#1039 = CARTESIAN_POINT ( 'NONE',  ( -0.9312848509559306098, 0.2369140106989805761, -0.5374999999999999778 ) ) ;
#1040 = ORIENTED_EDGE ( 'NONE', *, *, #2168, .F. ) ;
#1041 = VERTEX_POINT ( 'NONE', #3114 ) ;
#1042 = ADVANCED_FACE ( 'NONE', ( #2876 ), #1891, .F. ) ;
#1043 = ORIENTED_EDGE ( 'NONE', *, *, #1258, .F. ) ;
#1044 = PRESENTATION_LAYER_ASSIGNMENT (  '', '', ( #2937 ) ) ;
#1045 = ORIENTED_EDGE ( 'NONE', *, *, #98, .F. ) ;
#1046 = DIRECTION ( 'NONE',  ( 2.168404344971012319E-16, 0.000000000000000000, 1.000000000000000000 ) ) ;
#1047 = ADVANCED_FACE ( 'NONE', ( #2853 ), #696, .T. ) ;
#1048 = EDGE_CURVE ( 'NONE', #395, #374, #2906, .T. ) ;
#1049 = ORIENTED_EDGE ( 'NONE', *, *, #1769, .T. ) ;
#1050 = ORIENTED_EDGE ( 'NONE', *, *, #209, .T. ) ;
#1051 = DIRECTION ( 'NONE',  ( -0.05720976560063394112, 0.9983621801330018197, -0.000000000000000000 ) ) ;
#1052 = CARTESIAN_POINT ( 'NONE',  ( -0.6250000000000005551, 0.4412630149130573609, 0.1124999999999999750 ) ) ;
#1053 = EDGE_CURVE ( 'NONE', #1084, #1431, #718, .T. ) ;
#1054 = ORIENTED_EDGE ( 'NONE', *, *, #2648, .T. ) ;
#1055 = PLANE ( 'NONE',  #442 ) ;
#1056 = VERTEX_POINT ( 'NONE', #1632 ) ;
#1057 = VECTOR ( 'NONE', #3218, 1000.000000000000000 ) ;
#1058 = CARTESIAN_POINT ( 'NONE',  ( -0.6250000000000005551, 0.6699999999999993738, 0.7624999999999999556 ) ) ;
#1059 = CARTESIAN_POINT ( 'NONE',  ( -0.9250948717855804748, 0.1483931844478049711, -0.5374999999999999778 ) ) ;
#1060 = ORIENTED_EDGE ( 'NONE', *, *, #1318, .T. ) ;
#1061 = VERTEX_POINT ( 'NONE', #372 ) ;
#1062 = ORIENTED_EDGE ( 'NONE', *, *, #1691, .F. ) ;
#1063 = DIRECTION ( 'NONE',  ( 0.000000000000000000, 0.000000000000000000, 1.000000000000000000 ) ) ;
#1064 = CLOSED_SHELL ( 'NONE', ( #2933, #802, #367, #320, #930, #2817, #83, #775, #1561, #625, #459, #1671, #1354, #2444 ) ) ;
#1065 = DIRECTION ( 'NONE',  ( -1.000000000000000000, 0.000000000000000000, 0.000000000000000000 ) ) ;
#1066 = ADVANCED_FACE ( 'NONE', ( #724 ), #1788, .T. ) ;
#1067 = ADVANCED_BREP_SHAPE_REPRESENTATION ( '419AD', ( #2905, #1608, #1472, #3131, #2685, #732, #3189, #2155, #1368 ), #2412 ) ;
#1068 = VERTEX_POINT ( 'NONE', #106 ) ;
#1069 = ORIENTED_EDGE ( 'NONE', *, *, #396, .T. ) ;
#1070 = EDGE_CURVE ( 'NONE', #978, #1330, #2890, .T. ) ;
#1071 = AXIS2_PLACEMENT_3D ( 'NONE', #189, #755, #213 ) ;
#1072 = DIRECTION ( 'NONE',  ( -0.9983621801330019307, 0.05720976560063338601, 0.000000000000000000 ) ) ;
#1073 = DIRECTION ( 'NONE',  ( 0.9925461516413219831, 0.1218693434051477398, -2.152241387803300195E-16 ) ) ;
#1074 = CARTESIAN_POINT ( 'NONE',  ( -0.8426932010661015715, 0.2419906328159113773, -0.1124999999999999750 ) ) ;
#1075 = AXIS2_PLACEMENT_3D ( 'NONE', #1832, #2084, #869 ) ;
#1076 = VERTEX_POINT ( 'NONE', #2113 ) ;
#1077 = VERTEX_POINT ( 'NONE', #140 ) ;
#1078 = SURFACE_STYLE_USAGE ( .BOTH. , #2131 ) ;
#1079 = DIRECTION ( 'NONE',  ( 0.9983621801330019307, 0.05720976560063338601, -0.000000000000000000 ) ) ;
#1080 = EDGE_CURVE ( 'NONE', #406, #2203, #2886, .T. ) ;
#1081 = EDGE_LOOP ( 'NONE', ( #1329, #2981, #2438, #3216 ) ) ;
#1082 = EDGE_CURVE ( 'NONE', #3068, #406, #1810, .T. ) ;
#1083 = PLANE ( 'NONE',  #3039 ) ;
#1084 = VERTEX_POINT ( 'NONE', #690 ) ;
#1085 = ORIENTED_EDGE ( 'NONE', *, *, #904, .F. ) ;
#1086 = VERTEX_POINT ( 'NONE', #648 ) ;
#1087 = CARTESIAN_POINT ( 'NONE',  ( -1.049999999999999378, 0.1396589670363751479, 0.5374999999999999778 ) ) ;
#1088 = VERTEX_POINT ( 'NONE', #2137 ) ;
#1089 = DIRECTION ( 'NONE',  ( -0.9975640502598241977, 0.06975647374412612123, 0.000000000000000000 ) ) ;
#1090 = EDGE_CURVE ( 'NONE', #1077, #588, #2922, .T. ) ;
#1091 = CARTESIAN_POINT ( 'NONE',  ( 0.6250000000000005551, 0.4412630149130573609, 0.7624999999999999556 ) ) ;
#1092 = LINE ( 'NONE', #1441, #2164 ) ;
#1093 = EDGE_LOOP ( 'NONE', ( #233, #1103, #53, #1444 ) ) ;
#1094 = EDGE_LOOP ( 'NONE', ( #1536, #2277, #463, #2656 ) ) ;
#1095 = ADVANCED_FACE ( 'NONE', ( #790 ), #1653, .F. ) ;
#1096 = CARTESIAN_POINT ( 'NONE',  ( 0.6250000000000005551, 0.4412630149130573609, -0.1124999999999999750 ) ) ;
#1097 = CARTESIAN_POINT ( 'NONE',  ( 1.040234093675821869, -1.291323651961581360E-16, 0.1124999999999999750 ) ) ;
#1098 = CIRCLE ( 'NONE', #2673, 0.2287369850869419297 ) ;
#1099 = VERTEX_POINT ( 'NONE', #158 ) ;
#1100 =( LENGTH_UNIT ( ) NAMED_UNIT ( * ) SI_UNIT ( .MILLI., .METRE. ) );
#1101 = PLANE ( 'NONE',  #2112 ) ;
#1102 = VERTEX_POINT ( 'NONE', #911 ) ;
#1103 = ORIENTED_EDGE ( 'NONE', *, *, #611, .T. ) ;
#1104 = ORIENTED_EDGE ( 'NONE', *, *, #116, .F. ) ;
#1105 = DIRECTION ( 'NONE',  ( -0.000000000000000000, -0.000000000000000000, -1.000000000000000000 ) ) ;
#1106 = DIRECTION ( 'NONE',  ( -0.000000000000000000, -0.000000000000000000, -1.000000000000000000 ) ) ;
#1107 = CYLINDRICAL_SURFACE ( 'NONE', #2532, 0.2287369850869420407 ) ;
#1108 = ORIENTED_EDGE ( 'NONE', *, *, #2004, .F. ) ;
#1109 = CARTESIAN_POINT ( 'NONE',  ( 0.6249999999999987788, 0.6699999999999993738, 1.000000000000000888 ) ) ;
#1110 = ORIENTED_EDGE ( 'NONE', *, *, #687, .F. ) ;
#1111 = EDGE_CURVE ( 'NONE', #296, #289, #2893, .T. ) ;
#1112 = EDGE_CURVE ( 'NONE', #1487, #1225, #1857, .T. ) ;
#1113 = DIRECTION ( 'NONE',  ( -1.000000000000000000, 0.000000000000000000, 0.000000000000000000 ) ) ;
#1114 = FACE_OUTER_BOUND ( 'NONE', #2706, .T. ) ;
#1115 = VERTEX_POINT ( 'NONE', #446 ) ;
#1116 = AXIS2_PLACEMENT_3D ( 'NONE', #1400, #1381, #162 ) ;
#1117 = EDGE_LOOP ( 'NONE', ( #3176, #2626, #240, #2082 ) ) ;
#1118 = AXIS2_PLACEMENT_3D ( 'NONE', #358, #633, #2547 ) ;
#1119 = PLANE ( 'NONE',  #2329 ) ;
#1120 = CARTESIAN_POINT ( 'NONE',  ( -0.9153289654614029658, 0.008734217411429694850, -0.1124999999999999750 ) ) ;
#1121 = AXIS2_PLACEMENT_3D ( 'NONE', #2419, #196, #2639 ) ;
#1122 = EDGE_CURVE ( 'NONE', #374, #1115, #2941, .T. ) ;
#1123 = VERTEX_POINT ( 'NONE', #713 ) ;
#1124 = ORIENTED_EDGE ( 'NONE', *, *, #2648, .F. ) ;
#1125 = CIRCLE ( 'NONE', #1742, 0.2287369850869419297 ) ;
#1126 = ADVANCED_FACE ( 'NONE', ( #794 ), #957, .T. ) ;
#1127 = AXIS2_PLACEMENT_3D ( 'NONE', #1183, #1409, #3180 ) ;
#1128 = ORIENTED_EDGE ( 'NONE', *, *, #1397, .T. ) ;
#1129 = ORIENTED_EDGE ( 'NONE', *, *, #1711, .T. ) ;
#1130 = DIRECTION ( 'NONE',  ( -0.000000000000000000, 1.000000000000000000, -0.000000000000000000 ) ) ;
#1131 = EDGE_CURVE ( 'NONE', #1418, #280, #1854, .T. ) ;
#1132 = LINE ( 'NONE', #1012, #2473 ) ;
#1133 = VERTEX_POINT ( 'NONE', #1439 ) ;
#1134 = CARTESIAN_POINT ( 'NONE',  ( -0.3450000000000005285, 1.050000000000000711, -0.8349999999999956346 ) ) ;
#1135 = ORIENTED_EDGE ( 'NONE', *, *, #1699, .T. ) ;
#1136 = CARTESIAN_POINT ( 'NONE',  ( 0.6250000000000005551, 0.6699999999999993738, 0.5374999999999999778 ) ) ;
#1137 = EDGE_LOOP ( 'NONE', ( #2560, #836, #2617, #2286 ) ) ;
#1138 = ORIENTED_EDGE ( 'NONE', *, *, #1318, .F. ) ;
#1139 = CARTESIAN_POINT ( 'NONE',  ( -0.5722026388117512630, 1.100000000000000755, -0.9999999999999956701 ) ) ;
#1140 = DIRECTION ( 'NONE',  ( 1.000000000000000000, 0.000000000000000000, 0.000000000000000000 ) ) ;
#1141 = ORIENTED_EDGE ( 'NONE', *, *, #1377, .T. ) ;
#1142 =( NAMED_UNIT ( * ) PLANE_ANGLE_UNIT ( ) SI_UNIT ( $, .RADIAN. ) );
#1143 = ORIENTED_EDGE ( 'NONE', *, *, #2114, .F. ) ;
#1144 = CYLINDRICAL_SURFACE ( 'NONE', #2530, 0.08873698508694198572 ) ;
#1145 = ORIENTED_EDGE ( 'NONE', *, *, #2468, .F. ) ;
#1146 = VERTEX_POINT ( 'NONE', #2947 ) ;
#1147 = DIRECTION ( 'NONE',  ( -1.000000000000000000, 0.000000000000000000, 0.000000000000000000 ) ) ;
#1148 = ADVANCED_FACE ( 'NONE', ( #752, #1827 ), #2427, .T. ) ;
#1149 = AXIS2_PLACEMENT_3D ( 'NONE', #2990, #1290, #1797 ) ;
#1150 = DIRECTION ( 'NONE',  ( 1.000000000000000000, 0.000000000000000000, 0.000000000000000000 ) ) ;
#1151 = VECTOR ( 'NONE', #716, 1000.000000000000114 ) ;
#1152 = ORIENTED_EDGE ( 'NONE', *, *, #278, .F. ) ;
#1153 = DIRECTION ( 'NONE',  ( -1.000000000000000000, 0.000000000000000000, 0.000000000000000000 ) ) ;
#1154 = EDGE_CURVE ( 'NONE', #2559, #1357, #1863, .T. ) ;
#1155 = ORIENTED_EDGE ( 'NONE', *, *, #132, .F. ) ;
#1156 = DIRECTION ( 'NONE',  ( -0.000000000000000000, -0.000000000000000000, -1.000000000000000000 ) ) ;
#1157 = AXIS2_PLACEMENT_3D ( 'NONE', #1773, #532, #1752 ) ;
#1158 = DIRECTION ( 'NONE',  ( -1.000000000000000000, -0.000000000000000000, -0.000000000000000000 ) ) ;
#1159 = LINE ( 'NONE', #1917, #77 ) ;
#1160 = VERTEX_POINT ( 'NONE', #2687 ) ;
#1161 = ORIENTED_EDGE ( 'NONE', *, *, #1667, .F. ) ;
#1162 = AXIS2_PLACEMENT_3D ( 'NONE', #555, #2578, #3034 ) ;
#1163 = CARTESIAN_POINT ( 'NONE',  ( -0.7135916498898298155, 0.4361863927961265319, -0.5374999999999999778 ) ) ;
#1164 = PLANE ( 'NONE',  #2792 ) ;
#1165 = AXIS2_PLACEMENT_3D ( 'NONE', #2667, #1325, #901 ) ;
#1166 = EDGE_LOOP ( 'NONE', ( #1508, #151, #2194, #2609 ) ) ;
#1167 = ORIENTED_EDGE ( 'NONE', *, *, #1960, .F. ) ;
#1168 = ORIENTED_EDGE ( 'NONE', *, *, #2945, .F. ) ;
#1169 = ORIENTED_EDGE ( 'NONE', *, *, #149, .T. ) ;
#1170 = DIRECTION ( 'NONE',  ( 0.000000000000000000, 0.000000000000000000, 1.000000000000000000 ) ) ;
#1171 = EDGE_CURVE ( 'NONE', #1487, #2477, #781, .T. ) ;
#1172 = CARTESIAN_POINT ( 'NONE',  ( -0.6250000000000005551, 0.6699999999999993738, -0.1124999999999999750 ) ) ;
#1173 = EDGE_LOOP ( 'NONE', ( #2972, #88, #1110, #2984 ) ) ;
#1174 = CARTESIAN_POINT ( 'NONE',  ( 0.8533623551084500436, 0.4281770256120379092, 0.1124999999999999750 ) ) ;
#1175 = CARTESIAN_POINT ( 'NONE',  ( -0.6250000000000005551, 0.6699999999999993738, 1.000000000000000888 ) ) ;
#1176 = ORIENTED_EDGE ( 'NONE', *, *, #808, .T. ) ;
#1177 = ADVANCED_FACE ( 'NONE', ( #756 ), #1196, .F. ) ;
#1178 = DIRECTION ( 'NONE',  ( 1.000000000000000000, 0.000000000000000000, -0.000000000000000000 ) ) ;
#1179 = CARTESIAN_POINT ( 'NONE',  ( 0.9250948717855804748, 0.1483931844478049711, 0.7624999999999999556 ) ) ;
#1180 = VERTEX_POINT ( 'NONE', #2115 ) ;
#1181 = VERTEX_POINT ( 'NONE', #666 ) ;
#1182 = DIRECTION ( 'NONE',  ( -0.000000000000000000, -0.000000000000000000, 1.000000000000000000 ) ) ;
#1183 = CARTESIAN_POINT ( 'NONE',  ( 0.9312848509559306098, 0.2369140106989805761, 0.1124999999999999750 ) ) ;
#1184 = ORIENTED_EDGE ( 'NONE', *, *, #3090, .F. ) ;
#1185 = ORIENTED_EDGE ( 'NONE', *, *, #2812, .T. ) ;
#1186 = CARTESIAN_POINT ( 'NONE',  ( 0.8533623551084500436, 0.4281770256120379092, -0.5374999999999999778 ) ) ;
#1187 = AXIS2_PLACEMENT_3D ( 'NONE', #1321, #3152, #1665 ) ;
#1188 = DIRECTION ( 'NONE',  ( -0.000000000000000000, -0.000000000000000000, -1.000000000000000000 ) ) ;
#1189 = EDGE_CURVE ( 'NONE', #2000, #1160, #1761, .T. ) ;
#1190 = EDGE_LOOP ( 'NONE', ( #228, #2553, #390, #2563 ) ) ;
#1191 = CARTESIAN_POINT ( 'NONE',  ( 0.9153289654614029658, 0.008734217411429694850, 0.7624999999999999556 ) ) ;
#1192 = DIRECTION ( 'NONE',  ( 0.000000000000000000, -0.000000000000000000, -1.000000000000000000 ) ) ;
#1193 = CLOSED_SHELL ( 'NONE', ( #548, #218, #1213, #2038, #2273, #1384, #2888, #2393, #1042, #1929, #2662, #817, #3112, #2721 ) ) ;
#1194 = ADVANCED_FACE ( 'NONE', ( #2845 ), #2849, .F. ) ;
#1195 = DIRECTION ( 'NONE',  ( -1.000000000000000000, 0.000000000000000000, 0.000000000000000000 ) ) ;
#1196 = PLANE ( 'NONE',  #26 ) ;
#1197 = DIRECTION ( 'NONE',  ( 0.9975640502598241977, 0.06975647374412612123, -0.000000000000000000 ) ) ;
#1198 = ORIENTED_EDGE ( 'NONE', *, *, #1048, .T. ) ;
#1199 = ORIENTED_EDGE ( 'NONE', *, *, #1806, .F. ) ;
#1200 = CARTESIAN_POINT ( 'NONE',  ( -1.049999999999999378, 0.1396589670363751479, -0.1124999999999999750 ) ) ;
#1201 = DIRECTION ( 'NONE',  ( 0.000000000000000000, -1.000000000000000000, 0.000000000000000000 ) ) ;
#1202 = ORIENTED_EDGE ( 'NONE', *, *, #1080, .F. ) ;
#1203 = DIRECTION ( 'NONE',  ( -0.000000000000000000, 0.000000000000000000, 1.000000000000000000 ) ) ;
#1204 = CARTESIAN_POINT ( 'NONE',  ( -0.6250000000000005551, 0.6699999999999993738, 0.1124999999999999750 ) ) ;
#1205 = DIRECTION ( 'NONE',  ( 1.000000000000000000, 0.000000000000000000, 0.000000000000000000 ) ) ;
#1206 = ORIENTED_EDGE ( 'NONE', *, *, #116, .T. ) ;
#1207 = DIRECTION ( 'NONE',  ( 1.000000000000000000, 0.000000000000000000, -0.000000000000000000 ) ) ;
#1208 = DIRECTION ( 'NONE',  ( 0.9925461516413219831, -0.1218693434051477398, -2.152241387803300195E-16 ) ) ;
#1209 = DIRECTION ( 'NONE',  ( 0.000000000000000000, 0.000000000000000000, 1.000000000000000000 ) ) ;
#1210 = EDGE_LOOP ( 'NONE', ( #2219, #133, #2663, #2244 ) ) ;
#1211 = UNCERTAINTY_MEASURE_WITH_UNIT (LENGTH_MEASURE( 1.000000000000000082E-05 ), #2784, 'distance_accuracy_value', 'NONE');
#1212 = ORIENTED_EDGE ( 'NONE', *, *, #1883, .F. ) ;
#1213 = ADVANCED_FACE ( 'NONE', ( #2917 ), #2924, .F. ) ;
#1214 = AXIS2_PLACEMENT_3D ( 'NONE', #999, #231, #3052 ) ;
#1215 = CARTESIAN_POINT ( 'NONE',  ( 0.8533623551084500436, 0.4281770256120379092, 0.7624999999999999556 ) ) ;
#1216 = AXIS2_PLACEMENT_3D ( 'NONE', #1677, #3148, #1113 ) ;
#1217 = ORIENTED_EDGE ( 'NONE', *, *, #1623, .T. ) ;
#1218 = UNCERTAINTY_MEASURE_WITH_UNIT (LENGTH_MEASURE( 1.000000000000000082E-05 ), #3182, 'distance_accuracy_value', 'NONE');
#1219 = DIRECTION ( 'NONE',  ( -0.000000000000000000, 0.000000000000000000, 1.000000000000000000 ) ) ;
#1220 = ORIENTED_EDGE ( 'NONE', *, *, #501, .T. ) ;
#1221 = EDGE_CURVE ( 'NONE', #387, #1436, #3010, .T. ) ;
#1222 = AXIS2_PLACEMENT_3D ( 'NONE', #762, #74, #1268 ) ;
#1223 = VERTEX_POINT ( 'NONE', #1087 ) ;
#1224 = CARTESIAN_POINT ( 'NONE',  ( -0.8533623551084500436, 0.4281770256120379092, 0.5374999999999999778 ) ) ;
#1225 = VERTEX_POINT ( 'NONE', #2914 ) ;
#1226 = DIRECTION ( 'NONE',  ( 0.000000000000000000, 0.000000000000000000, 1.000000000000000000 ) ) ;
#1227 = DIRECTION ( 'NONE',  ( 0.000000000000000000, 0.000000000000000000, 1.000000000000000000 ) ) ;
#1228 = DIRECTION ( 'NONE',  ( -0.06975647374412612123, 0.9975640502598241977, 0.000000000000000000 ) ) ;
#1229 = ORIENTED_EDGE ( 'NONE', *, *, #1982, .F. ) ;
#1230 = VERTEX_POINT ( 'NONE', #1861 ) ;
#1231 = EDGE_CURVE ( 'NONE', #1410, #2010, #1948, .T. ) ;
#1232 = DIRECTION ( 'NONE',  ( -1.000000000000000000, 0.000000000000000000, 0.000000000000000000 ) ) ;
#1233 = CARTESIAN_POINT ( 'NONE',  ( -0.6250000000000005551, 0.6699999999999993738, -0.7624999999999999556 ) ) ;
#1234 = SURFACE_STYLE_USAGE ( .BOTH. , #1020 ) ;
#1235 = ORIENTED_EDGE ( 'NONE', *, *, #1952, .T. ) ;
#1236 = VERTEX_POINT ( 'NONE', #1134 ) ;
#1237 = DIRECTION ( 'NONE',  ( 0.000000000000000000, 0.000000000000000000, 1.000000000000000000 ) ) ;
#1238 = ORIENTED_EDGE ( 'NONE', *, *, #1369, .T. ) ;
#1239 = CARTESIAN_POINT ( 'NONE',  ( -0.6250000000000005551, 0.5299999999999994715, -0.9999999999999956701 ) ) ;
#1240 = ORIENTED_EDGE ( 'NONE', *, *, #346, .F. ) ;
#1241 = ADVANCED_FACE ( 'NONE', ( #2988 ), #1396, .F. ) ;
#1242 = ORIENTED_EDGE ( 'NONE', *, *, #995, .F. ) ;
#1243 = ORIENTED_EDGE ( 'NONE', *, *, #799, .T. ) ;
#1244 = CARTESIAN_POINT ( 'NONE',  ( 0.7137369850869427212, 0.4412630149130573609, 0.1124999999999999750 ) ) ;
#1245 = CARTESIAN_POINT ( 'NONE',  ( 0.6250000000000005551, 0.4412630149130573609, -0.5374999999999999778 ) ) ;
#1246 = ORIENTED_EDGE ( 'NONE', *, *, #2489, .T. ) ;
#1247 = DIRECTION ( 'NONE',  ( -1.000000000000000000, 0.000000000000000000, 0.000000000000000000 ) ) ;
#1248 = EDGE_CURVE ( 'NONE', #302, #1452, #1938, .T. ) ;
#1249 = DIRECTION ( 'NONE',  ( 0.06975647374412508039, -0.9975640502598243087, 0.000000000000000000 ) ) ;
#1250 = EDGE_CURVE ( 'NONE', #1562, #1011, #3070, .T. ) ;
#1251 = AXIS2_PLACEMENT_3D ( 'NONE', #460, #1208, #226 ) ;
#1252 = VECTOR ( 'NONE', #2280, 1000.000000000000000 ) ;
#1253 = ORIENTED_EDGE ( 'NONE', *, *, #2004, .T. ) ;
#1254 = AXIS2_PLACEMENT_3D ( 'NONE', #18, #1473, #1924 ) ;
#1255 = CARTESIAN_POINT ( 'NONE',  ( 0.9250948717855804748, 0.1483931844478049711, 0.7624999999999999556 ) ) ;
#1256 = EDGE_CURVE ( 'NONE', #1276, #1068, #3048, .T. ) ;
#1257 = AXIS2_PLACEMENT_3D ( 'NONE', #2523, #2865, #2101 ) ;
#1258 = EDGE_CURVE ( 'NONE', #1491, #2010, #1908, .T. ) ;
#1259 = ADVANCED_FACE ( 'NONE', ( #842 ), #841, .F. ) ;
#1260 = PRODUCT_RELATED_PRODUCT_CATEGORY ( 'part', '', ( #1796 ) ) ;
#1261 = DIRECTION ( 'NONE',  ( -1.000000000000000000, 0.000000000000000000, 0.000000000000000000 ) ) ;
#1262 = CARTESIAN_POINT ( 'NONE',  ( 0.6249999999999983347, 0.6699999999999993738, -0.9999999999999956701 ) ) ;
#1263 = ORIENTED_EDGE ( 'NONE', *, *, #2425, .T. ) ;
#1264 = AXIS2_PLACEMENT_3D ( 'NONE', #142, #2138, #3213 ) ;
#1265 = CYLINDRICAL_SURFACE ( 'NONE', #206, 0.2287369850869420407 ) ;
#1266 = EDGE_LOOP ( 'NONE', ( #2095, #1551, #2015, #998 ) ) ;
#1267 = CARTESIAN_POINT ( 'NONE',  ( 0.6250000000000005551, 0.4412630149130573609, -0.7624999999999999556 ) ) ;
#1268 = DIRECTION ( 'NONE',  ( 1.000000000000000000, 0.000000000000000000, 0.000000000000000000 ) ) ;
#1269 = DIRECTION ( 'NONE',  ( 1.000000000000000000, 0.000000000000000000, 0.000000000000000000 ) ) ;
#1270 = EDGE_CURVE ( 'NONE', #262, #2460, #848, .T. ) ;
#1271 = ORIENTED_EDGE ( 'NONE', *, *, #1691, .T. ) ;
#1272 = FILL_AREA_STYLE_COLOUR ( '', #427 ) ;
#1273 = DIRECTION ( 'NONE',  ( 0.06975647374412612123, 0.9975640502598241977, 0.000000000000000000 ) ) ;
#1274 = CARTESIAN_POINT ( 'NONE',  ( 0.7135916498898298155, 0.4361863927961265319, 0.7624999999999999556 ) ) ;
#1275 = SURFACE_STYLE_FILL_AREA ( #404 ) ;
#1276 = VERTEX_POINT ( 'NONE', #159 ) ;
#1277 = CARTESIAN_POINT ( 'NONE',  ( -0.8426932010661015715, 0.2419906328159113773, 0.7624999999999999556 ) ) ;
#1278 = CARTESIAN_POINT ( 'NONE',  ( 0.8426932010661015715, 0.2419906328159113773, -0.7624999999999999556 ) ) ;
#1279 = ORIENTED_EDGE ( 'NONE', *, *, #2735, .T. ) ;
#1280 = ADVANCED_FACE ( 'NONE', ( #2001 ), #3142, .F. ) ;
#1281 = CARTESIAN_POINT ( 'NONE',  ( 0.7029224958474812324, 0.2500000000000000000, 0.7624999999999999556 ) ) ;
#1282 = CARTESIAN_POINT ( 'NONE',  ( 0.8533623551084500436, 0.4281770256120379092, 0.5374999999999999778 ) ) ;
#1283 = VERTEX_POINT ( 'NONE', #1312 ) ;
#1284 = DIRECTION ( 'NONE',  ( 0.000000000000000000, 1.000000000000000000, 0.000000000000000000 ) ) ;
#1285 = CARTESIAN_POINT ( 'NONE',  ( 0.6250000000000005551, 0.5299999999999994715, -0.5374999999999999778 ) ) ;
#1286 = AXIS2_PLACEMENT_3D ( 'NONE', #933, #628, #2371 ) ;
#1287 = ORIENTED_EDGE ( 'NONE', *, *, #702, .T. ) ;
#1288 = EDGE_CURVE ( 'NONE', #1979, #1123, #879, .T. ) ;
#1289 = EDGE_LOOP ( 'NONE', ( #2761, #2660, #487, #1243 ) ) ;
#1290 = DIRECTION ( 'NONE',  ( -0.000000000000000000, -0.000000000000000000, -1.000000000000000000 ) ) ;
#1291 = DIRECTION ( 'NONE',  ( 0.000000000000000000, -0.9925461516413219831, 0.1218693434051477398 ) ) ;
#1292 = ORIENTED_EDGE ( 'NONE', *, *, #1015, .F. ) ;
#1293 = FACE_OUTER_BOUND ( 'NONE', #970, .T. ) ;
#1294 = ORIENTED_EDGE ( 'NONE', *, *, #63, .F. ) ;
#1295 = AXIS2_PLACEMENT_3D ( 'NONE', #1813, #618, #73 ) ;
#1296 = CARTESIAN_POINT ( 'NONE',  ( -0.3450000000000005285, 1.100000000000000755, -0.7199999999999956435 ) ) ;
#1297 = CARTESIAN_POINT ( 'NONE',  ( 0.9312848509559306098, 0.2369140106989805761, -0.5374999999999999778 ) ) ;
#1298 = ORIENTED_EDGE ( 'NONE', *, *, #2677, .F. ) ;
#1299 = CARTESIAN_POINT ( 'NONE',  ( 1.040234093675821869, -1.291323651961581360E-16, -0.5374999999999999778 ) ) ;
#1300 = ORIENTED_EDGE ( 'NONE', *, *, #2928, .T. ) ;
#1301 = ORIENTED_EDGE ( 'NONE', *, *, #526, .F. ) ;
#1302 = DIRECTION ( 'NONE',  ( 0.000000000000000000, 0.000000000000000000, 1.000000000000000000 ) ) ;
#1303 = ORIENTED_EDGE ( 'NONE', *, *, #800, .T. ) ;
#1304 = EDGE_CURVE ( 'NONE', #1431, #470, #3092, .T. ) ;
#1305 =( LENGTH_UNIT ( ) NAMED_UNIT ( * ) SI_UNIT ( .MILLI., .METRE. ) );
#1306 = DIRECTION ( 'NONE',  ( -0.9925461516413219831, 0.1218693434051477398, 0.000000000000000000 ) ) ;
#1307 = ADVANCED_FACE ( 'NONE', ( #923 ), #935, .F. ) ;
#1308 = ORIENTED_EDGE ( 'NONE', *, *, #105, .F. ) ;
#1309 = ORIENTED_EDGE ( 'NONE', *, *, #2896, .T. ) ;
#1310 = ORIENTED_EDGE ( 'NONE', *, *, #1535, .T. ) ;
#1311 = ORIENTED_EDGE ( 'NONE', *, *, #63, .T. ) ;
#1312 = CARTESIAN_POINT ( 'NONE',  ( -0.7029224958474812324, 0.2500000000000000000, -0.1124999999999999750 ) ) ;
#1313 = CARTESIAN_POINT ( 'NONE',  ( -0.6250000000000005551, 0.4412630149130573609, 0.7624999999999999556 ) ) ;
#1314 = ORIENTED_EDGE ( 'NONE', *, *, #727, .F. ) ;
#1315 = DIRECTION ( 'NONE',  ( 0.000000000000000000, 0.000000000000000000, 1.000000000000000000 ) ) ;
#1316 = ORIENTED_EDGE ( 'NONE', *, *, #2213, .F. ) ;
#1317 = DIRECTION ( 'NONE',  ( 1.000000000000000000, 0.000000000000000000, 0.000000000000000000 ) ) ;
#1318 = EDGE_CURVE ( 'NONE', #1491, #1099, #889, .T. ) ;
#1319 = AXIS2_PLACEMENT_3D ( 'NONE', #19, #2269, #1291 ) ;
#1320 = VERTEX_POINT ( 'NONE', #1878 ) ;
#1321 = CARTESIAN_POINT ( 'NONE',  ( -0.9250948717855804748, 0.1483931844478049711, 0.1124999999999999750 ) ) ;
#1322 = CARTESIAN_POINT ( 'NONE',  ( 0.6250000000000005551, 0.4412630149130573609, 0.7624999999999999556 ) ) ;
#1323 = ORIENTED_EDGE ( 'NONE', *, *, #2314, .F. ) ;
#1324 = AXIS2_PLACEMENT_3D ( 'NONE', #2350, #2373, #1893 ) ;
#1325 = DIRECTION ( 'NONE',  ( -0.06975647374412612123, 0.9975640502598241977, 0.000000000000000000 ) ) ;
#1326 = PLANE ( 'NONE',  #136 ) ;
#1327 = EDGE_CURVE ( 'NONE', #2559, #1772, #1913, .T. ) ;
#1328 = UNCERTAINTY_MEASURE_WITH_UNIT (LENGTH_MEASURE( 1.000000000000000082E-05 ), #3169, 'distance_accuracy_value', 'NONE');
#1329 = ORIENTED_EDGE ( 'NONE', *, *, #1479, .F. ) ;
#1330 = VERTEX_POINT ( 'NONE', #2414 ) ;
#1331 = CARTESIAN_POINT ( 'NONE',  ( -0.8537369850869427346, 0.4412630149130573609, 0.5374999999999999778 ) ) ;
#1332 = ADVANCED_FACE ( 'NONE', ( #1930 ), #1955, .F. ) ;
#1333 = ORIENTED_EDGE ( 'NONE', *, *, #765, .T. ) ;
#1334 = EDGE_LOOP ( 'NONE', ( #1650, #2343, #1300, #1027 ) ) ;
#1335 = CARTESIAN_POINT ( 'NONE',  ( -0.8537369850869427346, 0.4412630149130573609, 0.7624999999999999556 ) ) ;
#1336 = DIRECTION ( 'NONE',  ( -0.000000000000000000, -0.000000000000000000, -1.000000000000000000 ) ) ;
#1337 =( NAMED_UNIT ( * ) PLANE_ANGLE_UNIT ( ) SI_UNIT ( $, .RADIAN. ) );
#1338 = ORIENTED_EDGE ( 'NONE', *, *, #1248, .F. ) ;
#1339 = CARTESIAN_POINT ( 'NONE',  ( 0.8537369850869427346, 0.4412630149130573609, 0.1124999999999999750 ) ) ;
#1340 = VERTEX_POINT ( 'NONE', #447 ) ;
#1341 = CARTESIAN_POINT ( 'NONE',  ( -0.7029224958474812324, 0.2500000000000000000, -0.5374999999999999778 ) ) ;
#1342 = ORIENTED_EDGE ( 'NONE', *, *, #1460, .T. ) ;
#1343 = SURFACE_SIDE_STYLE ('',( #2197 ) ) ;
#1344 = DIRECTION ( 'NONE',  ( 0.05720976560063337213, -0.9983621801330019307, 0.000000000000000000 ) ) ;
#1345 = EDGE_LOOP ( 'NONE', ( #1390, #211, #2097, #124 ) ) ;
#1346 = ORIENTED_EDGE ( 'NONE', *, *, #3168, .T. ) ;
#1347 = ORIENTED_EDGE ( 'NONE', *, *, #1486, .T. ) ;
#1348 = PLANE ( 'NONE',  #1802 ) ;
#1349 = ORIENTED_EDGE ( 'NONE', *, *, #149, .F. ) ;
#1350 = LINE ( 'NONE', #720, #2430 ) ;
#1351 = ORIENTED_EDGE ( 'NONE', *, *, #2668, .F. ) ;
#1352 = DIRECTION ( 'NONE',  ( -0.000000000000000000, -0.000000000000000000, -1.000000000000000000 ) ) ;
#1353 = CARTESIAN_POINT ( 'NONE',  ( 0.9153289654614029658, 0.008734217411429694850, 0.7624999999999999556 ) ) ;
#1354 = ADVANCED_FACE ( 'NONE', ( #2007 ), #2550, .T. ) ;
#1355 = ORIENTED_EDGE ( 'NONE', *, *, #501, .F. ) ;
#1356 = DIRECTION ( 'NONE',  ( -0.9975640502598241977, 0.06975647374412612123, 0.000000000000000000 ) ) ;
#1357 = VERTEX_POINT ( 'NONE', #1224 ) ;
#1358 = DIRECTION ( 'NONE',  ( 0.000000000000000000, 1.000000000000000000, 0.000000000000000000 ) ) ;
#1359 = AXIS2_PLACEMENT_3D ( 'NONE', #624, #2388, #1147 ) ;
#1360 = STYLED_ITEM ( 'NONE', ( #2775 ), #732 ) ;
#1361 = EDGE_LOOP ( 'NONE', ( #3054, #852, #1399, #2222 ) ) ;
#1362 = DIRECTION ( 'NONE',  ( -0.000000000000000000, -0.000000000000000000, -1.000000000000000000 ) ) ;
#1363 = DIRECTION ( 'NONE',  ( -0.000000000000000000, -0.000000000000000000, -1.000000000000000000 ) ) ;
#1364 = PRESENTATION_STYLE_ASSIGNMENT (( #2359 ) ) ;
#1365 = EDGE_LOOP ( 'NONE', ( #293, #81, #3221, #1602 ) ) ;
#1366 = EDGE_CURVE ( 'NONE', #484, #146, #3040, .T. ) ;
#1367 = EDGE_CURVE ( 'NONE', #1459, #473, #3017, .T. ) ;
#1368 = AXIS2_PLACEMENT_3D ( 'NONE', #2494, #751, #2978 ) ;
#1369 = EDGE_CURVE ( 'NONE', #2067, #1452, #804, .T. ) ;
#1370 = VERTEX_POINT ( 'NONE', #739 ) ;
#1371 = ORIENTED_EDGE ( 'NONE', *, *, #885, .T. ) ;
#1372 = DIRECTION ( 'NONE',  ( -1.000000000000000000, 0.000000000000000000, 0.000000000000000000 ) ) ;
#1373 = ORIENTED_EDGE ( 'NONE', *, *, #396, .F. ) ;
#1374 = COLOUR_RGB ( '',0.8000000000000000444, 0.8196078431372548767, 0.9333333333333333481 ) ;
#1375 = EDGE_LOOP ( 'NONE', ( #1034, #1238, #1338, #3145 ) ) ;
#1376 = DIRECTION ( 'NONE',  ( -0.000000000000000000, -0.000000000000000000, -1.000000000000000000 ) ) ;
#1377 = EDGE_CURVE ( 'NONE', #1041, #331, #3098, .T. ) ;
#1378 = CARTESIAN_POINT ( 'NONE',  ( 0.8533623551084500436, 0.4281770256120379092, 0.1124999999999999750 ) ) ;
#1379 = DIRECTION ( 'NONE',  ( -0.000000000000000000, -0.000000000000000000, -1.000000000000000000 ) ) ;
#1380 = ORIENTED_EDGE ( 'NONE', *, *, #864, .F. ) ;
#1381 = DIRECTION ( 'NONE',  ( -0.000000000000000000, -0.000000000000000000, -1.000000000000000000 ) ) ;
#1382 = EDGE_LOOP ( 'NONE', ( #893, #99, #2005, #1342 ) ) ;
#1383 = DIRECTION ( 'NONE',  ( -0.000000000000000000, 0.000000000000000000, 1.000000000000000000 ) ) ;
#1384 = ADVANCED_FACE ( 'NONE', ( #863 ), #3193, .F. ) ;
#1385 = VECTOR ( 'NONE', #2879, 1000.000000000000114 ) ;
#1386 = DIRECTION ( 'NONE',  ( -1.000000000000000000, 0.000000000000000000, 0.000000000000000000 ) ) ;
#1387 = CARTESIAN_POINT ( 'NONE',  ( -0.6250000000000005551, 0.5299999999999994715, -0.9999999999999956701 ) ) ;
#1388 = VERTEX_POINT ( 'NONE', #2949 ) ;
#1389 = FILL_AREA_STYLE ('',( #1870 ) ) ;
#1390 = ORIENTED_EDGE ( 'NONE', *, *, #832, .F. ) ;
#1391 = ORIENTED_EDGE ( 'NONE', *, *, #1082, .T. ) ;
#1392 = CARTESIAN_POINT ( 'NONE',  ( 0.9250948717855804748, 0.1483931844478050266, -0.5374999999999999778 ) ) ;
#1393 = ORIENTED_EDGE ( 'NONE', *, *, #2633, .F. ) ;
#1394 = EDGE_LOOP ( 'NONE', ( #57, #78, #1062, #1593 ) ) ;
#1395 = CARTESIAN_POINT ( 'NONE',  ( -0.9312848509559306098, 0.2369140106989806038, -0.5374999999999999778 ) ) ;
#1396 = PLANE ( 'NONE',  #1324 ) ;
#1397 = EDGE_CURVE ( 'NONE', #2508, #2240, #2948, .T. ) ;
#1398 = EDGE_CURVE ( 'NONE', #3072, #147, #940, .T. ) ;
#1399 = ORIENTED_EDGE ( 'NONE', *, *, #1960, .T. ) ;
#1400 = CARTESIAN_POINT ( 'NONE',  ( 0.6250000000000005551, 0.4412630149130573609, 0.5374999999999999778 ) ) ;
#1401 = VERTEX_POINT ( 'NONE', #1566 ) ;
#1402 = AXIS2_PLACEMENT_3D ( 'NONE', #3170, #1736, #962 ) ;
#1403 = DIRECTION ( 'NONE',  ( 0.000000000000000000, 1.000000000000000000, 0.000000000000000000 ) ) ;
#1404 = VECTOR ( 'NONE', #813, 1000.000000000000114 ) ;
#1405 = EDGE_CURVE ( 'NONE', #280, #579, #2944, .T. ) ;
#1406 = EDGE_CURVE ( 'NONE', #1330, #1610, #902, .T. ) ;
#1407 = ORIENTED_EDGE ( 'NONE', *, *, #3065, .F. ) ;
#1408 = FILL_AREA_STYLE_COLOUR ( '', #928 ) ;
#1409 = DIRECTION ( 'NONE',  ( -0.000000000000000000, 0.000000000000000000, 1.000000000000000000 ) ) ;
#1410 = VERTEX_POINT ( 'NONE', #2223 ) ;
#1411 = FACE_OUTER_BOUND ( 'NONE', #3095, .T. ) ;
#1412 = ADVANCED_FACE ( 'NONE', ( #3024 ), #2522, .T. ) ;
#1413 = VERTEX_POINT ( 'NONE', #2810 ) ;
#1414 = ORIENTED_EDGE ( 'NONE', *, *, #1221, .F. ) ;
#1415 = LINE ( 'NONE', #1233, #389 ) ;
#1416 = DIRECTION ( 'NONE',  ( 1.000000000000000000, 0.000000000000000000, 0.000000000000000000 ) ) ;
#1417 = EDGE_CURVE ( 'NONE', #1413, #1562, #1966, .T. ) ;
#1418 = VERTEX_POINT ( 'NONE', #1281 ) ;
#1419 = LINE ( 'NONE', #726, #2495 ) ;
#1420 = DIRECTION ( 'NONE',  ( -0.000000000000000000, -0.000000000000000000, -1.000000000000000000 ) ) ;
#1421 = CARTESIAN_POINT ( 'NONE',  ( -0.7135916498898298155, 0.4361863927961265319, 0.7624999999999999556 ) ) ;
#1422 = CARTESIAN_POINT ( 'NONE',  ( 1.049999999999999378, 0.1396589670363751479, 0.1124999999999999750 ) ) ;
#1423 = ORIENTED_EDGE ( 'NONE', *, *, #256, .F. ) ;
#1424 = CARTESIAN_POINT ( 'NONE',  ( 0.8533623551084500436, 0.4281770256120379092, -0.7624999999999999556 ) ) ;
#1425 = FACE_OUTER_BOUND ( 'NONE', #2526, .T. ) ;
#1426 = FILL_AREA_STYLE ('',( #1272 ) ) ;
#1427 = CARTESIAN_POINT ( 'NONE',  ( 0.9153289654614029658, 0.008734217411429694850, -0.5374999999999999778 ) ) ;
#1428 = LINE ( 'NONE', #1541, #2423 ) ;
#1429 = CLOSED_SHELL ( 'NONE', ( #3061, #738, #2233, #1953, #2207, #1435, #2370, #1786, #2292, #1259, #2625, #2009, #1412, #1177 ) ) ;
#1430 = DIRECTION ( 'NONE',  ( 1.000000000000000000, 0.000000000000000000, 0.000000000000000000 ) ) ;
#1431 = VERTEX_POINT ( 'NONE', #3033 ) ;
#1432 = LINE ( 'NONE', #543, #2509 ) ;
#1433 = DIRECTION ( 'NONE',  ( -1.000000000000000000, 0.000000000000000000, 0.000000000000000000 ) ) ;
#1434 = AXIS2_PLACEMENT_3D ( 'NONE', #489, #247, #2470 ) ;
#1435 = ADVANCED_FACE ( 'NONE', ( #907 ), #577, .F. ) ;
#1436 = VERTEX_POINT ( 'NONE', #2054 ) ;
#1437 = EDGE_CURVE ( 'NONE', #1236, #1531, #1972, .T. ) ;
#1438 = VECTOR ( 'NONE', #1344, 1000.000000000000000 ) ;
#1439 = CARTESIAN_POINT ( 'NONE',  ( 1.040234093675821869, -1.291323651961581360E-16, 0.5374999999999999778 ) ) ;
#1440 = CARTESIAN_POINT ( 'NONE',  ( 0.5722026388117495976, 1.100000000000000755, 1.000000000000000888 ) ) ;
#1441 = CARTESIAN_POINT ( 'NONE',  ( -0.6250000000000005551, 0.6699999999999993738, -0.9999999999999956701 ) ) ;
#1442 = AXIS2_PLACEMENT_3D ( 'NONE', #2822, #338, #2334 ) ;
#1443 = CARTESIAN_POINT ( 'NONE',  ( -0.6250000000000005551, 0.6699999999999993738, -0.1124999999999999750 ) ) ;
#1444 = ORIENTED_EDGE ( 'NONE', *, *, #1530, .F. ) ;
#1445 = DIRECTION ( 'NONE',  ( -0.000000000000000000, -0.000000000000000000, -1.000000000000000000 ) ) ;
#1446 = DIRECTION ( 'NONE',  ( -1.000000000000000000, 0.000000000000000000, 0.000000000000000000 ) ) ;
#1447 = VECTOR ( 'NONE', #851, 1000.000000000000000 ) ;
#1448 = AXIS2_PLACEMENT_3D ( 'NONE', #3219, #1514, #264 ) ;
#1449 = EDGE_LOOP ( 'NONE', ( #3002, #3186 ) ) ;
#1450 = MECHANICAL_DESIGN_GEOMETRIC_PRESENTATION_REPRESENTATION (  '', ( #2937 ), #2870 ) ;
#1451 = DIRECTION ( 'NONE',  ( 0.000000000000000000, 1.000000000000000000, 0.000000000000000000 ) ) ;
#1452 = VERTEX_POINT ( 'NONE', #325 ) ;
#1453 = LINE ( 'NONE', #344, #1438 ) ;
#1454 =( NAMED_UNIT ( * ) SI_UNIT ( $, .STERADIAN. ) SOLID_ANGLE_UNIT ( ) );
#1455 = ORIENTED_EDGE ( 'NONE', *, *, #2305, .T. ) ;
#1456 = VERTEX_POINT ( 'NONE', #692 ) ;
#1457 = DIRECTION ( 'NONE',  ( 1.000000000000000000, 0.000000000000000000, -0.000000000000000000 ) ) ;
#1458 = FACE_OUTER_BOUND ( 'NONE', #2046, .T. ) ;
#1459 = VERTEX_POINT ( 'NONE', #934 ) ;
#1460 = EDGE_CURVE ( 'NONE', #3046, #1456, #1919, .T. ) ;
#1461 = DIRECTION ( 'NONE',  ( 0.000000000000000000, 0.000000000000000000, 1.000000000000000000 ) ) ;
#1462 = ORIENTED_EDGE ( 'NONE', *, *, #2157, .F. ) ;
#1463 = ORIENTED_EDGE ( 'NONE', *, *, #1779, .T. ) ;
#1464 = DIRECTION ( 'NONE',  ( -2.168404344971012566E-16, -0.000000000000000000, -1.000000000000000000 ) ) ;
#1465 = ADVANCED_FACE ( 'NONE', ( #1988 ), #1119, .F. ) ;
#1466 = CARTESIAN_POINT ( 'NONE',  ( 0.9312848509559306098, 0.2369140106989805761, 0.7624999999999999556 ) ) ;
#1467 = ORIENTED_EDGE ( 'NONE', *, *, #2973, .F. ) ;
#1468 = CARTESIAN_POINT ( 'NONE',  ( -0.9312848509559306098, 0.2369140106989806038, -0.1124999999999999750 ) ) ;
#1469 = DIRECTION ( 'NONE',  ( -0.9975640502598241977, -0.06975647374412612123, 0.000000000000000000 ) ) ;
#1470 = CYLINDRICAL_SURFACE ( 'NONE', #2270, 0.08873698508694198572 ) ;
#1471 = EDGE_LOOP ( 'NONE', ( #1198, #153, #714, #1554 ) ) ;
#1472 = MANIFOLD_SOLID_BREP ( 'LPattern1[1]', #2408 ) ;
#1473 = DIRECTION ( 'NONE',  ( 0.000000000000000000, -0.1218693434051477398, 0.9925461516413219831 ) ) ;
#1474 = CARTESIAN_POINT ( 'NONE',  ( -0.3450000000000005285, 1.100000000000000755, -0.7199999999999956435 ) ) ;
#1475 = VERTEX_POINT ( 'NONE', #2169 ) ;
#1476 = VECTOR ( 'NONE', #3203, 1000.000000000000000 ) ;
#1477 = DIRECTION ( 'NONE',  ( 0.000000000000000000, 0.000000000000000000, 1.000000000000000000 ) ) ;
#1478 = EDGE_LOOP ( 'NONE', ( #2367, #1007, #188, #377 ) ) ;
#1479 = EDGE_CURVE ( 'NONE', #1068, #441, #1098, .T. ) ;
#1480 = ORIENTED_EDGE ( 'NONE', *, *, #1840, .F. ) ;
#1481 = AXIS2_PLACEMENT_3D ( 'NONE', #40, #1926, #2994 ) ;
#1482 = CYLINDRICAL_SURFACE ( 'NONE', #2266, 0.08873698508694220777 ) ;
#1483 = AXIS2_PLACEMENT_3D ( 'NONE', #1395, #609, #122 ) ;
#1484 = EDGE_LOOP ( 'NONE', ( #2063, #335, #1050, #910 ) ) ;
#1485 = PLANE ( 'NONE',  #2961 ) ;
#1486 = EDGE_CURVE ( 'NONE', #1019, #1954, #452, .T. ) ;
#1487 = VERTEX_POINT ( 'NONE', #383 ) ;
#1488 = FACE_OUTER_BOUND ( 'NONE', #1675, .T. ) ;
#1489 = ORIENTED_EDGE ( 'NONE', *, *, #2047, .F. ) ;
#1490 = CARTESIAN_POINT ( 'NONE',  ( -0.7135916498898298155, 0.4361863927961265319, -0.1124999999999999750 ) ) ;
#1491 = VERTEX_POINT ( 'NONE', #2686 ) ;
#1492 = CARTESIAN_POINT ( 'NONE',  ( -0.6250000000000005551, 0.6699999999999993738, -0.5374999999999999778 ) ) ;
#1493 = DIRECTION ( 'NONE',  ( -0.000000000000000000, -0.000000000000000000, -1.000000000000000000 ) ) ;
#1494 = CIRCLE ( 'NONE', #1002, 0.08873698508694220777 ) ;
#1495 = ORIENTED_EDGE ( 'NONE', *, *, #76, .T. ) ;
#1496 = LINE ( 'NONE', #1024, #634 ) ;
#1497 = CARTESIAN_POINT ( 'NONE',  ( -0.8426932010661015715, 0.2419906328159113773, 0.7624999999999999556 ) ) ;
#1498 = ORIENTED_EDGE ( 'NONE', *, *, #2401, .T. ) ;
#1499 = CARTESIAN_POINT ( 'NONE',  ( -1.049999999999999378, 0.1396589670363751479, 0.5374999999999999778 ) ) ;
#1500 = ORIENTED_EDGE ( 'NONE', *, *, #1111, .F. ) ;
#1501 = LINE ( 'NONE', #1850, #1559 ) ;
#1502 = ORIENTED_EDGE ( 'NONE', *, *, #2411, .T. ) ;
#1503 = CARTESIAN_POINT ( 'NONE',  ( -0.7137369850869427212, 0.4412630149130573609, -0.5374999999999999778 ) ) ;
#1504 = VECTOR ( 'NONE', #2032, 1000.000000000000000 ) ;
#1505 = ORIENTED_EDGE ( 'NONE', *, *, #1952, .F. ) ;
#1506 = PRESENTATION_STYLE_ASSIGNMENT (( #2510 ) ) ;
#1507 = DIRECTION ( 'NONE',  ( -0.06975647374412508039, 0.9975640502598243087, 0.000000000000000000 ) ) ;
#1508 = ORIENTED_EDGE ( 'NONE', *, *, #2568, .F. ) ;
#1509 = VECTOR ( 'NONE', #1363, 1000.000000000000000 ) ;
#1510 = ORIENTED_EDGE ( 'NONE', *, *, #2295, .F. ) ;
#1511 = DIRECTION ( 'NONE',  ( -0.000000000000000000, 0.000000000000000000, 1.000000000000000000 ) ) ;
#1512 = ORIENTED_EDGE ( 'NONE', *, *, #1643, .T. ) ;
#1513 = DIRECTION ( 'NONE',  ( 0.000000000000000000, 0.000000000000000000, 1.000000000000000000 ) ) ;
#1514 = DIRECTION ( 'NONE',  ( -0.000000000000000000, 0.000000000000000000, 1.000000000000000000 ) ) ;
#1515 = FACE_OUTER_BOUND ( 'NONE', #2996, .T. ) ;
#1516 = VERTEX_POINT ( 'NONE', #827 ) ;
#1517 = ADVANCED_FACE ( 'NONE', ( #2615 ), #2321, .F. ) ;
#1518 = CARTESIAN_POINT ( 'NONE',  ( 0.9153289654614029658, 0.008734217411429694850, 0.1124999999999999750 ) ) ;
#1519 = ORIENTED_EDGE ( 'NONE', *, *, #1366, .F. ) ;
#1520 = CARTESIAN_POINT ( 'NONE',  ( -0.7135916498898298155, 0.4361863927961265319, 0.7624999999999999556 ) ) ;
#1521 = VECTOR ( 'NONE', #2507, 1000.000000000000114 ) ;
#1522 = DIRECTION ( 'NONE',  ( 1.000000000000000000, 0.000000000000000000, 0.000000000000000000 ) ) ;
#1523 = ORIENTED_EDGE ( 'NONE', *, *, #3008, .F. ) ;
#1524 = LINE ( 'NONE', #617, #2564 ) ;
#1525 = AXIS2_PLACEMENT_3D ( 'NONE', #514, #1760, #544 ) ;
#1526 = AXIS2_PLACEMENT_3D ( 'NONE', #2675, #1352, #2892 ) ;
#1527 = VERTEX_POINT ( 'NONE', #1884 ) ;
#1528 = PLANE ( 'NONE',  #2298 ) ;
#1529 = LINE ( 'NONE', #2421, #1542 ) ;
#1530 = EDGE_CURVE ( 'NONE', #355, #529, #1524, .T. ) ;
#1531 = VERTEX_POINT ( 'NONE', #410 ) ;
#1532 = EDGE_CURVE ( 'NONE', #1160, #1668, #519, .T. ) ;
#1533 = VECTOR ( 'NONE', #2843, 1000.000000000000000 ) ;
#1534 = CARTESIAN_POINT ( 'NONE',  ( 0.5722026388117498197, 0.1000000000000003109, 0.9472026388117519291 ) ) ;
#1535 = EDGE_CURVE ( 'NONE', #1431, #1600, #1565, .T. ) ;
#1536 = ORIENTED_EDGE ( 'NONE', *, *, #2026, .T. ) ;
#1537 = LINE ( 'NONE', #1921, #520 ) ;
#1538 = ORIENTED_EDGE ( 'NONE', *, *, #680, .F. ) ;
#1539 = CARTESIAN_POINT ( 'NONE',  ( -0.8533623551084500436, 0.4281770256120379092, 0.7624999999999999556 ) ) ;
#1540 = ORIENTED_EDGE ( 'NONE', *, *, #2902, .F. ) ;
#1541 = CARTESIAN_POINT ( 'NONE',  ( 0.7135916498898298155, 0.4361863927961265319, -0.1124999999999999750 ) ) ;
#1542 = VECTOR ( 'NONE', #698, 1000.000000000000000 ) ;
#1543 = ORIENTED_EDGE ( 'NONE', *, *, #2531, .T. ) ;
#1544 = EDGE_CURVE ( 'NONE', #1230, #2460, #2622, .T. ) ;
#1545 = CIRCLE ( 'NONE', #3211, 0.2287369850869420407 ) ;
#1546 = DIRECTION ( 'NONE',  ( 0.000000000000000000, -0.000000000000000000, -1.000000000000000000 ) ) ;
#1547 = DIRECTION ( 'NONE',  ( -1.000000000000000000, 0.000000000000000000, 0.000000000000000000 ) ) ;
#1548 = DIRECTION ( 'NONE',  ( -1.000000000000000000, 0.000000000000000000, 0.000000000000000000 ) ) ;
#1549 = ORIENTED_EDGE ( 'NONE', *, *, #1767, .T. ) ;
#1550 = VECTOR ( 'NONE', #2483, 1000.000000000000000 ) ;
#1551 = ORIENTED_EDGE ( 'NONE', *, *, #990, .T. ) ;
#1552 = LINE ( 'NONE', #2426, #2604 ) ;
#1553 = ADVANCED_FACE ( 'NONE', ( #461 ), #2577, .F. ) ;
#1554 = ORIENTED_EDGE ( 'NONE', *, *, #589, .T. ) ;
#1555 = DIRECTION ( 'NONE',  ( 1.000000000000000000, 0.000000000000000000, 0.000000000000000000 ) ) ;
#1556 = LINE ( 'NONE', #2442, #485 ) ;
#1557 = DIRECTION ( 'NONE',  ( 0.000000000000000000, -0.000000000000000000, -1.000000000000000000 ) ) ;
#1558 = ORIENTED_EDGE ( 'NONE', *, *, #798, .F. ) ;
#1559 = VECTOR ( 'NONE', #1828, 1000.000000000000000 ) ;
#1560 = CARTESIAN_POINT ( 'NONE',  ( 1.049999999999999378, 0.1396589670363751479, 0.7624999999999999556 ) ) ;
#1561 = ADVANCED_FACE ( 'NONE', ( #420 ), #3127, .F. ) ;
#1562 = VERTEX_POINT ( 'NONE', #1163 ) ;
#1563 = CYLINDRICAL_SURFACE ( 'NONE', #2871, 0.2287369850869420407 ) ;
#1564 = VERTEX_POINT ( 'NONE', #2144 ) ;
#1565 = LINE ( 'NONE', #874, #2573 ) ;
#1566 = CARTESIAN_POINT ( 'NONE',  ( -1.049999999999999378, 0.1396589670363751479, 0.1124999999999999750 ) ) ;
#1567 = CARTESIAN_POINT ( 'NONE',  ( 0.8533623551084500436, 0.4281770256120379092, -0.5374999999999999778 ) ) ;
#1568 = ORIENTED_EDGE ( 'NONE', *, *, #3090, .T. ) ;
#1569 = DIRECTION ( 'NONE',  ( -1.000000000000000000, 0.000000000000000000, 0.000000000000000000 ) ) ;
#1570 = DIRECTION ( 'NONE',  ( -0.05720976560063338601, 0.9983621801330019307, 0.000000000000000000 ) ) ;
#1571 = LINE ( 'NONE', #779, #475 ) ;
#1572 = ORIENTED_EDGE ( 'NONE', *, *, #3008, .T. ) ;
#1573 = EDGE_CURVE ( 'NONE', #1123, #1679, #1501, .T. ) ;
#1574 = PLANE ( 'NONE',  #2291 ) ;
#1575 = ORIENTED_EDGE ( 'NONE', *, *, #2902, .T. ) ;
#1576 = LINE ( 'NONE', #429, #2665 ) ;
#1577 = AXIS2_PLACEMENT_3D ( 'NONE', #2718, #1219, #469 ) ;
#1578 = ORIENTED_EDGE ( 'NONE', *, *, #2867, .F. ) ;
#1579 = VECTOR ( 'NONE', #2797, 1000.000000000000000 ) ;
#1580 = EDGE_CURVE ( 'NONE', #1668, #1410, #2597, .T. ) ;
#1581 = DIRECTION ( 'NONE',  ( -0.000000000000000000, -0.000000000000000000, -1.000000000000000000 ) ) ;
#1582 = EDGE_CURVE ( 'NONE', #3117, #2228, #2670, .T. ) ;
#1583 = ORIENTED_EDGE ( 'NONE', *, *, #2023, .T. ) ;
#1584 = CARTESIAN_POINT ( 'NONE',  ( 0.9250948717855804748, 0.1483931844478049711, -0.5374999999999999778 ) ) ;
#1585 = VECTOR ( 'NONE', #198, 1000.000000000000114 ) ;
#1586 = DIRECTION ( 'NONE',  ( -0.000000000000000000, -0.000000000000000000, -1.000000000000000000 ) ) ;
#1587 = VERTEX_POINT ( 'NONE', #3084 ) ;
#1588 = FACE_OUTER_BOUND ( 'NONE', #2841, .T. ) ;
#1589 = ADVANCED_FACE ( 'NONE', ( #513 ), #445, .F. ) ;
#1590 = CARTESIAN_POINT ( 'NONE',  ( 0.6250000000000005551, 0.4412630149130573609, -0.5374999999999999778 ) ) ;
#1591 = PLANE ( 'NONE',  #483 ) ;
#1592 = LINE ( 'NONE', #222, #1585 ) ;
#1593 = ORIENTED_EDGE ( 'NONE', *, *, #821, .F. ) ;
#1594 = LINE ( 'NONE', #1497, #2678 ) ;
#1595 = DIRECTION ( 'NONE',  ( -0.06975647374412508039, 0.9975640502598243087, 0.000000000000000000 ) ) ;
#1596 = DIRECTION ( 'NONE',  ( -0.000000000000000000, 0.000000000000000000, 1.000000000000000000 ) ) ;
#1597 = EDGE_CURVE ( 'NONE', #2739, #302, #2584, .T. ) ;
#1598 = DIRECTION ( 'NONE',  ( 1.000000000000000000, 0.000000000000000000, 0.000000000000000000 ) ) ;
#1599 = FILL_AREA_STYLE_COLOUR ( '', #2785 ) ;
#1600 = VERTEX_POINT ( 'NONE', #747 ) ;
#1601 = LINE ( 'NONE', #2971, #468 ) ;
#1602 = ORIENTED_EDGE ( 'NONE', *, *, #660, .F. ) ;
#1603 = DIRECTION ( 'NONE',  ( -0.05720976560063394806, -0.9983621801330018197, 0.000000000000000000 ) ) ;
#1604 = CIRCLE ( 'NONE', #1149, 0.2287369850869420407 ) ;
#1605 = DIRECTION ( 'NONE',  ( 1.000000000000000000, 0.000000000000000000, 0.000000000000000000 ) ) ;
#1606 = CARTESIAN_POINT ( 'NONE',  ( 0.6250000000000005551, 0.4412630149130573609, -0.7624999999999999556 ) ) ;
#1607 = VECTOR ( 'NONE', #307, 1000.000000000000000 ) ;
#1608 = MANIFOLD_SOLID_BREP ( 'Mirror1', #1193 ) ;
#1609 = CARTESIAN_POINT ( 'NONE',  ( -0.6250000000000005551, 0.4412630149130573609, 0.1124999999999999750 ) ) ;
#1610 = VERTEX_POINT ( 'NONE', #3020 ) ;
#1611 = VECTOR ( 'NONE', #2815, 1000.000000000000114 ) ;
#1612 = DIRECTION ( 'NONE',  ( -0.000000000000000000, 1.000000000000000000, -0.000000000000000000 ) ) ;
#1613 = CARTESIAN_POINT ( 'NONE',  ( -0.3450000000000005285, 0.7247308806541886694, -0.7199999999999956435 ) ) ;
#1614 = FACE_OUTER_BOUND ( 'NONE', #1117, .T. ) ;
#1615 = VERTEX_POINT ( 'NONE', #511 ) ;
#1616 = CIRCLE ( 'NONE', #385, 0.2287369850869420407 ) ;
#1617 = ADVANCED_FACE ( 'NONE', ( #466 ), #782, .F. ) ;
#1618 = DIRECTION ( 'NONE',  ( 0.9975640502598243087, 0.06975647374412508039, -0.000000000000000000 ) ) ;
#1619 = CARTESIAN_POINT ( 'NONE',  ( -0.9153289654614029658, 0.008734217411429694850, 0.1124999999999999750 ) ) ;
#1620 = AXIS2_PLACEMENT_3D ( 'NONE', #2602, #2858, #1660 ) ;
#1621 =( NAMED_UNIT ( * ) SI_UNIT ( $, .STERADIAN. ) SOLID_ANGLE_UNIT ( ) );
#1622 = CYLINDRICAL_SURFACE ( 'NONE', #1841, 0.2287369850869420407 ) ;
#1623 = EDGE_CURVE ( 'NONE', #1452, #594, #1545, .T. ) ;
#1624 = ORIENTED_EDGE ( 'NONE', *, *, #2973, .T. ) ;
#1625 = VECTOR ( 'NONE', #2515, 1000.000000000000000 ) ;
#1626 = AXIS2_PLACEMENT_3D ( 'NONE', #1262, #1932, #1046 ) ;
#1627 = LINE ( 'NONE', #287, #2710 ) ;
#1628 = ORIENTED_EDGE ( 'NONE', *, *, #525, .F. ) ;
#1629 = DIRECTION ( 'NONE',  ( 1.000000000000000000, 0.000000000000000000, -0.000000000000000000 ) ) ;
#1630 = FACE_OUTER_BOUND ( 'NONE', #2376, .T. ) ;
#1631 = AXIS2_PLACEMENT_3D ( 'NONE', #1609, #591, #819 ) ;
#1632 = CARTESIAN_POINT ( 'NONE',  ( -0.3450000000000005285, 1.050000000000000711, -0.6049999999999955413 ) ) ;
#1633 = DIRECTION ( 'NONE',  ( 0.000000000000000000, -0.000000000000000000, -1.000000000000000000 ) ) ;
#1634 = VECTOR ( 'NONE', #2230, 1000.000000000000000 ) ;
#1635 = CARTESIAN_POINT ( 'NONE',  ( 0.9312848509559306098, 0.2369140106989806038, -0.1124999999999999750 ) ) ;
#1636 = ORIENTED_EDGE ( 'NONE', *, *, #3178, .T. ) ;
#1637 = LINE ( 'NONE', #2358, #2803 ) ;
#1638 = PLANE ( 'NONE',  #2999 ) ;
#1639 = DIRECTION ( 'NONE',  ( -0.000000000000000000, -0.000000000000000000, -1.000000000000000000 ) ) ;
#1640 = VECTOR ( 'NONE', #2528, 1000.000000000000000 ) ;
#1641 = ORIENTED_EDGE ( 'NONE', *, *, #278, .T. ) ;
#1642 = LINE ( 'NONE', #1784, #2838 ) ;
#1643 = EDGE_CURVE ( 'NONE', #2375, #2187, #2632, .T. ) ;
#1644 = CARTESIAN_POINT ( 'NONE',  ( -0.8537369850869426235, 0.4412630149130573609, 0.7624999999999999556 ) ) ;
#1645 = CARTESIAN_POINT ( 'NONE',  ( 0.7029224958474812324, 0.2500000000000000000, 0.5374999999999999778 ) ) ;
#1646 = ORIENTED_EDGE ( 'NONE', *, *, #214, .T. ) ;
#1647 = VECTOR ( 'NONE', #787, 1000.000000000000000 ) ;
#1648 = ADVANCED_FACE ( 'NONE', ( #524 ), #2190, .T. ) ;
#1649 = FACE_OUTER_BOUND ( 'NONE', #1471, .T. ) ;
#1650 = ORIENTED_EDGE ( 'NONE', *, *, #2333, .F. ) ;
#1651 = CARTESIAN_POINT ( 'NONE',  ( -0.3450000000000005285, 0.7247308806541886694, -0.7199999999999956435 ) ) ;
#1652 = LINE ( 'NONE', #3097, #662 ) ;
#1653 = PLANE ( 'NONE',  #2263 ) ;
#1654 = DIRECTION ( 'NONE',  ( -0.05720976560063337213, -0.9983621801330019307, 0.000000000000000000 ) ) ;
#1655 = LINE ( 'NONE', #2307, #2740 ) ;
#1656 = DIRECTION ( 'NONE',  ( 1.000000000000000000, 0.000000000000000000, 0.000000000000000000 ) ) ;
#1657 = ORIENTED_EDGE ( 'NONE', *, *, #2901, .F. ) ;
#1658 = DIRECTION ( 'NONE',  ( 0.05720976560063394112, 0.9983621801330018197, 0.000000000000000000 ) ) ;
#1659 = EDGE_CURVE ( 'NONE', #3209, #2218, #1552, .T. ) ;
#1660 = DIRECTION ( 'NONE',  ( 1.000000000000000000, 0.000000000000000000, 0.000000000000000000 ) ) ;
#1661 = CYLINDRICAL_SURFACE ( 'NONE', #1075, 0.08873698508694220777 ) ;
#1662 = AXIS2_PLACEMENT_3D ( 'NONE', #2627, #2857, #144 ) ;
#1663 = VERTEX_POINT ( 'NONE', #1518 ) ;
#1664 = AXIS2_PLACEMENT_3D ( 'NONE', #1821, #1581, #1605 ) ;
#1665 = DIRECTION ( 'NONE',  ( 0.9975640502598241977, 0.06975647374412617674, 0.000000000000000000 ) ) ;
#1666 = CARTESIAN_POINT ( 'NONE',  ( 0.5722026388117491535, 1.100000000000000755, -0.9472026388117463780 ) ) ;
#1667 = EDGE_CURVE ( 'NONE', #1340, #2236, #2642, .T. ) ;
#1668 = VERTEX_POINT ( 'NONE', #1743 ) ;
#1669 = VERTEX_POINT ( 'NONE', #2447 ) ;
#1670 = PLANE ( 'NONE',  #3123 ) ;
#1671 = ADVANCED_FACE ( 'NONE', ( #490 ), #767, .F. ) ;
#1672 = DIRECTION ( 'NONE',  ( 1.000000000000000000, 0.000000000000000000, 0.000000000000000000 ) ) ;
#1673 = FACE_OUTER_BOUND ( 'NONE', #2452, .T. ) ;
#1674 = DIRECTION ( 'NONE',  ( -1.000000000000000000, 0.000000000000000000, 0.000000000000000000 ) ) ;
#1675 = EDGE_LOOP ( 'NONE', ( #638, #2481, #65, #364 ) ) ;
#1676 = CARTESIAN_POINT ( 'NONE',  ( -0.9250948717855804748, 0.1483931844478049711, -0.5374999999999999778 ) ) ;
#1677 = CARTESIAN_POINT ( 'NONE',  ( -0.6250000000000005551, 0.4412630149130573609, 0.7624999999999999556 ) ) ;
#1678 = VECTOR ( 'NONE', #322, 1000.000000000000000 ) ;
#1679 = VERTEX_POINT ( 'NONE', #2234 ) ;
#1680 = SURFACE_STYLE_USAGE ( .BOTH. , #1343 ) ;
#1681 = ORIENTED_EDGE ( 'NONE', *, *, #1048, .F. ) ;
#1682 = DIRECTION ( 'NONE',  ( -1.000000000000000000, 0.000000000000000000, 0.000000000000000000 ) ) ;
#1683 = ORIENTED_EDGE ( 'NONE', *, *, #1711, .F. ) ;
#1684 = CARTESIAN_POINT ( 'NONE',  ( -0.6250000000000005551, 0.6699999999999993738, 0.1124999999999999750 ) ) ;
#1685 = CARTESIAN_POINT ( 'NONE',  ( -0.9312848509559306098, 0.2369140106989805761, -0.1124999999999999750 ) ) ;
#1686 = DIRECTION ( 'NONE',  ( 0.05720976560063337213, -0.9983621801330019307, 0.000000000000000000 ) ) ;
#1687 = VECTOR ( 'NONE', #1158, 1000.000000000000000 ) ;
#1688 = CARTESIAN_POINT ( 'NONE',  ( -0.8537369850869427346, 0.4412630149130573609, -0.5374999999999999778 ) ) ;
#1689 = EDGE_CURVE ( 'NONE', #1061, #2771, #2652, .T. ) ;
#1690 = ORIENTED_EDGE ( 'NONE', *, *, #24, .F. ) ;
#1691 = EDGE_CURVE ( 'NONE', #456, #1615, #502, .T. ) ;
#1692 = ADVANCED_FACE ( 'NONE', ( #1588 ), #725, .F. ) ;
#1693 = DIRECTION ( 'NONE',  ( 0.06975647374412508039, 0.9975640502598243087, 0.000000000000000000 ) ) ;
#1694 = AXIS2_PLACEMENT_3D ( 'NONE', #176, #2891, #1890 ) ;
#1695 = CYLINDRICAL_SURFACE ( 'NONE', #2153, 0.1150000000000000883 ) ;
#1696 = PRESENTATION_LAYER_ASSIGNMENT (  '', '', ( #764 ) ) ;
#1697 = EDGE_LOOP ( 'NONE', ( #1964, #1104, #328, #54 ) ) ;
#1698 = EDGE_CURVE ( 'NONE', #1772, #561, #1594, .T. ) ;
#1699 = EDGE_CURVE ( 'NONE', #2508, #3117, #412, .T. ) ;
#1700 = DIRECTION ( 'NONE',  ( -0.05720976560063394112, 0.9983621801330018197, -0.000000000000000000 ) ) ;
#1701 = LINE ( 'NONE', #1977, #1647 ) ;
#1702 = CARTESIAN_POINT ( 'NONE',  ( -0.9153289654614029658, 0.008734217411429694850, 0.7624999999999999556 ) ) ;
#1703 = AXIS2_PLACEMENT_3D ( 'NONE', #2923, #1706, #210 ) ;
#1704 = VECTOR ( 'NONE', #379, 1000.000000000000114 ) ;
#1705 = EDGE_LOOP ( 'NONE', ( #2268, #2977, #1958, #1407, #23, #249, #273, #1889, #2052, #1895, #868, #2133 ) ) ;
#1706 = DIRECTION ( 'NONE',  ( 0.000000000000000000, 0.000000000000000000, 1.000000000000000000 ) ) ;
#1707 = VECTOR ( 'NONE', #25, 1000.000000000000114 ) ;
#1708 = LINE ( 'NONE', #1341, #635 ) ;
#1709 = ORIENTED_EDGE ( 'NONE', *, *, #1698, .F. ) ;
#1710 = DIRECTION ( 'NONE',  ( -0.1209742911513548291, 0.9852565360152931717, -0.1209742911513548291 ) ) ;
#1711 = EDGE_CURVE ( 'NONE', #2771, #165, #1604, .T. ) ;
#1712 = LINE ( 'NONE', #807, #640 ) ;
#1713 = DIRECTION ( 'NONE',  ( -1.000000000000000000, 0.000000000000000000, 0.000000000000000000 ) ) ;
#1714 = CARTESIAN_POINT ( 'NONE',  ( 0.7135916498898298155, 0.4361863927961265319, 0.5374999999999999778 ) ) ;
#1715 = ORIENTED_EDGE ( 'NONE', *, *, #1171, .T. ) ;
#1716 = CARTESIAN_POINT ( 'NONE',  ( -0.3450000000000005285, 1.050000000000000711, -0.7199999999999956435 ) ) ;
#1717 = LINE ( 'NONE', #1387, #557 ) ;
#1718 = DIRECTION ( 'NONE',  ( 0.000000000000000000, 0.000000000000000000, 1.000000000000000000 ) ) ;
#1719 = DIRECTION ( 'NONE',  ( 0.000000000000000000, 0.000000000000000000, 1.000000000000000000 ) ) ;
#1720 = CIRCLE ( 'NONE', #1766, 0.1150000000000000883 ) ;
#1721 = ADVANCED_FACE ( 'NONE', ( #2691 ), #1083, .F. ) ;
#1722 = DIRECTION ( 'NONE',  ( 0.000000000000000000, 0.000000000000000000, 1.000000000000000000 ) ) ;
#1723 = CARTESIAN_POINT ( 'NONE',  ( -0.8533623551084500436, 0.4281770256120379092, -0.5374999999999999778 ) ) ;
#1724 = VECTOR ( 'NONE', #1728, 1000.000000000000000 ) ;
#1725 = CARTESIAN_POINT ( 'NONE',  ( -0.9153289654614029658, 0.008734217411429694850, -0.5374999999999999778 ) ) ;
#1726 = VECTOR ( 'NONE', #672, 1000.000000000000000 ) ;
#1727 = CIRCLE ( 'NONE', #2453, 0.2287369850869420407 ) ;
#1728 = DIRECTION ( 'NONE',  ( -0.000000000000000000, -0.000000000000000000, -1.000000000000000000 ) ) ;
#1729 = CIRCLE ( 'NONE', #1118, 0.2287369850869419297 ) ;
#1730 = AXIS2_PLACEMENT_3D ( 'NONE', #2283, #2535, #1547 ) ;
#1731 = EDGE_CURVE ( 'NONE', #1115, #2126, #531, .T. ) ;
#1732 = FACE_OUTER_BOUND ( 'NONE', #1210, .T. ) ;
#1733 = DIRECTION ( 'NONE',  ( 0.05720976560063394112, 0.9983621801330018197, 0.000000000000000000 ) ) ;
#1734 = CYLINDRICAL_SURFACE ( 'NONE', #351, 0.1150000000000000883 ) ;
#1735 =( GEOMETRIC_REPRESENTATION_CONTEXT ( 3 ) GLOBAL_UNCERTAINTY_ASSIGNED_CONTEXT ( ( #1218 ) ) GLOBAL_UNIT_ASSIGNED_CONTEXT ( ( #3182, #272, #1454 ) ) REPRESENTATION_CONTEXT ( 'NONE', 'WORKASPACE' ) );
#1736 = DIRECTION ( 'NONE',  ( -0.06975647374412617674, -0.9975640502598241977, 0.000000000000000000 ) ) ;
#1737 = CIRCLE ( 'NONE', #1872, 0.08873698508694220777 ) ;
#1738 = DIRECTION ( 'NONE',  ( -1.000000000000000000, 0.000000000000000000, 0.000000000000000000 ) ) ;
#1739 = DIRECTION ( 'NONE',  ( 0.000000000000000000, -0.000000000000000000, -1.000000000000000000 ) ) ;
#1740 = EDGE_CURVE ( 'NONE', #2756, #1413, #2696, .T. ) ;
#1741 = VECTOR ( 'NONE', #1358, 1000.000000000000000 ) ;
#1742 = AXIS2_PLACEMENT_3D ( 'NONE', #221, #1227, #2465 ) ;
#1743 = CARTESIAN_POINT ( 'NONE',  ( 0.6250000000000005551, 0.6699999999999993738, -0.1124999999999999750 ) ) ;
#1744 = DIRECTION ( 'NONE',  ( -0.000000000000000000, 1.000000000000000000, -0.000000000000000000 ) ) ;
#1745 = LINE ( 'NONE', #2873, #574 ) ;
#1746 = DIRECTION ( 'NONE',  ( 0.9975640502598241977, 0.06975647374412612123, -0.000000000000000000 ) ) ;
#1747 = CARTESIAN_POINT ( 'NONE',  ( 0.6249999999999983347, 0.6699999999999993738, -0.9999999999999956701 ) ) ;
#1748 = FACE_OUTER_BOUND ( 'NONE', #1931, .T. ) ;
#1749 = EDGE_CURVE ( 'NONE', #2221, #1491, #1616, .T. ) ;
#1750 = VECTOR ( 'NONE', #2272, 1000.000000000000000 ) ;
#1751 = LINE ( 'NONE', #2882, #759 ) ;
#1752 = DIRECTION ( 'NONE',  ( 0.000000000000000000, 0.000000000000000000, 1.000000000000000000 ) ) ;
#1753 = FACE_OUTER_BOUND ( 'NONE', #683, .T. ) ;
#1754 = CARTESIAN_POINT ( 'NONE',  ( -0.3450000000000005285, 1.050000000000000711, -0.7199999999999956435 ) ) ;
#1755 = LINE ( 'NONE', #1825, #688 ) ;
#1756 = ORIENTED_EDGE ( 'NONE', *, *, #1082, .F. ) ;
#1757 =( LENGTH_UNIT ( ) NAMED_UNIT ( * ) SI_UNIT ( .MILLI., .METRE. ) );
#1758 = DIRECTION ( 'NONE',  ( 0.000000000000000000, 0.000000000000000000, 1.000000000000000000 ) ) ;
#1759 = CIRCLE ( 'NONE', #238, 0.08873698508694220777 ) ;
#1760 = DIRECTION ( 'NONE',  ( 0.000000000000000000, -0.000000000000000000, -1.000000000000000000 ) ) ;
#1761 = CIRCLE ( 'NONE', #909, 0.08873698508694220777 ) ;
#1762 = ADVANCED_FACE ( 'NONE', ( #415 ), #1574, .T. ) ;
#1763 = VERTEX_POINT ( 'NONE', #2496 ) ;
#1764 = FACE_OUTER_BOUND ( 'NONE', #1361, .T. ) ;
#1765 = PLANE ( 'NONE',  #2446 ) ;
#1766 = AXIS2_PLACEMENT_3D ( 'NONE', #2077, #1403, #595 ) ;
#1767 = EDGE_CURVE ( 'NONE', #1401, #2126, #1496, .T. ) ;
#1768 = CARTESIAN_POINT ( 'NONE',  ( -0.6250000000000005551, 0.5299999999999994715, 1.000000000000000888 ) ) ;
#1769 = EDGE_CURVE ( 'NONE', #93, #1668, #694, .T. ) ;
#1770 = ORIENTED_EDGE ( 'NONE', *, *, #1112, .T. ) ;
#1771 = CIRCLE ( 'NONE', #682, 0.2287369850869420407 ) ;
#1772 = VERTEX_POINT ( 'NONE', #1277 ) ;
#1773 = CARTESIAN_POINT ( 'NONE',  ( -0.3450000000000005285, 1.050000000000000711, -0.7199999999999956435 ) ) ;
#1774 = FACE_OUTER_BOUND ( 'NONE', #1093, .T. ) ;
#1775 = CARTESIAN_POINT ( 'NONE',  ( -0.3450000000000005285, 1.050000000000000711, -0.6049999999999955413 ) ) ;
#1776 = CARTESIAN_POINT ( 'NONE',  ( -0.7137369850869427212, 0.4412630149130573609, -0.5374999999999999778 ) ) ;
#1777 = AXIS2_PLACEMENT_3D ( 'NONE', #2790, #1718, #983 ) ;
#1778 = ORIENTED_EDGE ( 'NONE', *, *, #2411, .F. ) ;
#1779 = EDGE_CURVE ( 'NONE', #3072, #387, #1712, .T. ) ;
#1780 = CARTESIAN_POINT ( 'NONE',  ( -0.6250000000000005551, 0.4412630149130573609, -0.1124999999999999750 ) ) ;
#1781 = CARTESIAN_POINT ( 'NONE',  ( -0.9312848509559306098, 0.2369140106989805761, -0.5374999999999999778 ) ) ;
#1782 = DIRECTION ( 'NONE',  ( -1.000000000000000000, 0.000000000000000000, 0.000000000000000000 ) ) ;
#1783 = CIRCLE ( 'NONE', #58, 0.2287369850869420407 ) ;
#1784 = CARTESIAN_POINT ( 'NONE',  ( 0.6250000000000005551, 0.6699999999999993738, 0.1124999999999999750 ) ) ;
#1785 = FACE_OUTER_BOUND ( 'NONE', #3150, .T. ) ;
#1786 = ADVANCED_FACE ( 'NONE', ( #563 ), #771, .F. ) ;
#1787 = CARTESIAN_POINT ( 'NONE',  ( -0.3450000000000005285, 1.100000000000000755, -0.8349999999999956346 ) ) ;
#1788 = CYLINDRICAL_SURFACE ( 'NONE', #2189, 0.2287369850869419297 ) ;
#1789 = DIRECTION ( 'NONE',  ( -0.000000000000000000, -0.000000000000000000, -1.000000000000000000 ) ) ;
#1790 = DIRECTION ( 'NONE',  ( 0.000000000000000000, 0.000000000000000000, 1.000000000000000000 ) ) ;
#1791 = CIRCLE ( 'NONE', #1071, 0.1150000000000000883 ) ;
#1792 = DIRECTION ( 'NONE',  ( -0.000000000000000000, -0.000000000000000000, -1.000000000000000000 ) ) ;
#1793 = CARTESIAN_POINT ( 'NONE',  ( -0.6250000000000005551, 0.6699999999999993738, -0.9999999999999956701 ) ) ;
#1794 = LINE ( 'NONE', #2193, #1801 ) ;
#1795 = DIRECTION ( 'NONE',  ( 0.000000000000000000, 0.000000000000000000, 1.000000000000000000 ) ) ;
#1796 = PRODUCT ( '419AD', '419AD', '', ( #677 ) ) ;
#1797 = DIRECTION ( 'NONE',  ( -1.000000000000000000, 0.000000000000000000, 0.000000000000000000 ) ) ;
#1798 = PLANE ( 'NONE',  #2066 ) ;
#1799 = FACE_OUTER_BOUND ( 'NONE', #1484, .T. ) ;
#1800 = EDGE_CURVE ( 'NONE', #495, #1077, #2713, .T. ) ;
#1801 = VECTOR ( 'NONE', #205, 1000.000000000000000 ) ;
#1802 = AXIS2_PLACEMENT_3D ( 'NONE', #2368, #1629, #1856 ) ;
#1803 =( GEOMETRIC_REPRESENTATION_CONTEXT ( 3 ) GLOBAL_UNCERTAINTY_ASSIGNED_CONTEXT ( ( #2929 ) ) GLOBAL_UNIT_ASSIGNED_CONTEXT ( ( #330, #2506, #601 ) ) REPRESENTATION_CONTEXT ( 'NONE', 'WORKASPACE' ) );
#1804 = LINE ( 'NONE', #975, #2915 ) ;
#1805 = CARTESIAN_POINT ( 'NONE',  ( 0.9312848509559306098, 0.2369140106989806038, 0.5374999999999999778 ) ) ;
#1806 = EDGE_CURVE ( 'NONE', #97, #21, #566, .T. ) ;
#1807 = VECTOR ( 'NONE', #2912, 1000.000000000000114 ) ;
#1808 = MECHANICAL_DESIGN_GEOMETRIC_PRESENTATION_REPRESENTATION (  '', ( #288 ), #109 ) ;
#1809 = SURFACE_STYLE_FILL_AREA ( #2461 ) ;
#1810 = LINE ( 'NONE', #2875, #786 ) ;
#1811 = ADVANCED_FACE ( 'NONE', ( #1753 ), #1765, .T. ) ;
#1812 = DIRECTION ( 'NONE',  ( 0.05720976560063338601, 0.9983621801330019307, 0.000000000000000000 ) ) ;
#1813 = CARTESIAN_POINT ( 'NONE',  ( 0.9312848509559306098, 0.2369140106989805761, 0.5374999999999999778 ) ) ;
#1814 = CYLINDRICAL_SURFACE ( 'NONE', #731, 0.2287369850869420407 ) ;
#1815 = DIRECTION ( 'NONE',  ( 0.000000000000000000, 0.000000000000000000, 1.000000000000000000 ) ) ;
#1816 = DIRECTION ( 'NONE',  ( -0.1218693434051477398, -0.9925461516413219831, 0.000000000000000000 ) ) ;
#1817 = VECTOR ( 'NONE', #2070, 1000.000000000000000 ) ;
#1818 = EDGE_CURVE ( 'NONE', #1076, #93, #1642, .T. ) ;
#1819 = CARTESIAN_POINT ( 'NONE',  ( -0.6250000000000005551, 0.4412630149130573609, 0.1124999999999999750 ) ) ;
#1820 = LINE ( 'NONE', #2517, #2903 ) ;
#1821 = CARTESIAN_POINT ( 'NONE',  ( -0.6250000000000005551, 0.4412630149130573609, 0.7624999999999999556 ) ) ;
#1822 = CARTESIAN_POINT ( 'NONE',  ( 0.9153289654614029658, 0.008734217411429694850, -0.7624999999999999556 ) ) ;
#1823 = VECTOR ( 'NONE', #334, 1000.000000000000114 ) ;
#1824 = DIRECTION ( 'NONE',  ( 0.000000000000000000, -0.000000000000000000, -1.000000000000000000 ) ) ;
#1825 = CARTESIAN_POINT ( 'NONE',  ( 1.049999999999999378, 0.1396589670363751479, 0.7624999999999999556 ) ) ;
#1826 = CIRCLE ( 'NONE', #2800, 0.2287369850869420407 ) ;
#1827 = FACE_OUTER_BOUND ( 'NONE', #1382, .T. ) ;
#1828 = DIRECTION ( 'NONE',  ( 0.000000000000000000, -0.000000000000000000, -1.000000000000000000 ) ) ;
#1829 = DIRECTION ( 'NONE',  ( 0.9975640502598241977, 0.06975647374412612123, -0.000000000000000000 ) ) ;
#1830 = CIRCLE ( 'NONE', #3215, 0.08873698508694198572 ) ;
#1831 = CARTESIAN_POINT ( 'NONE',  ( 0.5722026388117494866, 0.1000000000000003109, -0.9999999999999956701 ) ) ;
#1832 = CARTESIAN_POINT ( 'NONE',  ( 0.6250000000000005551, 0.4412630149130573609, 0.7624999999999999556 ) ) ;
#1833 = ADVANCED_FACE ( 'NONE', ( #663 ), #1528, .F. ) ;
#1834 = EDGE_CURVE ( 'NONE', #1587, #2, #673, .T. ) ;
#1835 = EDGE_CURVE ( 'NONE', #2694, #1531, #2796, .T. ) ;
#1836 = LINE ( 'NONE', #822, #2918 ) ;
#1837 = STYLED_ITEM ( 'NONE', ( #2884 ), #2155 ) ;
#1838 = DIRECTION ( 'NONE',  ( -0.000000000000000000, 0.000000000000000000, 1.000000000000000000 ) ) ;
#1839 = AXIS2_PLACEMENT_3D ( 'NONE', #2016, #2267, #3202 ) ;
#1840 = EDGE_CURVE ( 'NONE', #2477, #484, #1727, .T. ) ;
#1841 = AXIS2_PLACEMENT_3D ( 'NONE', #2394, #242, #965 ) ;
#1842 = CARTESIAN_POINT ( 'NONE',  ( -0.9312848509559306098, 0.2369140106989806038, 0.1124999999999999750 ) ) ;
#1843 = EDGE_CURVE ( 'NONE', #165, #296, #657, .T. ) ;
#1844 = CARTESIAN_POINT ( 'NONE',  ( 0.6250000000000005551, 0.4412630149130573609, -0.1124999999999999750 ) ) ;
#1845 = CARTESIAN_POINT ( 'NONE',  ( -0.6250000000000005551, 0.4412630149130573609, -0.5374999999999999778 ) ) ;
#1846 = EDGE_CURVE ( 'NONE', #561, #1181, #2778, .T. ) ;
#1847 = DIRECTION ( 'NONE',  ( 0.000000000000000000, 0.9925461516413219831, -0.1218693434051477398 ) ) ;
#1848 = DIRECTION ( 'NONE',  ( 0.000000000000000000, 0.000000000000000000, 1.000000000000000000 ) ) ;
#1849 = FACE_OUTER_BOUND ( 'NONE', #2104, .T. ) ;
#1850 = CARTESIAN_POINT ( 'NONE',  ( 1.049999999999999378, 0.1396589670363751479, -0.5374999999999999778 ) ) ;
#1851 = DIRECTION ( 'NONE',  ( 0.000000000000000000, -0.000000000000000000, -1.000000000000000000 ) ) ;
#1852 = EDGE_CURVE ( 'NONE', #1436, #2218, #1701, .T. ) ;
#1853 = VECTOR ( 'NONE', #2108, 1000.000000000000114 ) ;
#1854 = LINE ( 'NONE', #2413, #701 ) ;
#1855 = LINE ( 'NONE', #664, #2938 ) ;
#1856 = DIRECTION ( 'NONE',  ( 0.000000000000000000, 0.000000000000000000, 1.000000000000000000 ) ) ;
#1857 = LINE ( 'NONE', #1914, #773 ) ;
#1858 = ADVANCED_FACE ( 'NONE', ( #2814 ), #2048, .F. ) ;
#1859 = DIRECTION ( 'NONE',  ( 0.000000000000000000, -0.000000000000000000, -1.000000000000000000 ) ) ;
#1860 = LINE ( 'NONE', #1239, #722 ) ;
#1861 = CARTESIAN_POINT ( 'NONE',  ( 1.049999999999999378, 0.1396589670363751479, -0.1124999999999999750 ) ) ;
#1862 = CARTESIAN_POINT ( 'NONE',  ( -0.9153289654614029658, 0.008734217411429694850, 0.5374999999999999778 ) ) ;
#1863 = LINE ( 'NONE', #2709, #2900 ) ;
#1864 = DIRECTION ( 'NONE',  ( 0.1209742911513548014, -0.9852565360152931717, -0.1209742911513548291 ) ) ;
#1865 = CARTESIAN_POINT ( 'NONE',  ( -0.6250000000000005551, 0.4412630149130573609, 0.7624999999999999556 ) ) ;
#1866 = VECTOR ( 'NONE', #3101, 1000.000000000000000 ) ;
#1867 = DIRECTION ( 'NONE',  ( -0.9975640502598241977, 0.06975647374412617674, 0.000000000000000000 ) ) ;
#1868 = CARTESIAN_POINT ( 'NONE',  ( 0.6250000000000005551, 0.6699999999999993738, -0.7624999999999999556 ) ) ;
#1869 = AXIS2_PLACEMENT_3D ( 'NONE', #2252, #1451, #1722 ) ;
#1870 = FILL_AREA_STYLE_COLOUR ( '', #3047 ) ;
#1871 = EDGE_CURVE ( 'NONE', #3088, #2120, #2787, .T. ) ;
#1872 = AXIS2_PLACEMENT_3D ( 'NONE', #333, #1838, #1782 ) ;
#1873 = FACE_OUTER_BOUND ( 'NONE', #230, .T. ) ;
#1874 = EDGE_CURVE ( 'NONE', #539, #87, #642, .T. ) ;
#1875 = AXIS2_PLACEMENT_3D ( 'NONE', #1941, #2750, #2211 ) ;
#1876 = CARTESIAN_POINT ( 'NONE',  ( -0.9153289654614029658, 0.008734217411429694850, -0.5374999999999999778 ) ) ;
#1877 = LINE ( 'NONE', #719, #2968 ) ;
#1878 = CARTESIAN_POINT ( 'NONE',  ( 0.8426932010661015715, 0.2419906328159113773, -0.1124999999999999750 ) ) ;
#1879 = DIRECTION ( 'NONE',  ( 0.05720976560063337213, -0.9983621801330019307, 0.000000000000000000 ) ) ;
#1880 = ADVANCED_FACE ( 'NONE', ( #2807 ), #84, .F. ) ;
#1881 = CARTESIAN_POINT ( 'NONE',  ( -1.049999999999999378, 0.1396589670363751479, -0.7624999999999999556 ) ) ;
#1882 = CYLINDRICAL_SURFACE ( 'NONE', #1442, 0.08873698508694220777 ) ;
#1883 = EDGE_CURVE ( 'NONE', #192, #588, #2734, .T. ) ;
#1884 = CARTESIAN_POINT ( 'NONE',  ( -0.7135916498898298155, 0.4361863927961265319, -0.1124999999999999750 ) ) ;
#1885 = VECTOR ( 'NONE', #1192, 1000.000000000000000 ) ;
#1886 = DIRECTION ( 'NONE',  ( 2.168404344971012566E-16, -0.000000000000000000, 1.000000000000000000 ) ) ;
#1887 = ORIENTED_EDGE ( 'NONE', *, *, #536, .F. ) ;
#1888 = LINE ( 'NONE', #2226, #3035 ) ;
#1889 = ORIENTED_EDGE ( 'NONE', *, *, #1983, .F. ) ;
#1890 = DIRECTION ( 'NONE',  ( -1.000000000000000000, 0.000000000000000000, 0.000000000000000000 ) ) ;
#1891 = PLANE ( 'NONE',  #1286 ) ;
#1892 = FACE_OUTER_BOUND ( 'NONE', #994, .T. ) ;
#1893 = DIRECTION ( 'NONE',  ( 0.000000000000000000, -0.000000000000000000, 1.000000000000000000 ) ) ;
#1894 = CARTESIAN_POINT ( 'NONE',  ( -1.040234093675821869, -1.291323651961581360E-16, 0.7624999999999999556 ) ) ;
#1895 = ORIENTED_EDGE ( 'NONE', *, *, #2877, .F. ) ;
#1896 = DIRECTION ( 'NONE',  ( -1.000000000000000000, 0.000000000000000000, 0.000000000000000000 ) ) ;
#1897 = EDGE_CURVE ( 'NONE', #2218, #1615, #1717, .T. ) ;
#1898 = CARTESIAN_POINT ( 'NONE',  ( -0.6250000000000005551, 0.6699999999999993738, -0.9999999999999956701 ) ) ;
#1899 = LINE ( 'NONE', #760, #1957 ) ;
#1900 = ORIENTED_EDGE ( 'NONE', *, *, #5, .F. ) ;
#1901 = AXIS2_PLACEMENT_3D ( 'NONE', #650, #2878, #3115 ) ;
#1902 = ADVANCED_FACE ( 'NONE', ( #630 ), #748, .T. ) ;
#1903 =( NAMED_UNIT ( * ) SI_UNIT ( $, .STERADIAN. ) SOLID_ANGLE_UNIT ( ) );
#1904 = DIRECTION ( 'NONE',  ( 0.000000000000000000, -0.000000000000000000, -1.000000000000000000 ) ) ;
#1905 = DIRECTION ( 'NONE',  ( 0.1209742911513548569, 0.9852565360152931717, 0.1209742911513548291 ) ) ;
#1906 = EDGE_CURVE ( 'NONE', #1180, #302, #1637, .T. ) ;
#1907 = ORIENTED_EDGE ( 'NONE', *, *, #611, .F. ) ;
#1908 = LINE ( 'NONE', #1174, #1866 ) ;
#1909 = CARTESIAN_POINT ( 'NONE',  ( -1.049999999999999378, 0.1396589670363751479, -0.1124999999999999750 ) ) ;
#1910 = LINE ( 'NONE', #2482, #2989 ) ;
#1911 = EDGE_LOOP ( 'NONE', ( #3136, #1641, #2724, #2385 ) ) ;
#1912 = CARTESIAN_POINT ( 'NONE',  ( -0.6250000000000005551, 0.4412630149130573609, -0.5374999999999999778 ) ) ;
#1913 = LINE ( 'NONE', #1539, #1996 ) ;
#1914 = CARTESIAN_POINT ( 'NONE',  ( -0.6250000000000005551, 0.5299999999999994715, 0.1124999999999999750 ) ) ;
#1915 = CIRCLE ( 'NONE', #282, 0.08873698508694220777 ) ;
#1916 = CARTESIAN_POINT ( 'NONE',  ( -0.8537369850869426235, 0.4412630149130573609, 0.1124999999999999750 ) ) ;
#1917 = CARTESIAN_POINT ( 'NONE',  ( -0.8533623551084500436, 0.4281770256120379092, -0.7624999999999999556 ) ) ;
#1918 = ORIENTED_EDGE ( 'NONE', *, *, #808, .F. ) ;
#1919 = LINE ( 'NONE', #1139, #3005 ) ;
#1920 = DIRECTION ( 'NONE',  ( -0.000000000000000000, -0.000000000000000000, -1.000000000000000000 ) ) ;
#1921 = CARTESIAN_POINT ( 'NONE',  ( 0.9250948717855804748, 0.1483931844478050266, 0.7624999999999999556 ) ) ;
#1922 = LINE ( 'NONE', #219, #1885 ) ;
#1923 = ORIENTED_EDGE ( 'NONE', *, *, #1573, .F. ) ;
#1924 = DIRECTION ( 'NONE',  ( 0.000000000000000000, -0.9925461516413219831, -0.1218693434051477398 ) ) ;
#1925 = DIRECTION ( 'NONE',  ( -0.06975647374412508039, 0.9975640502598243087, 0.000000000000000000 ) ) ;
#1926 = DIRECTION ( 'NONE',  ( 0.000000000000000000, -0.000000000000000000, -1.000000000000000000 ) ) ;
#1927 = LINE ( 'NONE', #993, #865 ) ;
#1928 = ORIENTED_EDGE ( 'NONE', *, *, #2303, .F. ) ;
#1929 = ADVANCED_FACE ( 'NONE', ( #1732 ), #2255, .F. ) ;
#1930 = FACE_OUTER_BOUND ( 'NONE', #2152, .T. ) ;
#1931 = EDGE_LOOP ( 'NONE', ( #71, #1423, #2669, #2513 ) ) ;
#1932 = DIRECTION ( 'NONE',  ( -1.000000000000000000, 0.000000000000000000, 2.168404344971012319E-16 ) ) ;
#1933 = VECTOR ( 'NONE', #194, 1000.000000000000000 ) ;
#1934 = DIRECTION ( 'NONE',  ( -0.000000000000000000, -0.000000000000000000, -1.000000000000000000 ) ) ;
#1935 = VECTOR ( 'NONE', #2958, 1000.000000000000000 ) ;
#1936 = DIRECTION ( 'NONE',  ( -0.000000000000000000, 1.000000000000000000, -0.000000000000000000 ) ) ;
#1937 = ORIENTED_EDGE ( 'NONE', *, *, #2149, .T. ) ;
#1938 = CIRCLE ( 'NONE', #1035, 0.2287369850869420407 ) ;
#1939 = DIRECTION ( 'NONE',  ( 0.000000000000000000, -0.000000000000000000, -1.000000000000000000 ) ) ;
#1940 = MECHANICAL_DESIGN_GEOMETRIC_PRESENTATION_REPRESENTATION (  '', ( #1837 ), #641 ) ;
#1941 = CARTESIAN_POINT ( 'NONE',  ( 0.6250000000000005551, 0.6699999999999993738, 0.1124999999999999750 ) ) ;
#1942 = DIRECTION ( 'NONE',  ( 0.000000000000000000, 0.000000000000000000, 1.000000000000000000 ) ) ;
#1943 = AXIS2_PLACEMENT_3D ( 'NONE', #1353, #354, #629 ) ;
#1944 = EDGE_CURVE ( 'NONE', #2467, #1088, #652, .T. ) ;
#1945 = ORIENTED_EDGE ( 'NONE', *, *, #1367, .T. ) ;
#1946 = EDGE_CURVE ( 'NONE', #2030, #2279, #1745, .T. ) ;
#1947 = EDGE_CURVE ( 'NONE', #1061, #1610, #1652, .T. ) ;
#1948 = CIRCLE ( 'NONE', #950, 0.2287369850869420407 ) ;
#1949 = AXIS2_PLACEMENT_3D ( 'NONE', #481, #3013, #743 ) ;
#1950 = DIRECTION ( 'NONE',  ( 0.000000000000000000, -0.000000000000000000, -1.000000000000000000 ) ) ;
#1951 = CIRCLE ( 'NONE', #528, 0.08873698508694220777 ) ;
#1952 = EDGE_CURVE ( 'NONE', #2645, #157, #1737, .T. ) ;
#1953 = ADVANCED_FACE ( 'NONE', ( #621 ), #2801, .F. ) ;
#1954 = VERTEX_POINT ( 'NONE', #1331 ) ;
#1955 = CYLINDRICAL_SURFACE ( 'NONE', #2963, 0.1150000000000000883 ) ;
#1956 = DIRECTION ( 'NONE',  ( 0.000000000000000000, 1.000000000000000000, 0.000000000000000000 ) ) ;
#1957 = VECTOR ( 'NONE', #2767, 1000.000000000000114 ) ;
#1958 = ORIENTED_EDGE ( 'NONE', *, *, #3212, .F. ) ;
#1959 = ADVANCED_FACE ( 'NONE', ( #1764 ), #1695, .T. ) ;
#1960 = EDGE_CURVE ( 'NONE', #1056, #2694, #2836, .T. ) ;
#1961 = VECTOR ( 'NONE', #2931, 1000.000000000000000 ) ;
#1962 = LINE ( 'NONE', #572, #826 ) ;
#1963 = DIRECTION ( 'NONE',  ( -1.000000000000000000, 0.000000000000000000, 0.000000000000000000 ) ) ;
#1964 = ORIENTED_EDGE ( 'NONE', *, *, #2677, .T. ) ;
#1965 = PRESENTATION_STYLE_ASSIGNMENT (( #1078 ) ) ;
#1966 = LINE ( 'NONE', #554, #3056 ) ;
#1967 = PLANE ( 'NONE',  #1402 ) ;
#1968 = DIRECTION ( 'NONE',  ( -0.9975640502598241977, 0.06975647374412612123, 0.000000000000000000 ) ) ;
#1969 = CARTESIAN_POINT ( 'NONE',  ( 0.8533623551084500436, 0.4281770256120379092, -0.1124999999999999750 ) ) ;
#1970 = EDGE_LOOP ( 'NONE', ( #41, #2599, #1310, #2643, #2310, #710, #1025, #156, #2587, #3185, #1583, #3188 ) ) ;
#1971 = DIRECTION ( 'NONE',  ( -0.000000000000000000, 0.000000000000000000, 1.000000000000000000 ) ) ;
#1972 = LINE ( 'NONE', #3062, #1976 ) ;
#1973 = DIRECTION ( 'NONE',  ( -0.000000000000000000, -0.000000000000000000, -1.000000000000000000 ) ) ;
#1974 = FACE_OUTER_BOUND ( 'NONE', #2666, .T. ) ;
#1975 = ORIENTED_EDGE ( 'NONE', *, *, #2529, .T. ) ;
#1976 = VECTOR ( 'NONE', #94, 1000.000000000000000 ) ;
#1977 = CARTESIAN_POINT ( 'NONE',  ( 0.6249999999999983347, 0.5299999999999994715, -0.9999999999999956701 ) ) ;
#1978 = LINE ( 'NONE', #3103, #849 ) ;
#1979 = VERTEX_POINT ( 'NONE', #1392 ) ;
#1980 = VECTOR ( 'NONE', #1886, 1000.000000000000000 ) ;
#1981 = VECTOR ( 'NONE', #1789, 1000.000000000000000 ) ;
#1982 = EDGE_CURVE ( 'NONE', #1401, #97, #623, .T. ) ;
#1983 = EDGE_CURVE ( 'NONE', #925, #2030, #668, .T. ) ;
#1984 = FACE_OUTER_BOUND ( 'NONE', #3201, .T. ) ;
#1985 = AXIS2_PLACEMENT_3D ( 'NONE', #916, #697, #1178 ) ;
#1986 = ORIENTED_EDGE ( 'NONE', *, *, #1667, .T. ) ;
#1987 = VECTOR ( 'NONE', #2887, 1000.000000000000114 ) ;
#1988 = FACE_OUTER_BOUND ( 'NONE', #160, .T. ) ;
#1989 = CARTESIAN_POINT ( 'NONE',  ( -0.8533623551084500436, 0.4281770256120379092, 0.7624999999999999556 ) ) ;
#1990 = CARTESIAN_POINT ( 'NONE',  ( -0.9250948717855804748, 0.1483931844478050266, -0.5374999999999999778 ) ) ;
#1991 = CARTESIAN_POINT ( 'NONE',  ( 0.7135916498898298155, 0.4361863927961265319, 0.7624999999999999556 ) ) ;
#1992 = AXIS2_PLACEMENT_3D ( 'NONE', #129, #1073, #3011 ) ;
#1993 = EDGE_CURVE ( 'NONE', #2690, #387, #2707, .T. ) ;
#1994 = ORIENTED_EDGE ( 'NONE', *, *, #1946, .T. ) ;
#1995 = DIRECTION ( 'NONE',  ( -0.000000000000000000, -0.000000000000000000, -1.000000000000000000 ) ) ;
#1996 = VECTOR ( 'NONE', #1686, 1000.000000000000000 ) ;
#1997 = EDGE_CURVE ( 'NONE', #1102, #1418, #679, .T. ) ;
#1998 = LINE ( 'NONE', #1274, #3105 ) ;
#1999 = APPLICATION_PROTOCOL_DEFINITION ( 'draft international standard', 'automotive_design', 1998, #2044 ) ;
#2000 = VERTEX_POINT ( 'NONE', #370 ) ;
#2001 = FACE_OUTER_BOUND ( 'NONE', #886, .T. ) ;
#2002 = CARTESIAN_POINT ( 'NONE',  ( -0.6250000000000005551, 0.4412630149130573609, 0.1124999999999999750 ) ) ;
#2003 = LINE ( 'NONE', #2511, #1016 ) ;
#2004 = EDGE_CURVE ( 'NONE', #579, #1330, #1759, .T. ) ;
#2005 = ORIENTED_EDGE ( 'NONE', *, *, #678, .T. ) ;
#2006 = CARTESIAN_POINT ( 'NONE',  ( 0.8537369850869427346, 0.4412630149130573609, -0.5374999999999999778 ) ) ;
#2007 = FACE_OUTER_BOUND ( 'NONE', #1970, .T. ) ;
#2008 = CYLINDRICAL_SURFACE ( 'NONE', #3130, 0.08873698508694198572 ) ;
#2009 = ADVANCED_FACE ( 'NONE', ( #2848 ), #1670, .F. ) ;
#2010 = VERTEX_POINT ( 'NONE', #2088 ) ;
#2011 = DIRECTION ( 'NONE',  ( 0.000000000000000000, -0.000000000000000000, -1.000000000000000000 ) ) ;
#2012 = DIRECTION ( 'NONE',  ( 0.05720976560063394112, 0.9983621801330018197, 0.000000000000000000 ) ) ;
#2013 = DIRECTION ( 'NONE',  ( 0.05720976560063337213, -0.9983621801330019307, 0.000000000000000000 ) ) ;
#2014 = CIRCLE ( 'NONE', #2671, 0.2287369850869420407 ) ;
#2015 = ORIENTED_EDGE ( 'NONE', *, *, #2867, .T. ) ;
#2016 = CARTESIAN_POINT ( 'NONE',  ( -0.7135916498898298155, 0.4361863927961265319, 0.7624999999999999556 ) ) ;
#2017 = DIRECTION ( 'NONE',  ( 0.05720976560063394112, 0.9983621801330018197, 0.000000000000000000 ) ) ;
#2018 = DIRECTION ( 'NONE',  ( 0.000000000000000000, -0.000000000000000000, -1.000000000000000000 ) ) ;
#2019 = ORIENTED_EDGE ( 'NONE', *, *, #62, .F. ) ;
#2020 = DIRECTION ( 'NONE',  ( -0.05720976560063337213, -0.9983621801330019307, 0.000000000000000000 ) ) ;
#2021 = LINE ( 'NONE', #2399, #966 ) ;
#2022 = AXIS2_PLACEMENT_3D ( 'NONE', #2852, #839, #3100 ) ;
#2023 = EDGE_CURVE ( 'NONE', #1041, #3068, #700, .T. ) ;
#2024 = ORIENTED_EDGE ( 'NONE', *, *, #312, .F. ) ;
#2025 = DIRECTION ( 'NONE',  ( -0.9975640502598243087, 0.06975647374412508039, 0.000000000000000000 ) ) ;
#2026 = EDGE_CURVE ( 'NONE', #93, #2221, #1771, .T. ) ;
#2027 = AXIS2_PLACEMENT_3D ( 'NONE', #768, #1273, #3021 ) ;
#2028 = LINE ( 'NONE', #971, #3113 ) ;
#2029 = CARTESIAN_POINT ( 'NONE',  ( -0.3450000000000005285, 1.050000000000000711, -0.8349999999999956346 ) ) ;
#2030 = VERTEX_POINT ( 'NONE', #120 ) ;
#2031 = VERTEX_POINT ( 'NONE', #883 ) ;
#2032 = DIRECTION ( 'NONE',  ( 0.000000000000000000, -0.000000000000000000, -1.000000000000000000 ) ) ;
#2033 = EDGE_CURVE ( 'NONE', #2236, #2198, #552, .T. ) ;
#2034 = CARTESIAN_POINT ( 'NONE',  ( 0.6250000000000005551, 0.4412630149130573609, 0.7624999999999999556 ) ) ;
#2035 = CARTESIAN_POINT ( 'NONE',  ( -0.8533623551084500436, 0.4281770256120379092, 0.1124999999999999750 ) ) ;
#2036 = MECHANICAL_DESIGN_GEOMETRIC_PRESENTATION_REPRESENTATION (  '', ( #955 ), #2586 ) ;
#2037 = LINE ( 'NONE', #55, #1022 ) ;
#2038 = ADVANCED_FACE ( 'NONE', ( #1630 ), #1348, .F. ) ;
#2039 = CARTESIAN_POINT ( 'NONE',  ( -0.7137369850869427212, 0.4412630149130573609, -0.1124999999999999750 ) ) ;
#2040 = ORIENTED_EDGE ( 'NONE', *, *, #2928, .F. ) ;
#2041 = CARTESIAN_POINT ( 'NONE',  ( 0.6250000000000005551, 0.4412630149130573609, 0.1124999999999999750 ) ) ;
#2042 = DIRECTION ( 'NONE',  ( 0.000000000000000000, -0.000000000000000000, -1.000000000000000000 ) ) ;
#2043 = CYLINDRICAL_SURFACE ( 'NONE', #1481, 0.2287369850869420407 ) ;
#2044 = APPLICATION_CONTEXT ( 'automotive_design' ) ;
#2045 = ORIENTED_EDGE ( 'NONE', *, *, #1997, .T. ) ;
#2046 = EDGE_LOOP ( 'NONE', ( #1014, #1184, #2457, #1986 ) ) ;
#2047 = EDGE_CURVE ( 'NONE', #67, #1230, #2874, .T. ) ;
#2048 = PLANE ( 'NONE',  #197 ) ;
#2049 = PRESENTATION_STYLE_ASSIGNMENT (( #1234 ) ) ;
#2050 = ORIENTED_EDGE ( 'NONE', *, *, #1843, .T. ) ;
#2051 = DIRECTION ( 'NONE',  ( 1.000000000000000000, 0.000000000000000000, 0.000000000000000000 ) ) ;
#2052 = ORIENTED_EDGE ( 'NONE', *, *, #163, .F. ) ;
#2053 = FACE_OUTER_BOUND ( 'NONE', #1137, .T. ) ;
#2054 = CARTESIAN_POINT ( 'NONE',  ( 0.6249999999999987788, 0.5299999999999994715, 1.000000000000000888 ) ) ;
#2055 = ORIENTED_EDGE ( 'NONE', *, *, #62, .T. ) ;
#2056 = ORIENTED_EDGE ( 'NONE', *, *, #1544, .T. ) ;
#2057 = ORIENTED_EDGE ( 'NONE', *, *, #5, .T. ) ;
#2058 = DIRECTION ( 'NONE',  ( -0.06975647374412508039, -0.9975640502598243087, 0.000000000000000000 ) ) ;
#2059 = CARTESIAN_POINT ( 'NONE',  ( -0.8533623551084500436, 0.4281770256120379092, -0.5374999999999999778 ) ) ;
#2060 = LINE ( 'NONE', #1676, #3173 ) ;
#2061 = ORIENTED_EDGE ( 'NONE', *, *, #1689, .T. ) ;
#2062 = LINE ( 'NONE', #2610, #1987 ) ;
#2063 = ORIENTED_EDGE ( 'NONE', *, *, #1369, .F. ) ;
#2064 = EDGE_CURVE ( 'NONE', #2120, #1086, #1855, .T. ) ;
#2065 = ADVANCED_FACE ( 'NONE', ( #711 ), #3161, .F. ) ;
#2066 = AXIS2_PLACEMENT_3D ( 'NONE', #512, #2491, #2991 ) ;
#2067 = VERTEX_POINT ( 'NONE', #2006 ) ;
#2068 = ORIENTED_EDGE ( 'NONE', *, *, #3141, .T. ) ;
#2069 = AXIS2_PLACEMENT_3D ( 'NONE', #1685, #1934, #1713 ) ;
#2070 = DIRECTION ( 'NONE',  ( -0.000000000000000000, -0.000000000000000000, -1.000000000000000000 ) ) ;
#2071 = DIRECTION ( 'NONE',  ( -0.000000000000000000, -0.000000000000000000, -1.000000000000000000 ) ) ;
#2072 = DIRECTION ( 'NONE',  ( -0.000000000000000000, -0.000000000000000000, -1.000000000000000000 ) ) ;
#2073 = FACE_OUTER_BOUND ( 'NONE', #1094, .T. ) ;
#2074 = EDGE_LOOP ( 'NONE', ( #8, #3077, #2480, #1301 ) ) ;
#2075 = DIRECTION ( 'NONE',  ( 1.000000000000000000, 0.000000000000000000, 0.000000000000000000 ) ) ;
#2076 = ORIENTED_EDGE ( 'NONE', *, *, #1417, .T. ) ;
#2077 = CARTESIAN_POINT ( 'NONE',  ( -0.3450000000000005285, 1.100000000000000755, -0.7199999999999956435 ) ) ;
#2078 = COLOUR_RGB ( '',0.8000000000000000444, 0.8196078431372548767, 0.9333333333333333481 ) ;
#2079 = CARTESIAN_POINT ( 'NONE',  ( -0.3450000000000005285, 1.050000000000000711, -0.6049999999999955413 ) ) ;
#2080 = ORIENTED_EDGE ( 'NONE', *, *, #2772, .T. ) ;
#2081 = CARTESIAN_POINT ( 'NONE',  ( -0.8537369850869427346, 0.4412630149130573609, -0.7624999999999999556 ) ) ;
#2082 = ORIENTED_EDGE ( 'NONE', *, *, #840, .T. ) ;
#2083 = DIRECTION ( 'NONE',  ( 0.000000000000000000, 0.000000000000000000, 1.000000000000000000 ) ) ;
#2084 = DIRECTION ( 'NONE',  ( 0.000000000000000000, -0.000000000000000000, -1.000000000000000000 ) ) ;
#2085 = ORIENTED_EDGE ( 'NONE', *, *, #829, .F. ) ;
#2086 = ORIENTED_EDGE ( 'NONE', *, *, #3016, .T. ) ;
#2087 = CYLINDRICAL_SURFACE ( 'NONE', #2196, 0.2287369850869419297 ) ;
#2088 = CARTESIAN_POINT ( 'NONE',  ( 0.8533623551084500436, 0.4281770256120379092, -0.1124999999999999750 ) ) ;
#2089 = ORIENTED_EDGE ( 'NONE', *, *, #2825, .F. ) ;
#2090 = EDGE_LOOP ( 'NONE', ( #1240, #1040, #6, #2139 ) ) ;
#2091 = CARTESIAN_POINT ( 'NONE',  ( 0.7137369850869427212, 0.4412630149130573609, 0.7624999999999999556 ) ) ;
#2092 = DIRECTION ( 'NONE',  ( -1.000000000000000000, 0.000000000000000000, 0.000000000000000000 ) ) ;
#2093 = LINE ( 'NONE', #2976, #3162 ) ;
#2094 = ADVANCED_FACE ( 'NONE', ( #780 ), #234, .F. ) ;
#2095 = ORIENTED_EDGE ( 'NONE', *, *, #2404, .F. ) ;
#2096 = CARTESIAN_POINT ( 'NONE',  ( -0.6250000000000005551, 0.5299999999999994715, -0.9999999999999956701 ) ) ;
#2097 = ORIENTED_EDGE ( 'NONE', *, *, #1944, .T. ) ;
#2098 = CARTESIAN_POINT ( 'NONE',  ( 0.7135916498898298155, 0.4361863927961265319, -0.7624999999999999556 ) ) ;
#2099 = LINE ( 'NONE', #2441, #1057 ) ;
#2100 = ORIENTED_EDGE ( 'NONE', *, *, #1818, .F. ) ;
#2101 = DIRECTION ( 'NONE',  ( -1.000000000000000000, 0.000000000000000000, 0.000000000000000000 ) ) ;
#2102 = ORIENTED_EDGE ( 'NONE', *, *, #476, .T. ) ;
#2103 = FILL_AREA_STYLE ('',( #3087 ) ) ;
#2104 = EDGE_LOOP ( 'NONE', ( #2102, #1199, #1229, #1549 ) ) ;
#2105 = ORIENTED_EDGE ( 'NONE', *, *, #352, .T. ) ;
#2106 = ORIENTED_EDGE ( 'NONE', *, *, #1171, .F. ) ;
#2107 = STYLED_ITEM ( 'NONE', ( #2049 ), #2685 ) ;
#2108 = DIRECTION ( 'NONE',  ( 0.9975640502598241977, -0.06975647374412617674, 0.000000000000000000 ) ) ;
#2109 = AXIS2_PLACEMENT_3D ( 'NONE', #888, #2315, #1153 ) ;
#2110 = ORIENTED_EDGE ( 'NONE', *, *, #388, .F. ) ;
#2111 = ORIENTED_EDGE ( 'NONE', *, *, #904, .T. ) ;
#2112 = AXIS2_PLACEMENT_3D ( 'NONE', #2035, #1079, #1570 ) ;
#2113 = CARTESIAN_POINT ( 'NONE',  ( 0.6250000000000005551, 0.5299999999999994715, 0.1124999999999999750 ) ) ;
#2114 = EDGE_CURVE ( 'NONE', #2240, #2228, #1791, .T. ) ;
#2115 = CARTESIAN_POINT ( 'NONE',  ( 0.6250000000000005551, 0.5299999999999994715, -0.7624999999999999556 ) ) ;
#2116 = AXIS2_PLACEMENT_3D ( 'NONE', #2970, #1792, #33 ) ;
#2117 = CARTESIAN_POINT ( 'NONE',  ( 0.9312848509559306098, 0.2369140106989805761, -0.1124999999999999750 ) ) ;
#2118 = EDGE_CURVE ( 'NONE', #2431, #2000, #2934, .T. ) ;
#2119 = ORIENTED_EDGE ( 'NONE', *, *, #1398, .F. ) ;
#2120 = VERTEX_POINT ( 'NONE', #2946 ) ;
#2121 = DIRECTION ( 'NONE',  ( 0.000000000000000000, -0.000000000000000000, -1.000000000000000000 ) ) ;
#2122 = ORIENTED_EDGE ( 'NONE', *, *, #319, .T. ) ;
#2123 = DIRECTION ( 'NONE',  ( -0.000000000000000000, -0.000000000000000000, -1.000000000000000000 ) ) ;
#2124 = ADVANCED_FACE ( 'NONE', ( #1774 ), #788, .T. ) ;
#2125 = DIRECTION ( 'NONE',  ( -0.000000000000000000, 1.000000000000000000, -0.000000000000000000 ) ) ;
#2126 = VERTEX_POINT ( 'NONE', #1200 ) ;
#2127 = CARTESIAN_POINT ( 'NONE',  ( -0.6250000000000005551, 0.6699999999999993738, 0.1124999999999999750 ) ) ;
#2128 = VERTEX_POINT ( 'NONE', #737 ) ;
#2129 = CIRCLE ( 'NONE', #1949, 0.08873698508694220777 ) ;
#2130 = EDGE_CURVE ( 'NONE', #172, #1401, #1804, .T. ) ;
#2131 = SURFACE_SIDE_STYLE ('',( #900 ) ) ;
#2132 = ORIENTED_EDGE ( 'NONE', *, *, #954, .T. ) ;
#2133 = ORIENTED_EDGE ( 'NONE', *, *, #581, .F. ) ;
#2134 = VERTEX_POINT ( 'NONE', #499 ) ;
#2135 = ORIENTED_EDGE ( 'NONE', *, *, #2064, .F. ) ;
#2136 = ORIENTED_EDGE ( 'NONE', *, *, #486, .F. ) ;
#2137 = CARTESIAN_POINT ( 'NONE',  ( 0.7135916498898298155, 0.4361863927961265319, -0.5374999999999999778 ) ) ;
#2138 = DIRECTION ( 'NONE',  ( -0.000000000000000000, -0.000000000000000000, -1.000000000000000000 ) ) ;
#2139 = ORIENTED_EDGE ( 'NONE', *, *, #864, .T. ) ;
#2140 = VERTEX_POINT ( 'NONE', #2220 ) ;
#2141 = DIRECTION ( 'NONE',  ( 1.000000000000000000, 0.000000000000000000, 0.000000000000000000 ) ) ;
#2142 = ORIENTED_EDGE ( 'NONE', *, *, #1874, .F. ) ;
#2143 = CIRCLE ( 'NONE', #2805, 0.2287369850869419297 ) ;
#2144 = CARTESIAN_POINT ( 'NONE',  ( 0.6250000000000005551, 0.5299999999999994715, -0.5374999999999999778 ) ) ;
#2145 = ORIENTED_EDGE ( 'NONE', *, *, #2719, .F. ) ;
#2146 = DIRECTION ( 'NONE',  ( 0.000000000000000000, -0.000000000000000000, 1.000000000000000000 ) ) ;
#2147 = ORIENTED_EDGE ( 'NONE', *, *, #244, .F. ) ;
#2148 = DIRECTION ( 'NONE',  ( 0.000000000000000000, 1.000000000000000000, 0.000000000000000000 ) ) ;
#2149 = EDGE_CURVE ( 'NONE', #17, #291, #1783, .T. ) ;
#2150 = ADVANCED_FACE ( 'NONE', ( #754 ), #1485, .T. ) ;
#2151 = ORIENTED_EDGE ( 'NONE', *, *, #821, .T. ) ;
#2152 = EDGE_LOOP ( 'NONE', ( #2472, #1355, #2204, #1176 ) ) ;
#2153 = AXIS2_PLACEMENT_3D ( 'NONE', #1651, #2672, #857 ) ;
#2154 = ORIENTED_EDGE ( 'NONE', *, *, #2456, .T. ) ;
#2155 = MANIFOLD_SOLID_BREP ( 'Boss-Extrude6', #82 ) ;
#2156 = DIRECTION ( 'NONE',  ( -0.000000000000000000, 0.000000000000000000, 1.000000000000000000 ) ) ;
#2157 = EDGE_CURVE ( 'NONE', #1146, #1011, #2897, .T. ) ;
#2158 = EDGE_CURVE ( 'NONE', #2140, #2134, #2908, .T. ) ;
#2159 = VERTEX_POINT ( 'NONE', #1005 ) ;
#2160 = ORIENTED_EDGE ( 'NONE', *, *, #2130, .F. ) ;
#2161 = CARTESIAN_POINT ( 'NONE',  ( -0.9250948717855804748, 0.1483931844478049711, 0.5374999999999999778 ) ) ;
#2162 = CARTESIAN_POINT ( 'NONE',  ( -0.7135916498898298155, 0.4361863927961265319, -0.5374999999999999778 ) ) ;
#2163 = DIRECTION ( 'NONE',  ( -0.000000000000000000, -0.000000000000000000, -1.000000000000000000 ) ) ;
#2164 = VECTOR ( 'NONE', #375, 1000.000000000000000 ) ;
#2165 = ORIENTED_EDGE ( 'NONE', *, *, #2158, .T. ) ;
#2166 = PLANE ( 'NONE',  #575 ) ;
#2167 = ORIENTED_EDGE ( 'NONE', *, *, #68, .F. ) ;
#2168 = EDGE_CURVE ( 'NONE', #473, #1615, #1860, .T. ) ;
#2169 = CARTESIAN_POINT ( 'NONE',  ( -1.049999999999999378, 0.1396589670363751479, -0.5374999999999999778 ) ) ;
#2170 = EDGE_LOOP ( 'NONE', ( #3206, #846, #154, #448, #1217, #3031, #1333, #3205, #72, #2589, #224, #3106 ) ) ;
#2171 = DIRECTION ( 'NONE',  ( -0.000000000000000000, 1.000000000000000000, 0.000000000000000000 ) ) ;
#2172 = ORIENTED_EDGE ( 'NONE', *, *, #104, .T. ) ;
#2173 = PLANE ( 'NONE',  #761 ) ;
#2174 = VECTOR ( 'NONE', #2351, 1000.000000000000114 ) ;
#2175 = ORIENTED_EDGE ( 'NONE', *, *, #1111, .T. ) ;
#2176 = ORIENTED_EDGE ( 'NONE', *, *, #68, .T. ) ;
#2177 = ADVANCED_FACE ( 'NONE', ( #730 ), #2258, .F. ) ;
#2178 = LINE ( 'NONE', #2248, #2184 ) ;
#2179 = ORIENTED_EDGE ( 'NONE', *, *, #1131, .T. ) ;
#2180 = SHAPE_DEFINITION_REPRESENTATION ( #707, #1067 ) ;
#2181 = EDGE_LOOP ( 'NONE', ( #311, #1709, #627, #691 ) ) ;
#2182 = DIRECTION ( 'NONE',  ( 0.000000000000000000, -0.000000000000000000, -1.000000000000000000 ) ) ;
#2183 = CARTESIAN_POINT ( 'NONE',  ( -0.9312848509559306098, 0.2369140106989805761, 0.7624999999999999556 ) ) ;
#2184 = VECTOR ( 'NONE', #1968, 1000.000000000000114 ) ;
#2185 = ORIENTED_EDGE ( 'NONE', *, *, #2114, .T. ) ;
#2186 = CARTESIAN_POINT ( 'NONE',  ( 1.040234093675821869, -1.291323651961581360E-16, -0.1124999999999999750 ) ) ;
#2187 = VERTEX_POINT ( 'NONE', #2242 ) ;
#2188 = CARTESIAN_POINT ( 'NONE',  ( -0.8537369850869427346, 0.4412630149130573609, 0.1124999999999999750 ) ) ;
#2189 = AXIS2_PLACEMENT_3D ( 'NONE', #1842, #1106, #421 ) ;
#2190 = PLANE ( 'NONE',  #1254 ) ;
#2191 = PRESENTATION_STYLE_ASSIGNMENT (( #1680 ) ) ;
#2192 = ORIENTED_EDGE ( 'NONE', *, *, #1993, .F. ) ;
#2193 = CARTESIAN_POINT ( 'NONE',  ( -0.6250000000000005551, 1.100000000000000755, 0.9472026388117515960 ) ) ;
#2194 = ORIENTED_EDGE ( 'NONE', *, *, #610, .T. ) ;
#2195 = CARTESIAN_POINT ( 'NONE',  ( -0.6250000000000005551, 0.4412630149130573609, -0.5374999999999999778 ) ) ;
#2196 = AXIS2_PLACEMENT_3D ( 'NONE', #2689, #769, #704 ) ;
#2197 = SURFACE_STYLE_FILL_AREA ( #3107 ) ;
#2198 = VERTEX_POINT ( 'NONE', #2478 ) ;
#2199 = ORIENTED_EDGE ( 'NONE', *, *, #3051, .T. ) ;
#2200 = AXIS2_PLACEMENT_3D ( 'NONE', #2830, #1790, #2607 ) ;
#2201 = AXIS2_PLACEMENT_3D ( 'NONE', #2813, #1445, #51 ) ;
#2202 = FILL_AREA_STYLE_COLOUR ( '', #2880 ) ;
#2203 = VERTEX_POINT ( 'NONE', #2982 ) ;
#2204 = ORIENTED_EDGE ( 'NONE', *, *, #1582, .T. ) ;
#2205 = DIRECTION ( 'NONE',  ( -0.000000000000000000, -0.000000000000000000, -1.000000000000000000 ) ) ;
#2206 = CARTESIAN_POINT ( 'NONE',  ( 0.8533623551084500436, 0.4281770256120379092, -0.5374999999999999778 ) ) ;
#2207 = ADVANCED_FACE ( 'NONE', ( #706 ), #2856, .T. ) ;
#2208 = ORIENTED_EDGE ( 'NONE', *, *, #2243, .F. ) ;
#2209 = DIRECTION ( 'NONE',  ( -0.000000000000000000, -1.000000000000000000, -0.000000000000000000 ) ) ;
#2210 = EDGE_LOOP ( 'NONE', ( #1918, #1143 ) ) ;
#2211 = DIRECTION ( 'NONE',  ( 0.000000000000000000, 0.000000000000000000, 1.000000000000000000 ) ) ;
#2212 = CARTESIAN_POINT ( 'NONE',  ( -0.8533623551084500436, 0.4281770256120379092, -0.7624999999999999556 ) ) ;
#2213 = EDGE_CURVE ( 'NONE', #2477, #2486, #717, .T. ) ;
#2214 = ORIENTED_EDGE ( 'NONE', *, *, #2372, .F. ) ;
#2215 = DIRECTION ( 'NONE',  ( -0.000000000000000000, -0.000000000000000000, -1.000000000000000000 ) ) ;
#2216 = EDGE_LOOP ( 'NONE', ( #1253, #266, #603, #1263, #2175, #2337, #1646, #2165, #2132, #2777, #1309, #237 ) ) ;
#2217 = CIRCLE ( 'NONE', #202, 0.08873698508694198572 ) ;
#2218 = VERTEX_POINT ( 'NONE', #845 ) ;
#2219 = ORIENTED_EDGE ( 'NONE', *, *, #1256, .F. ) ;
#2220 = CARTESIAN_POINT ( 'NONE',  ( 0.9250948717855804748, 0.1483931844478050266, 0.5374999999999999778 ) ) ;
#2221 = VERTEX_POINT ( 'NONE', #1339 ) ;
#2222 = ORIENTED_EDGE ( 'NONE', *, *, #3168, .F. ) ;
#2223 = CARTESIAN_POINT ( 'NONE',  ( 0.8537369850869427346, 0.4412630149130573609, -0.1124999999999999750 ) ) ;
#2224 = EDGE_CURVE ( 'NONE', #470, #2128, #2864, .T. ) ;
#2225 = ORIENTED_EDGE ( 'NONE', *, *, #571, .F. ) ;
#2226 = CARTESIAN_POINT ( 'NONE',  ( -0.9153289654614029658, 0.008734217411429694850, 0.1124999999999999750 ) ) ;
#2227 = AXIS2_PLACEMENT_3D ( 'NONE', #2377, #2952, #2141 ) ;
#2228 = VERTEX_POINT ( 'NONE', #655 ) ;
#2229 = CARTESIAN_POINT ( 'NONE',  ( 0.6250000000000005551, 0.4412630149130573609, 0.7624999999999999556 ) ) ;
#2230 = DIRECTION ( 'NONE',  ( -0.05720976560063337213, -0.9983621801330019307, 0.000000000000000000 ) ) ;
#2231 =( GEOMETRIC_REPRESENTATION_CONTEXT ( 3 ) GLOBAL_UNCERTAINTY_ASSIGNED_CONTEXT ( ( #2319 ) ) GLOBAL_UNIT_ASSIGNED_CONTEXT ( ( #2606, #636, #1903 ) ) REPRESENTATION_CONTEXT ( 'NONE', 'WORKASPACE' ) );
#2232 = EDGE_CURVE ( 'NONE', #2486, #146, #1826, .T. ) ;
#2233 = ADVANCED_FACE ( 'NONE', ( #785 ), #735, .F. ) ;
#2234 = CARTESIAN_POINT ( 'NONE',  ( 1.049999999999999378, 0.1396589670363751479, -0.7624999999999999556 ) ) ;
#2235 = ORIENTED_EDGE ( 'NONE', *, *, #2232, .F. ) ;
#2236 = VERTEX_POINT ( 'NONE', #2318 ) ;
#2237 = DIRECTION ( 'NONE',  ( 0.000000000000000000, -0.000000000000000000, -1.000000000000000000 ) ) ;
#2238 = VECTOR ( 'NONE', #2703, 1000.000000000000000 ) ;
#2239 = ORIENTED_EDGE ( 'NONE', *, *, #3004, .F. ) ;
#2240 = VERTEX_POINT ( 'NONE', #1787 ) ;
#2241 = DIRECTION ( 'NONE',  ( 1.000000000000000000, 0.000000000000000000, -0.000000000000000000 ) ) ;
#2242 = CARTESIAN_POINT ( 'NONE',  ( -0.7135916498898298155, 0.4361863927961265319, 0.1124999999999999750 ) ) ;
#2243 = EDGE_CURVE ( 'NONE', #1019, #2559, #2911, .T. ) ;
#2244 = ORIENTED_EDGE ( 'NONE', *, *, #363, .T. ) ;
#2245 = ORIENTED_EDGE ( 'NONE', *, *, #2047, .T. ) ;
#2246 = VERTEX_POINT ( 'NONE', #892 ) ;
#2247 = DIRECTION ( 'NONE',  ( 0.000000000000000000, -0.000000000000000000, -1.000000000000000000 ) ) ;
#2248 = CARTESIAN_POINT ( 'NONE',  ( 0.9153289654614029658, 0.008734217411429694850, -0.5374999999999999778 ) ) ;
#2249 = CARTESIAN_POINT ( 'NONE',  ( 0.6250000000000005551, 0.5299999999999994715, 0.1124999999999999750 ) ) ;
#2250 = ADVANCED_FACE ( 'NONE', ( #801 ), #125, .T. ) ;
#2251 = UNCERTAINTY_MEASURE_WITH_UNIT (LENGTH_MEASURE( 1.000000000000000082E-05 ), #1757, 'distance_accuracy_value', 'NONE');
#2252 = CARTESIAN_POINT ( 'NONE',  ( -0.3450000000000005285, 1.050000000000000711, -0.7199999999999956435 ) ) ;
#2253 = CYLINDRICAL_SURFACE ( 'NONE', #1264, 0.08873698508694198572 ) ;
#2254 = ORIENTED_EDGE ( 'NONE', *, *, #2023, .F. ) ;
#2255 = PLANE ( 'NONE',  #2027 ) ;
#2256 = ORIENTED_EDGE ( 'NONE', *, *, #571, .T. ) ;
#2257 = DIRECTION ( 'NONE',  ( -0.9975640502598241977, 0.06975647374412617674, 0.000000000000000000 ) ) ;
#2258 = PLANE ( 'NONE',  #1626 ) ;
#2259 = LINE ( 'NONE', #1175, #2238 ) ;
#2260 = CLOSED_SHELL ( 'NONE', ( #2556, #2177, #295, #2863, #1880, #2793, #190, #1811, #653, #1148, #2250, #1902, #1648, #2150, #1126, #1332, #397 ) ) ;
#2261 = AXIS2_PLACEMENT_3D ( 'NONE', #2440, #742, #981 ) ;
#2262 = CARTESIAN_POINT ( 'NONE',  ( -0.9250948717855804748, 0.1483931844478050266, 0.1124999999999999750 ) ) ;
#2263 = AXIS2_PLACEMENT_3D ( 'NONE', #1876, #2650, #3140 ) ;
#2264 = VERTEX_POINT ( 'NONE', #2569 ) ;
#2265 = DIRECTION ( 'NONE',  ( -1.000000000000000000, -0.000000000000000000, -0.000000000000000000 ) ) ;
#2266 = AXIS2_PLACEMENT_3D ( 'NONE', #598, #2339, #1140 ) ;
#2267 = DIRECTION ( 'NONE',  ( -0.9983621801330019307, -0.05720976560063395500, 0.000000000000000000 ) ) ;
#2268 = ORIENTED_EDGE ( 'NONE', *, *, #2795, .F. ) ;
#2269 = DIRECTION ( 'NONE',  ( 0.000000000000000000, 0.1218693434051477398, 0.9925461516413219831 ) ) ;
#2270 = AXIS2_PLACEMENT_3D ( 'NONE', #1781, #2799, #1261 ) ;
#2271 = DIRECTION ( 'NONE',  ( -0.9975640502598241977, 0.06975647374412612123, 0.000000000000000000 ) ) ;
#2272 = DIRECTION ( 'NONE',  ( 1.000000000000000000, 0.000000000000000000, 0.000000000000000000 ) ) ;
#2273 = ADVANCED_FACE ( 'NONE', ( #1799 ), #1814, .T. ) ;
#2274 = ORIENTED_EDGE ( 'NONE', *, *, #2224, .F. ) ;
#2275 = EDGE_CURVE ( 'NONE', #456, #2690, #1820, .T. ) ;
#2276 = DIRECTION ( 'NONE',  ( 0.06975647374412508039, 0.9975640502598243087, 0.000000000000000000 ) ) ;
#2277 = ORIENTED_EDGE ( 'NONE', *, *, #2582, .T. ) ;
#2278 = CARTESIAN_POINT ( 'NONE',  ( -0.6250000000000005551, 0.6699999999999993738, 0.7624999999999999556 ) ) ;
#2279 = VERTEX_POINT ( 'NONE', #1278 ) ;
#2280 = DIRECTION ( 'NONE',  ( -0.000000000000000000, -0.000000000000000000, -1.000000000000000000 ) ) ;
#2281 = FILL_AREA_STYLE ('',( #1599 ) ) ;
#2282 = VERTEX_POINT ( 'NONE', #1534 ) ;
#2283 = CARTESIAN_POINT ( 'NONE',  ( -0.9312848509559306098, 0.2369140106989806038, -0.5374999999999999778 ) ) ;
#2284 = ORIENTED_EDGE ( 'NONE', *, *, #745, .F. ) ;
#2285 = CARTESIAN_POINT ( 'NONE',  ( -0.6250000000000005551, 0.6699999999999993738, -0.9999999999999956701 ) ) ;
#2286 = ORIENTED_EDGE ( 'NONE', *, *, #2449, .T. ) ;
#2287 = ORIENTED_EDGE ( 'NONE', *, *, #245, .F. ) ;
#2288 = CARTESIAN_POINT ( 'NONE',  ( -0.6250000000000005551, 0.4412630149130573609, -0.7624999999999999556 ) ) ;
#2289 = EDGE_LOOP ( 'NONE', ( #2567, #2549, #2160, #2313 ) ) ;
#2290 = DIRECTION ( 'NONE',  ( 1.000000000000000000, 0.000000000000000000, 0.000000000000000000 ) ) ;
#2291 = AXIS2_PLACEMENT_3D ( 'NONE', #1819, #1063, #1457 ) ;
#2292 = ADVANCED_FACE ( 'NONE', ( #757 ), #301, .F. ) ;
#2293 = EDGE_CURVE ( 'NONE', #2030, #1979, #1830, .T. ) ;
#2294 = CARTESIAN_POINT ( 'NONE',  ( 0.6250000000000005551, 0.4412630149130573609, 0.7624999999999999556 ) ) ;
#2295 = EDGE_CURVE ( 'NONE', #147, #3209, #1836, .T. ) ;
#2296 = CARTESIAN_POINT ( 'NONE',  ( 0.7135916498898298155, 0.4361863927961265319, 0.7624999999999999556 ) ) ;
#2297 = ORIENTED_EDGE ( 'NONE', *, *, #2130, .T. ) ;
#2298 = AXIS2_PLACEMENT_3D ( 'NONE', #298, #2541, #2820 ) ;
#2299 = ORIENTED_EDGE ( 'NONE', *, *, #3165, .T. ) ;
#2300 = CARTESIAN_POINT ( 'NONE',  ( -0.3450000000000005285, 1.050000000000000711, -0.7199999999999956435 ) ) ;
#2301 = DIRECTION ( 'NONE',  ( -0.000000000000000000, -0.000000000000000000, -1.000000000000000000 ) ) ;
#2302 = ADVANCED_FACE ( 'NONE', ( #774 ), #1882, .F. ) ;
#2303 = EDGE_CURVE ( 'NONE', #2128, #1954, #880, .T. ) ;
#2304 = EDGE_LOOP ( 'NONE', ( #3155, #186, #1636, #2392 ) ) ;
#2305 = EDGE_CURVE ( 'NONE', #2645, #2431, #1962, .T. ) ;
#2306 =( LENGTH_UNIT ( ) NAMED_UNIT ( * ) SI_UNIT ( .MILLI., .METRE. ) );
#2307 = CARTESIAN_POINT ( 'NONE',  ( -0.8533623551084500436, 0.4281770256120379092, 0.5374999999999999778 ) ) ;
#2308 = AXIS2_PLACEMENT_3D ( 'NONE', #568, #2072, #1065 ) ;
#2309 = ORIENTED_EDGE ( 'NONE', *, *, #1852, .F. ) ;
#2310 = ORIENTED_EDGE ( 'NONE', *, *, #2243, .T. ) ;
#2311 = ORIENTED_EDGE ( 'NONE', *, *, #3121, .T. ) ;
#2312 = DIRECTION ( 'NONE',  ( -0.000000000000000000, -0.000000000000000000, -1.000000000000000000 ) ) ;
#2313 = ORIENTED_EDGE ( 'NONE', *, *, #486, .T. ) ;
#2314 = EDGE_CURVE ( 'NONE', #157, #1076, #1951, .T. ) ;
#2315 = DIRECTION ( 'NONE',  ( -0.000000000000000000, -0.000000000000000000, -1.000000000000000000 ) ) ;
#2316 = VERTEX_POINT ( 'NONE', #1299 ) ;
#2317 = DIRECTION ( 'NONE',  ( -1.000000000000000000, 0.000000000000000000, 0.000000000000000000 ) ) ;
#2318 = CARTESIAN_POINT ( 'NONE',  ( -0.8426932010661015715, 0.2419906328159113773, -0.7624999999999999556 ) ) ;
#2319 = UNCERTAINTY_MEASURE_WITH_UNIT (LENGTH_MEASURE( 1.000000000000000082E-05 ), #2606, 'distance_accuracy_value', 'NONE');
#2320 = ORIENTED_EDGE ( 'NONE', *, *, #2425, .F. ) ;
#2321 = PLANE ( 'NONE',  #608 ) ;
#2322 = CARTESIAN_POINT ( 'NONE',  ( -0.6250000000000005551, 0.4412630149130573609, -0.5374999999999999778 ) ) ;
#2323 = SURFACE_STYLE_USAGE ( .BOTH. , #96 ) ;
#2324 = ORIENTED_EDGE ( 'NONE', *, *, #3004, .T. ) ;
#2325 = PRODUCT_DEFINITION_CONTEXT ( 'detailed design', #2044, 'design' ) ;
#2326 = PRESENTATION_STYLE_ASSIGNMENT (( #2680 ) ) ;
#2327 = ORIENTED_EDGE ( 'NONE', *, *, #647, .F. ) ;
#2328 = CARTESIAN_POINT ( 'NONE',  ( 0.6250000000000005551, 0.4412630149130573609, 0.1124999999999999750 ) ) ;
#2329 = AXIS2_PLACEMENT_3D ( 'NONE', #128, #2338, #1867 ) ;
#2330 = CARTESIAN_POINT ( 'NONE',  ( 0.7137369850869427212, 0.4412630149130573609, 0.7624999999999999556 ) ) ;
#2331 = CARTESIAN_POINT ( 'NONE',  ( 0.6250000000000005551, 0.4412630149130573609, -0.1124999999999999750 ) ) ;
#2332 = EDGE_LOOP ( 'NONE', ( #212, #1155, #2651, #3159 ) ) ;
#2333 = EDGE_CURVE ( 'NONE', #1133, #2766, #1978, .T. ) ;
#2334 = DIRECTION ( 'NONE',  ( -1.000000000000000000, 0.000000000000000000, 0.000000000000000000 ) ) ;
#2335 = DIRECTION ( 'NONE',  ( 0.000000000000000000, 1.000000000000000000, 0.000000000000000000 ) ) ;
#2336 = FACE_OUTER_BOUND ( 'NONE', #546, .T. ) ;
#2337 = ORIENTED_EDGE ( 'NONE', *, *, #542, .T. ) ;
#2338 = DIRECTION ( 'NONE',  ( -0.06975647374412617674, -0.9975640502598241977, 0.000000000000000000 ) ) ;
#2339 = DIRECTION ( 'NONE',  ( 0.000000000000000000, -0.000000000000000000, -1.000000000000000000 ) ) ;
#2340 = AXIS2_PLACEMENT_3D ( 'NONE', #2285, #2975, #269 ) ;
#2341 = FILL_AREA_STYLE_COLOUR ( '', #926 ) ;
#2342 = LINE ( 'NONE', #3036, #1252 ) ;
#2343 = ORIENTED_EDGE ( 'NONE', *, *, #2383, .F. ) ;
#2344 = ADVANCED_FACE ( 'NONE', ( #1892 ), #1638, .F. ) ;
#2345 = LINE ( 'NONE', #1191, #254 ) ;
#2346 = EDGE_LOOP ( 'NONE', ( #1505, #477, #2110, #1294, #2024, #451, #2536, #1138, #45, #1031, #2100, #1323 ) ) ;
#2347 = CARTESIAN_POINT ( 'NONE',  ( 0.6250000000000005551, 0.6699999999999993738, 0.7624999999999999556 ) ) ;
#2348 = EDGE_CURVE ( 'NONE', #586, #978, #2985, .T. ) ;
#2349 = CARTESIAN_POINT ( 'NONE',  ( -0.7135916498898298155, 0.4361863927961265319, 0.5374999999999999778 ) ) ;
#2350 = CARTESIAN_POINT ( 'NONE',  ( -0.3450000000000005285, 1.050000000000000711, -0.7199999999999956435 ) ) ;
#2351 = DIRECTION ( 'NONE',  ( -0.9975640502598241977, 0.06975647374412612123, 0.000000000000000000 ) ) ;
#2352 = ORIENTED_EDGE ( 'NONE', *, *, #1189, .T. ) ;
#2353 = DIRECTION ( 'NONE',  ( 0.000000000000000000, -0.1218693434051477398, -0.9925461516413219831 ) ) ;
#2354 = DIRECTION ( 'NONE',  ( -1.000000000000000000, 0.000000000000000000, 0.000000000000000000 ) ) ;
#2355 = ORIENTED_EDGE ( 'NONE', *, *, #2727, .F. ) ;
#2356 = CIRCLE ( 'NONE', #1631, 0.08873698508694220777 ) ;
#2357 = ORIENTED_EDGE ( 'NONE', *, *, #680, .T. ) ;
#2358 = CARTESIAN_POINT ( 'NONE',  ( 0.6250000000000005551, 0.6699999999999993738, -0.7624999999999999556 ) ) ;
#2359 = SURFACE_STYLE_USAGE ( .BOTH. , #306 ) ;
#2360 = ORIENTED_EDGE ( 'NONE', *, *, #1982, .T. ) ;
#2361 = LINE ( 'NONE', #964, #177 ) ;
#2362 = ORIENTED_EDGE ( 'NONE', *, *, #2735, .F. ) ;
#2363 = EDGE_CURVE ( 'NONE', #183, #2645, #3050, .T. ) ;
#2364 = AXIS2_PLACEMENT_3D ( 'NONE', #1912, #2697, #1433 ) ;
#2365 = ORIENTED_EDGE ( 'NONE', *, *, #1740, .T. ) ;
#2366 = CIRCLE ( 'NONE', #689, 0.2287369850869420407 ) ;
#2367 = ORIENTED_EDGE ( 'NONE', *, *, #542, .F. ) ;
#2368 = CARTESIAN_POINT ( 'NONE',  ( 0.6250000000000005551, 0.6699999999999993738, -0.5374999999999999778 ) ) ;
#2369 = AXIS2_PLACEMENT_3D ( 'NONE', #3082, #164, #126 ) ;
#2370 = ADVANCED_FACE ( 'NONE', ( #1873 ), #2966, .F. ) ;
#2371 = DIRECTION ( 'NONE',  ( 0.06975647374412508039, 0.9975640502598243087, 0.000000000000000000 ) ) ;
#2372 = EDGE_CURVE ( 'NONE', #416, #1084, #809, .T. ) ;
#2373 = DIRECTION ( 'NONE',  ( 0.000000000000000000, 1.000000000000000000, 0.000000000000000000 ) ) ;
#2374 = AXIS2_PLACEMENT_3D ( 'NONE', #3066, #1815, #3154 ) ;
#2375 = VERTEX_POINT ( 'NONE', #937 ) ;
#2376 = EDGE_LOOP ( 'NONE', ( #12, #2462, #3167, #31 ) ) ;
#2377 = CARTESIAN_POINT ( 'NONE',  ( 0.9312848509559306098, 0.2369140106989805761, 0.7624999999999999556 ) ) ;
#2378 = DIRECTION ( 'NONE',  ( 0.06975647374412617674, -0.9975640502598241977, 0.000000000000000000 ) ) ;
#2379 = EDGE_LOOP ( 'NONE', ( #207, #2581, #2105, #2357 ) ) ;
#2380 = ORIENTED_EDGE ( 'NONE', *, *, #2965, .T. ) ;
#2381 = CARTESIAN_POINT ( 'NONE',  ( 0.6250000000000005551, 0.4412630149130573609, -0.1124999999999999750 ) ) ;
#2382 = DIRECTION ( 'NONE',  ( -0.000000000000000000, 1.000000000000000000, -0.000000000000000000 ) ) ;
#2383 = EDGE_CURVE ( 'NONE', #3214, #1133, #811, .T. ) ;
#2384 = ORIENTED_EDGE ( 'NONE', *, *, #1840, .T. ) ;
#2385 = ORIENTED_EDGE ( 'NONE', *, *, #1406, .F. ) ;
#2386 = ORIENTED_EDGE ( 'NONE', *, *, #758, .F. ) ;
#2387 = ORIENTED_EDGE ( 'NONE', *, *, #409, .T. ) ;
#2388 = DIRECTION ( 'NONE',  ( -0.000000000000000000, -0.000000000000000000, -1.000000000000000000 ) ) ;
#2389 = CARTESIAN_POINT ( 'NONE',  ( 0.9250948717855804748, 0.1483931844478050266, 0.7624999999999999556 ) ) ;
#2390 = DIRECTION ( 'NONE',  ( -1.000000000000000000, 0.000000000000000000, 0.000000000000000000 ) ) ;
#2391 = ORIENTED_EDGE ( 'NONE', *, *, #107, .F. ) ;
#2392 = ORIENTED_EDGE ( 'NONE', *, *, #2383, .T. ) ;
#2393 = ADVANCED_FACE ( 'NONE', ( #820 ), #1967, .F. ) ;
#2394 = CARTESIAN_POINT ( 'NONE',  ( 0.6250000000000005551, 0.4412630149130573609, 0.1124999999999999750 ) ) ;
#2395 = ORIENTED_EDGE ( 'NONE', *, *, #2763, .T. ) ;
#2396 = ORIENTED_EDGE ( 'NONE', *, *, #1131, .F. ) ;
#2397 = DIRECTION ( 'NONE',  ( 1.000000000000000000, 0.000000000000000000, 0.000000000000000000 ) ) ;
#2398 = DIRECTION ( 'NONE',  ( 0.000000000000000000, -0.000000000000000000, 1.000000000000000000 ) ) ;
#2399 = CARTESIAN_POINT ( 'NONE',  ( 0.7137369850869427212, 0.4412630149130573609, -0.5374999999999999778 ) ) ;
#2400 = ORIENTED_EDGE ( 'NONE', *, *, #3191, .T. ) ;
#2401 = EDGE_CURVE ( 'NONE', #2746, #374, #2960, .T. ) ;
#2402 = CIRCLE ( 'NONE', #651, 0.08873698508694198572 ) ;
#2403 = EDGE_LOOP ( 'NONE', ( #523, #2684, #1414, #2192 ) ) ;
#2404 = EDGE_CURVE ( 'NONE', #2264, #1487, #3064, .T. ) ;
#2405 = AXIS2_PLACEMENT_3D ( 'NONE', #1560, #2025, #2276 ) ;
#2406 = PRESENTATION_LAYER_ASSIGNMENT (  '', '', ( #130 ) ) ;
#2407 = ORIENTED_EDGE ( 'NONE', *, *, #646, .F. ) ;
#2408 = CLOSED_SHELL ( 'NONE', ( #1047, #1194, #1307, #1617, #173, #708, #47, #1553, #961, #3207, #1066, #2591, #1762, #1692 ) ) ;
#2409 = CARTESIAN_POINT ( 'NONE',  ( 0.9250948717855804748, 0.1483931844478049711, 0.5374999999999999778 ) ) ;
#2410 = AXIS2_PLACEMENT_3D ( 'NONE', #1474, #2664, #2146 ) ;
#2411 = EDGE_CURVE ( 'NONE', #2746, #172, #2979, .T. ) ;
#2412 =( GEOMETRIC_REPRESENTATION_CONTEXT ( 3 ) GLOBAL_UNCERTAINTY_ASSIGNED_CONTEXT ( ( #2826 ) ) GLOBAL_UNIT_ASSIGNED_CONTEXT ( ( #814, #853, #1621 ) ) REPRESENTATION_CONTEXT ( 'NONE', 'WORKASPACE' ) );
#2413 = CARTESIAN_POINT ( 'NONE',  ( 0.7029224958474812324, 0.2500000000000000000, 0.7624999999999999556 ) ) ;
#2414 = CARTESIAN_POINT ( 'NONE',  ( 0.7137369850869427212, 0.4412630149130573609, 0.5374999999999999778 ) ) ;
#2415 = AXIS2_PLACEMENT_3D ( 'NONE', #1635, #740, #195 ) ;
#2416 = ORIENTED_EDGE ( 'NONE', *, *, #2449, .F. ) ;
#2417 = FACE_OUTER_BOUND ( 'NONE', #1705, .T. ) ;
#2418 = ORIENTED_EDGE ( 'NONE', *, *, #2489, .F. ) ;
#2419 = CARTESIAN_POINT ( 'NONE',  ( -0.6250000000000005551, 0.4412630149130573609, 0.7624999999999999556 ) ) ;
#2420 = CARTESIAN_POINT ( 'NONE',  ( -0.6250000000000005551, 0.4412630149130573609, 0.7624999999999999556 ) ) ;
#2421 = CARTESIAN_POINT ( 'NONE',  ( -0.6250000000000005551, 0.6699999999999993738, 1.000000000000000888 ) ) ;
#2422 = EDGE_LOOP ( 'NONE', ( #1371, #1756, #2254, #1141 ) ) ;
#2423 = VECTOR ( 'NONE', #2012, 1000.000000000000114 ) ;
#2424 = EDGE_LOOP ( 'NONE', ( #3, #2284, #1085, #3134 ) ) ;
#2425 = EDGE_CURVE ( 'NONE', #1023, #296, #816, .T. ) ;
#2426 = CARTESIAN_POINT ( 'NONE',  ( 0.6249999999999983347, 0.6699999999999993738, -0.9999999999999956701 ) ) ;
#2427 = PLANE ( 'NONE',  #2525 ) ;
#2428 = FILL_AREA_STYLE ('',( #2492 ) ) ;
#2429 = EDGE_LOOP ( 'NONE', ( #881, #1900, #59, #2199 ) ) ;
#2430 = VECTOR ( 'NONE', #2265, 1000.000000000000000 ) ;
#2431 = VERTEX_POINT ( 'NONE', #3197 ) ;
#2432 = CARTESIAN_POINT ( 'NONE',  ( -0.3450000000000005285, 1.050000000000000711, -0.7199999999999956435 ) ) ;
#2433 = ORIENTED_EDGE ( 'NONE', *, *, #2834, .F. ) ;
#2434 = EDGE_LOOP ( 'NONE', ( #938, #392, #1540, #1568 ) ) ;
#2435 = CARTESIAN_POINT ( 'NONE',  ( 0.000000000000000000, 0.1000000000000003109, 0.000000000000000000 ) ) ;
#2436 = DIRECTION ( 'NONE',  ( 1.000000000000000000, 0.000000000000000000, -0.000000000000000000 ) ) ;
#2437 = DIRECTION ( 'NONE',  ( -0.000000000000000000, -0.000000000000000000, -1.000000000000000000 ) ) ;
#2438 = ORIENTED_EDGE ( 'NONE', *, *, #3212, .T. ) ;
#2439 = EDGE_LOOP ( 'NONE', ( #3060, #1462, #2433, #2142, #2386, #986, #859, #856, #1887, #931, #1349, #497 ) ) ;
#2440 = CARTESIAN_POINT ( 'NONE',  ( -0.6250000000000005551, 0.4412630149130573609, 0.1124999999999999750 ) ) ;
#2441 = CARTESIAN_POINT ( 'NONE',  ( 0.9153289654614029658, 0.008734217411429694850, 0.1124999999999999750 ) ) ;
#2442 = CARTESIAN_POINT ( 'NONE',  ( 0.8533623551084500436, 0.4281770256120379092, 0.5374999999999999778 ) ) ;
#2443 = ORIENTED_EDGE ( 'NONE', *, *, #1437, .T. ) ;
#2444 = ADVANCED_FACE ( 'NONE', ( #3043 ), #671, .F. ) ;
#2445 = EDGE_LOOP ( 'NONE', ( #2309, #1124, #270, #1975 ) ) ;
#2446 = AXIS2_PLACEMENT_3D ( 'NONE', #1747, #753, #4 ) ;
#2447 = CARTESIAN_POINT ( 'NONE',  ( 1.049999999999999378, 0.1396589670363751479, 0.1124999999999999750 ) ) ;
#2448 = DIRECTION ( 'NONE',  ( 0.9975640502598243087, 0.06975647374412508039, -0.000000000000000000 ) ) ;
#2449 = EDGE_CURVE ( 'NONE', #1979, #619, #1922, .T. ) ;
#2450 = DIRECTION ( 'NONE',  ( -0.000000000000000000, -0.000000000000000000, -1.000000000000000000 ) ) ;
#2451 = CIRCLE ( 'NONE', #686, 0.08873698508694220777 ) ;
#2452 = EDGE_LOOP ( 'NONE', ( #2676, #178, #1108, #2362 ) ) ;
#2453 = AXIS2_PLACEMENT_3D ( 'NONE', #2002, #61, #1555 ) ;
#2454 = ADVANCED_FACE ( 'NONE', ( #815 ), #2166, .F. ) ;
#2455 = CARTESIAN_POINT ( 'NONE',  ( -1.040234093675821869, -1.291323651961581360E-16, 0.1124999999999999750 ) ) ;
#2456 = EDGE_CURVE ( 'NONE', #1763, #308, #1888, .T. ) ;
#2457 = ORIENTED_EDGE ( 'NONE', *, *, #2812, .F. ) ;
#2458 = CYLINDRICAL_SURFACE ( 'NONE', #1222, 0.08873698508694220777 ) ;
#2459 = AXIS2_PLACEMENT_3D ( 'NONE', #620, #386, #1598 ) ;
#2460 = VERTEX_POINT ( 'NONE', #2186 ) ;
#2461 = FILL_AREA_STYLE ('',( #2202 ) ) ;
#2462 = ORIENTED_EDGE ( 'NONE', *, *, #729, .F. ) ;
#2463 = EDGE_LOOP ( 'NONE', ( #2855, #2145, #1690, #1391 ) ) ;
#2464 = DIRECTION ( 'NONE',  ( -0.000000000000000000, 0.000000000000000000, 1.000000000000000000 ) ) ;
#2465 = DIRECTION ( 'NONE',  ( -1.000000000000000000, 0.000000000000000000, 0.000000000000000000 ) ) ;
#2466 = CARTESIAN_POINT ( 'NONE',  ( -0.6250000000000005551, 0.5299999999999994715, 1.000000000000000888 ) ) ;
#2467 = VERTEX_POINT ( 'NONE', #479 ) ;
#2468 = EDGE_CURVE ( 'NONE', #1102, #2766, #1877, .T. ) ;
#2469 = ORIENTED_EDGE ( 'NONE', *, *, #1699, .F. ) ;
#2470 = DIRECTION ( 'NONE',  ( 1.000000000000000000, 0.000000000000000000, 0.000000000000000000 ) ) ;
#2471 = CARTESIAN_POINT ( 'NONE',  ( -0.3450000000000005285, 1.100000000000000755, -0.6049999999999955413 ) ) ;
#2472 = ORIENTED_EDGE ( 'NONE', *, *, #1397, .F. ) ;
#2473 = VECTOR ( 'NONE', #533, 1000.000000000000000 ) ;
#2474 = ORIENTED_EDGE ( 'NONE', *, *, #1698, .T. ) ;
#2475 = DIRECTION ( 'NONE',  ( 0.9975640502598241977, 0.06975647374412612123, -0.000000000000000000 ) ) ;
#2476 = FACE_OUTER_BOUND ( 'NONE', #2493, .T. ) ;
#2477 = VERTEX_POINT ( 'NONE', #1204 ) ;
#2478 = CARTESIAN_POINT ( 'NONE',  ( -0.9250948717855804748, 0.1483931844478050266, -0.7624999999999999556 ) ) ;
#2479 = LINE ( 'NONE', #3153, #2518 ) ;
#2480 = ORIENTED_EDGE ( 'NONE', *, *, #729, .T. ) ;
#2481 = ORIENTED_EDGE ( 'NONE', *, *, #297, .F. ) ;
#2482 = CARTESIAN_POINT ( 'NONE',  ( 0.8537369850869426235, 0.4412630149130573609, 0.1124999999999999750 ) ) ;
#2483 = DIRECTION ( 'NONE',  ( -0.05720976560063337213, -0.9983621801330019307, 0.000000000000000000 ) ) ;
#2484 = MECHANICAL_DESIGN_GEOMETRIC_PRESENTATION_REPRESENTATION (  '', ( #1360 ), #1803 ) ;
#2485 = EDGE_LOOP ( 'NONE', ( #3200, #414, #433, #2621 ) ) ;
#2486 = VERTEX_POINT ( 'NONE', #1443 ) ;
#2487 = EDGE_CURVE ( 'NONE', #1056, #1236, #835, .T. ) ;
#2488 = LINE ( 'NONE', #2502, #1509 ) ;
#2489 = EDGE_CURVE ( 'NONE', #2120, #991, #3059, .T. ) ;
#2490 = CARTESIAN_POINT ( 'NONE',  ( -0.6250000000000005551, 0.6699999999999993738, -0.9999999999999956701 ) ) ;
#2491 = DIRECTION ( 'NONE',  ( 0.9983621801330019307, 0.05720976560063338601, -0.000000000000000000 ) ) ;
#2492 = FILL_AREA_STYLE_COLOUR ( '', #2078 ) ;
#2493 = EDGE_LOOP ( 'NONE', ( #137, #2136, #1778, #1498 ) ) ;
#2494 = CARTESIAN_POINT ( 'NONE',  ( 0.000000000000000000, 0.000000000000000000, 0.000000000000000000 ) ) ;
#2495 = VECTOR ( 'NONE', #1904, 1000.000000000000000 ) ;
#2496 = CARTESIAN_POINT ( 'NONE',  ( -0.9153289654614029658, 0.008734217411429694850, 0.1124999999999999750 ) ) ;
#2497 = VERTEX_POINT ( 'NONE', #2969 ) ;
#2498 = CARTESIAN_POINT ( 'NONE',  ( -0.9312848509559306098, 0.2369140106989806038, 0.7624999999999999556 ) ) ;
#2499 = DIRECTION ( 'NONE',  ( 0.000000000000000000, -0.000000000000000000, -1.000000000000000000 ) ) ;
#2500 = CIRCLE ( 'NONE', #1127, 0.08873698508694198572 ) ;
#2501 = EDGE_LOOP ( 'NONE', ( #1235, #493, #3137, #1001 ) ) ;
#2502 = CARTESIAN_POINT ( 'NONE',  ( -0.7029224958474812324, 0.2500000000000000000, 0.1124999999999999750 ) ) ;
#2503 = CYLINDRICAL_SURFACE ( 'NONE', #1121, 0.08873698508694220777 ) ;
#2504 = DIRECTION ( 'NONE',  ( -1.000000000000000000, 0.000000000000000000, 0.000000000000000000 ) ) ;
#2505 = CARTESIAN_POINT ( 'NONE',  ( 0.6250000000000005551, 0.4412630149130573609, -0.5374999999999999778 ) ) ;
#2506 =( NAMED_UNIT ( * ) PLANE_ANGLE_UNIT ( ) SI_UNIT ( $, .RADIAN. ) );
#2507 = DIRECTION ( 'NONE',  ( -0.06975647374412508039, -0.9975640502598243087, 0.000000000000000000 ) ) ;
#2508 = VERTEX_POINT ( 'NONE', #13 ) ;
#2509 = VECTOR ( 'NONE', #2271, 1000.000000000000114 ) ;
#2510 = SURFACE_STYLE_USAGE ( .BOTH. , #2773 ) ;
#2511 = CARTESIAN_POINT ( 'NONE',  ( 0.8426932010661015715, 0.2419906328159113773, 0.1124999999999999750 ) ) ;
#2512 = CARTESIAN_POINT ( 'NONE',  ( 0.7135916498898298155, 0.4361863927961265319, 0.7624999999999999556 ) ) ;
#2513 = ORIENTED_EDGE ( 'NONE', *, *, #2303, .T. ) ;
#2514 = CYLINDRICAL_SURFACE ( 'NONE', #871, 0.2287369850869420407 ) ;
#2515 = DIRECTION ( 'NONE',  ( -0.000000000000000000, -0.000000000000000000, -1.000000000000000000 ) ) ;
#2516 = EDGE_LOOP ( 'NONE', ( #368, #2256, #345, #380 ) ) ;
#2517 = CARTESIAN_POINT ( 'NONE',  ( -0.6250000000000005551, 0.6699999999999993738, -0.9999999999999956701 ) ) ;
#2518 = VECTOR ( 'NONE', #920, 1000.000000000000000 ) ;
#2519 = ORIENTED_EDGE ( 'NONE', *, *, #1532, .T. ) ;
#2520 = EDGE_LOOP ( 'NONE', ( #2534, #2791, #2786, #332 ) ) ;
#2521 = AXIS2_PLACEMENT_3D ( 'NONE', #2294, #2121, #613 ) ;
#2522 = PLANE ( 'NONE',  #314 ) ;
#2523 = CARTESIAN_POINT ( 'NONE',  ( 0.6250000000000005551, 0.4412630149130573609, -0.5374999999999999778 ) ) ;
#2524 = LINE ( 'NONE', #1427, #1476 ) ;
#2525 = AXIS2_PLACEMENT_3D ( 'NONE', #2736, #2171, #2398 ) ;
#2526 = EDGE_LOOP ( 'NONE', ( #37, #1346 ) ) ;
#2527 = DIRECTION ( 'NONE',  ( 0.000000000000000000, -0.000000000000000000, -1.000000000000000000 ) ) ;
#2528 = DIRECTION ( 'NONE',  ( 1.000000000000000000, -0.000000000000000000, -0.000000000000000000 ) ) ;
#2529 = EDGE_CURVE ( 'NONE', #285, #2218, #3007, .T. ) ;
#2530 = AXIS2_PLACEMENT_3D ( 'NONE', #2183, #3116, #1674 ) ;
#2531 = EDGE_CURVE ( 'NONE', #252, #1669, #1899, .T. ) ;
#2532 = AXIS2_PLACEMENT_3D ( 'NONE', #2229, #2527, #778 ) ;
#2533 = CARTESIAN_POINT ( 'NONE',  ( -0.9153289654614029658, 0.008734217411429694850, 0.5374999999999999778 ) ) ;
#2534 = ORIENTED_EDGE ( 'NONE', *, *, #1036, .T. ) ;
#2535 = DIRECTION ( 'NONE',  ( 0.000000000000000000, 0.000000000000000000, 1.000000000000000000 ) ) ;
#2536 = ORIENTED_EDGE ( 'NONE', *, *, #352, .F. ) ;
#2537 = PLANE ( 'NONE',  #1319 ) ;
#2538 = ORIENTED_EDGE ( 'NONE', *, *, #203, .T. ) ;
#2539 = LINE ( 'NONE', #1894, #349 ) ;
#2540 = EDGE_LOOP ( 'NONE', ( #1220, #1135 ) ) ;
#2541 = DIRECTION ( 'NONE',  ( -1.000000000000000000, 0.000000000000000000, 0.000000000000000000 ) ) ;
#2542 = DIRECTION ( 'NONE',  ( -0.9975640502598241977, -0.06975647374412617674, 0.000000000000000000 ) ) ;
#2543 = EDGE_CURVE ( 'NONE', #1283, #1527, #2983, .T. ) ;
#2544 = EDGE_LOOP ( 'NONE', ( #425, #255, #200, #3111 ) ) ;
#2545 = DIRECTION ( 'NONE',  ( -0.000000000000000000, 0.000000000000000000, 1.000000000000000000 ) ) ;
#2546 = VECTOR ( 'NONE', #1829, 1000.000000000000114 ) ;
#2547 = DIRECTION ( 'NONE',  ( -1.000000000000000000, 0.000000000000000000, 0.000000000000000000 ) ) ;
#2548 = ORIENTED_EDGE ( 'NONE', *, *, #1460, .F. ) ;
#2549 = ORIENTED_EDGE ( 'NONE', *, *, #1767, .F. ) ;
#2550 = PLANE ( 'NONE',  #60 ) ;
#2551 = CARTESIAN_POINT ( 'NONE',  ( -0.6250000000000005551, 0.5299999999999994715, -0.5374999999999999778 ) ) ;
#2552 = FACE_OUTER_BOUND ( 'NONE', #3124, .T. ) ;
#2553 = ORIENTED_EDGE ( 'NONE', *, *, #1366, .T. ) ;
#2554 = DIRECTION ( 'NONE',  ( -0.000000000000000000, -0.000000000000000000, -1.000000000000000000 ) ) ;
#2555 = DIRECTION ( 'NONE',  ( 0.000000000000000000, -0.000000000000000000, -1.000000000000000000 ) ) ;
#2556 = ADVANCED_FACE ( 'NONE', ( #896 ), #3019, .F. ) ;
#2557 = ORIENTED_EDGE ( 'NONE', *, *, #2910, .T. ) ;
#2558 = CYLINDRICAL_SURFACE ( 'NONE', #357, 0.08873698508694198572 ) ;
#2559 = VERTEX_POINT ( 'NONE', #1989 ) ;
#2560 = ORIENTED_EDGE ( 'NONE', *, *, #765, .F. ) ;
#2561 = LINE ( 'NONE', #1619, #2546 ) ;
#2562 = CARTESIAN_POINT ( 'NONE',  ( -0.6250000000000005551, 0.4412630149130573609, -0.7624999999999999556 ) ) ;
#2563 = ORIENTED_EDGE ( 'NONE', *, *, #589, .F. ) ;
#2564 = VECTOR ( 'NONE', #897, 1000.000000000000000 ) ;
#2565 = CARTESIAN_POINT ( 'NONE',  ( -0.6250000000000005551, 0.4412630149130573609, 0.1124999999999999750 ) ) ;
#2566 = CARTESIAN_POINT ( 'NONE',  ( -0.9312848509559306098, 0.2369140106989805761, 0.7624999999999999556 ) ) ;
#2567 = ORIENTED_EDGE ( 'NONE', *, *, #1731, .T. ) ;
#2568 = EDGE_CURVE ( 'NONE', #157, #2000, #3030, .T. ) ;
#2569 = CARTESIAN_POINT ( 'NONE',  ( -0.7137369850869427212, 0.4412630149130573609, 0.1124999999999999750 ) ) ;
#2570 = LINE ( 'NONE', #3018, #1521 ) ;
#2571 = CARTESIAN_POINT ( 'NONE',  ( -0.9250948717855804748, 0.1483931844478049711, 0.7624999999999999556 ) ) ;
#2572 = EDGE_LOOP ( 'NONE', ( #1657, #3196, #921, #1212 ) ) ;
#2573 = VECTOR ( 'NONE', #2125, 1000.000000000000000 ) ;
#2574 = AXIS2_PLACEMENT_3D ( 'NONE', #2347, #2590, #1170 ) ;
#2575 = AXIS2_PLACEMENT_3D ( 'NONE', #812, #1072, #1812 ) ;
#2576 = EDGE_LOOP ( 'NONE', ( #2327, #1043, #1060, #2640 ) ) ;
#2577 = PLANE ( 'NONE',  #1187 ) ;
#2578 = DIRECTION ( 'NONE',  ( 0.000000000000000000, 0.000000000000000000, 1.000000000000000000 ) ) ;
#2579 = LINE ( 'NONE', #2278, #1447 ) ;
#2580 = AXIS2_PLACEMENT_3D ( 'NONE', #411, #942, #969 ) ;
#2581 = ORIENTED_EDGE ( 'NONE', *, *, #2804, .F. ) ;
#2582 = EDGE_CURVE ( 'NONE', #2221, #1410, #1910, .T. ) ;
#2583 = DIRECTION ( 'NONE',  ( 1.000000000000000000, 0.000000000000000000, 0.000000000000000000 ) ) ;
#2584 = LINE ( 'NONE', #225, #2611 ) ;
#2585 = DIRECTION ( 'NONE',  ( 0.05720976560063394806, -0.9983621801330018197, 0.000000000000000000 ) ) ;
#2586 =( GEOMETRIC_REPRESENTATION_CONTEXT ( 3 ) GLOBAL_UNCERTAINTY_ASSIGNED_CONTEXT ( ( #1328 ) ) GLOBAL_UNIT_ASSIGNED_CONTEXT ( ( #3169, #1337, #180 ) ) REPRESENTATION_CONTEXT ( 'NONE', 'WORKASPACE' ) );
#2587 = ORIENTED_EDGE ( 'NONE', *, *, #1834, .T. ) ;
#2588 = FACE_OUTER_BOUND ( 'NONE', #2379, .T. ) ;
#2589 = ORIENTED_EDGE ( 'NONE', *, *, #1256, .T. ) ;
#2590 = DIRECTION ( 'NONE',  ( 1.000000000000000000, 0.000000000000000000, -0.000000000000000000 ) ) ;
#2591 = ADVANCED_FACE ( 'NONE', ( #872 ), #32, .F. ) ;
#2592 = ORIENTED_EDGE ( 'NONE', *, *, #2795, .T. ) ;
#2593 = CIRCLE ( 'NONE', #1257, 0.2287369850869420407 ) ;
#2594 = CARTESIAN_POINT ( 'NONE',  ( -0.7137369850869427212, 0.4412630149130573609, 0.1124999999999999750 ) ) ;
#2595 = ORIENTED_EDGE ( 'NONE', *, *, #2896, .F. ) ;
#2596 = EDGE_CURVE ( 'NONE', #943, #1388, #1915, .T. ) ;
#2597 = CIRCLE ( 'NONE', #795, 0.2287369850869420407 ) ;
#2598 = DIRECTION ( 'NONE',  ( -0.000000000000000000, -1.000000000000000000, -0.000000000000000000 ) ) ;
#2599 = ORIENTED_EDGE ( 'NONE', *, *, #1053, .T. ) ;
#2600 = CARTESIAN_POINT ( 'NONE',  ( -0.6250000000000005551, 0.6699999999999993738, 0.5374999999999999778 ) ) ;
#2601 = FACE_OUTER_BOUND ( 'NONE', #2752, .T. ) ;
#2602 = CARTESIAN_POINT ( 'NONE',  ( 0.9312848509559306098, 0.2369140106989806038, 0.1124999999999999750 ) ) ;
#2603 = EDGE_LOOP ( 'NONE', ( #3118, #403, #3195, #1049 ) ) ;
#2604 = VECTOR ( 'NONE', #2708, 1000.000000000000000 ) ;
#2605 = ORIENTED_EDGE ( 'NONE', *, *, #885, .F. ) ;
#2606 =( LENGTH_UNIT ( ) NAMED_UNIT ( * ) SI_UNIT ( .MILLI., .METRE. ) );
#2607 = DIRECTION ( 'NONE',  ( 1.000000000000000000, 0.000000000000000000, 0.000000000000000000 ) ) ;
#2608 = VECTOR ( 'NONE', #1493, 1000.000000000000000 ) ;
#2609 = ORIENTED_EDGE ( 'NONE', *, *, #1189, .F. ) ;
#2610 = CARTESIAN_POINT ( 'NONE',  ( 1.049999999999999378, 0.1396589670363751479, -0.5374999999999999778 ) ) ;
#2611 = VECTOR ( 'NONE', #2956, 1000.000000000000000 ) ;
#2612 = ORIENTED_EDGE ( 'NONE', *, *, #1643, .F. ) ;
#2613 = VECTOR ( 'NONE', #2555, 1000.000000000000000 ) ;
#2614 = ORIENTED_EDGE ( 'NONE', *, *, #967, .F. ) ;
#2615 = FACE_OUTER_BOUND ( 'NONE', #3110, .T. ) ;
#2616 = DIRECTION ( 'NONE',  ( 0.000000000000000000, -0.000000000000000000, -1.000000000000000000 ) ) ;
#2617 = ORIENTED_EDGE ( 'NONE', *, *, #2293, .T. ) ;
#2618 = LINE ( 'NONE', #2732, #2608 ) ;
#2619 = AXIS2_PLACEMENT_3D ( 'NONE', #989, #1232, #434 ) ;
#2620 = CARTESIAN_POINT ( 'NONE',  ( -0.7135916498898298155, 0.4361863927961265319, -0.7624999999999999556 ) ) ;
#2621 = ORIENTED_EDGE ( 'NONE', *, *, #1231, .F. ) ;
#2622 = LINE ( 'NONE', #2635, #471 ) ;
#2623 = CARTESIAN_POINT ( 'NONE',  ( -0.6250000000000005551, 0.4412630149130573609, -0.1124999999999999750 ) ) ;
#2624 = EDGE_CURVE ( 'NONE', #1587, #1223, #884, .T. ) ;
#2625 = ADVANCED_FACE ( 'NONE', ( #1974 ), #3071, .T. ) ;
#2626 = ORIENTED_EDGE ( 'NONE', *, *, #1250, .F. ) ;
#2627 = CARTESIAN_POINT ( 'NONE',  ( -0.6250000000000005551, 0.4412630149130573609, 0.5374999999999999778 ) ) ;
#2628 = FACE_OUTER_BOUND ( 'NONE', #413, .T. ) ;
#2629 = AXIS2_PLACEMENT_3D ( 'NONE', #2096, #2353, #1847 ) ;
#2630 = CARTESIAN_POINT ( 'NONE',  ( 0.7135916498898298155, 0.4361863927961265319, -0.7624999999999999556 ) ) ;
#2631 = EDGE_LOOP ( 'NONE', ( #2802, #1242, #1168, #2474 ) ) ;
#2632 = LINE ( 'NONE', #540, #541 ) ;
#2633 = EDGE_CURVE ( 'NONE', #2987, #17, #3000, .T. ) ;
#2634 = ORIENTED_EDGE ( 'NONE', *, *, #1573, .T. ) ;
#2635 = CARTESIAN_POINT ( 'NONE',  ( 1.049999999999999378, 0.1396589670363751479, -0.1124999999999999750 ) ) ;
#2636 = DIRECTION ( 'NONE',  ( -0.000000000000000000, -0.000000000000000000, -1.000000000000000000 ) ) ;
#2637 =( GEOMETRIC_REPRESENTATION_CONTEXT ( 3 ) GLOBAL_UNCERTAINTY_ASSIGNED_CONTEXT ( ( #294 ) ) GLOBAL_UNIT_ASSIGNED_CONTEXT ( ( #1305, #22, #517 ) ) REPRESENTATION_CONTEXT ( 'NONE', 'WORKASPACE' ) );
#2638 = VECTOR ( 'NONE', #534, 1000.000000000000000 ) ;
#2639 = DIRECTION ( 'NONE',  ( -1.000000000000000000, 0.000000000000000000, 0.000000000000000000 ) ) ;
#2640 = ORIENTED_EDGE ( 'NONE', *, *, #2804, .T. ) ;
#2641 = CARTESIAN_POINT ( 'NONE',  ( -0.6250000000000005551, 0.4412630149130573609, -0.5374999999999999778 ) ) ;
#2642 = LINE ( 'NONE', #2939, #478 ) ;
#2643 = ORIENTED_EDGE ( 'NONE', *, *, #256, .T. ) ;
#2644 = LINE ( 'NONE', #1033, #2649 ) ;
#2645 = VERTEX_POINT ( 'NONE', #20 ) ;
#2646 = CARTESIAN_POINT ( 'NONE',  ( 0.9250948717855804748, 0.1483931844478049711, -0.1124999999999999750 ) ) ;
#2647 = EDGE_LOOP ( 'NONE', ( #2469, #1128, #2185, #2712 ) ) ;
#2648 = EDGE_CURVE ( 'NONE', #2282, #1436, #1927, .T. ) ;
#2649 = VECTOR ( 'NONE', #2751, 1000.000000000000000 ) ;
#2650 = DIRECTION ( 'NONE',  ( -0.06975647374412612123, 0.9975640502598241977, 0.000000000000000000 ) ) ;
#2651 = ORIENTED_EDGE ( 'NONE', *, *, #312, .T. ) ;
#2652 = LINE ( 'NONE', #2753, #2661 ) ;
#2653 = CARTESIAN_POINT ( 'NONE',  ( 1.040234093675821869, -1.291323651961581360E-16, 0.1124999999999999750 ) ) ;
#2654 = CARTESIAN_POINT ( 'NONE',  ( -0.3450000000000005285, 1.050000000000000711, -0.7199999999999956435 ) ) ;
#2655 = DIRECTION ( 'NONE',  ( 1.000000000000000000, 0.000000000000000000, 0.000000000000000000 ) ) ;
#2656 = ORIENTED_EDGE ( 'NONE', *, *, #1769, .F. ) ;
#2657 = DIRECTION ( 'NONE',  ( -0.000000000000000000, -0.000000000000000000, -1.000000000000000000 ) ) ;
#2658 = LINE ( 'NONE', #1424, #1550 ) ;
#2659 = CARTESIAN_POINT ( 'NONE',  ( 0.8533623551084500436, 0.4281770256120379092, 0.7624999999999999556 ) ) ;
#2660 = ORIENTED_EDGE ( 'NONE', *, *, #488, .F. ) ;
#2661 = VECTOR ( 'NONE', #204, 1000.000000000000000 ) ;
#2662 = ADVANCED_FACE ( 'NONE', ( #3025 ), #2087, .T. ) ;
#2663 = ORIENTED_EDGE ( 'NONE', *, *, #3065, .T. ) ;
#2664 = DIRECTION ( 'NONE',  ( 0.000000000000000000, 1.000000000000000000, 0.000000000000000000 ) ) ;
#2665 = VECTOR ( 'NONE', #3198, 1000.000000000000000 ) ;
#2666 = EDGE_LOOP ( 'NONE', ( #2595, #1145, #2045, #2179 ) ) ;
#2667 = CARTESIAN_POINT ( 'NONE',  ( -0.9153289654614029658, 0.008734217411429694850, 0.1124999999999999750 ) ) ;
#2668 = EDGE_CURVE ( 'NONE', #2, #1041, #953, .T. ) ;
#2669 = ORIENTED_EDGE ( 'NONE', *, *, #297, .T. ) ;
#2670 = LINE ( 'NONE', #2079, #1533 ) ;
#2671 = AXIS2_PLACEMENT_3D ( 'NONE', #2776, #1477, #1430 ) ;
#2672 = DIRECTION ( 'NONE',  ( 0.000000000000000000, 1.000000000000000000, 0.000000000000000000 ) ) ;
#2673 = AXIS2_PLACEMENT_3D ( 'NONE', #169, #1362, #2397 ) ;
#2674 = VECTOR ( 'NONE', #2770, 1000.000000000000000 ) ;
#2675 = CARTESIAN_POINT ( 'NONE',  ( -0.6250000000000005551, 0.4412630149130573609, 0.5374999999999999778 ) ) ;
#2676 = ORIENTED_EDGE ( 'NONE', *, *, #2348, .T. ) ;
#2677 = EDGE_CURVE ( 'NONE', #1223, #438, #3149, .T. ) ;
#2678 = VECTOR ( 'NONE', #1017, 1000.000000000000000 ) ;
#2679 = DIRECTION ( 'NONE',  ( -1.000000000000000000, 0.000000000000000000, 0.000000000000000000 ) ) ;
#2680 = SURFACE_STYLE_USAGE ( .BOTH. , #318 ) ;
#2681 = CARTESIAN_POINT ( 'NONE',  ( -0.8426932010661015715, 0.2419906328159113773, 0.1124999999999999750 ) ) ;
#2682 = LINE ( 'NONE', #1969, #1634 ) ;
#2683 = DIRECTION ( 'NONE',  ( -0.000000000000000000, 0.000000000000000000, 1.000000000000000000 ) ) ;
#2684 = ORIENTED_EDGE ( 'NONE', *, *, #646, .T. ) ;
#2685 = MANIFOLD_SOLID_BREP ( 'LPattern1[3]', #599 ) ;
#2686 = CARTESIAN_POINT ( 'NONE',  ( 0.8533623551084500436, 0.4281770256120379092, 0.1124999999999999750 ) ) ;
#2687 = CARTESIAN_POINT ( 'NONE',  ( 0.6250000000000005551, 0.5299999999999994715, -0.1124999999999999750 ) ) ;
#2688 = LINE ( 'NONE', #3037, #1607 ) ;
#2689 = CARTESIAN_POINT ( 'NONE',  ( 0.9312848509559306098, 0.2369140106989806038, -0.5374999999999999778 ) ) ;
#2690 = VERTEX_POINT ( 'NONE', #187 ) ;
#2691 = FACE_OUTER_BOUND ( 'NONE', #2434, .T. ) ;
#2692 = ADVANCED_FACE ( 'NONE', ( #976 ), #750, .T. ) ;
#2693 = CIRCLE ( 'NONE', #3049, 0.2287369850869420407 ) ;
#2694 = VERTEX_POINT ( 'NONE', #2471 ) ;
#2695 = CARTESIAN_POINT ( 'NONE',  ( -0.5722026388117515960, 0.1000000000000003109, -0.9472026388117467111 ) ) ;
#2696 = CIRCLE ( 'NONE', #1730, 0.2287369850869419297 ) ;
#2697 = DIRECTION ( 'NONE',  ( -0.000000000000000000, -0.000000000000000000, -1.000000000000000000 ) ) ;
#2698 = VECTOR ( 'NONE', #2986, 1000.000000000000114 ) ;
#2699 = DIRECTION ( 'NONE',  ( -0.000000000000000000, -0.000000000000000000, -1.000000000000000000 ) ) ;
#2700 = ORIENTED_EDGE ( 'NONE', *, *, #3178, .F. ) ;
#2701 = VECTOR ( 'NONE', #361, 1000.000000000000000 ) ;
#2702 = CARTESIAN_POINT ( 'NONE',  ( 0.8537369850869426235, 0.4412630149130573609, -0.5374999999999999778 ) ) ;
#2703 = DIRECTION ( 'NONE',  ( -0.1209742911513548291, -0.9852565360152931717, 0.1209742911513548291 ) ) ;
#2704 = DIRECTION ( 'NONE',  ( -1.000000000000000000, 0.000000000000000000, 0.000000000000000000 ) ) ;
#2705 = CARTESIAN_POINT ( 'NONE',  ( 0.7135916498898298155, 0.4361863927961265319, 0.5374999999999999778 ) ) ;
#2706 = EDGE_LOOP ( 'NONE', ( #1129, #2050, #2320, #3166 ) ) ;
#2707 = LINE ( 'NONE', #3138, #1750 ) ;
#2708 = DIRECTION ( 'NONE',  ( -0.000000000000000000, -1.000000000000000000, -0.000000000000000000 ) ) ;
#2709 = CARTESIAN_POINT ( 'NONE',  ( -0.8533623551084500436, 0.4281770256120379092, 0.7624999999999999556 ) ) ;
#2710 = VECTOR ( 'NONE', #834, 1000.000000000000000 ) ;
#2711 = DIRECTION ( 'NONE',  ( 1.000000000000000000, 0.000000000000000000, 0.000000000000000000 ) ) ;
#2712 = ORIENTED_EDGE ( 'NONE', *, *, #1582, .F. ) ;
#2713 = LINE ( 'NONE', #1503, #1625 ) ;
#2714 = PRESENTATION_LAYER_ASSIGNMENT (  '', '', ( #2107 ) ) ;
#2715 = ORIENTED_EDGE ( 'NONE', *, *, #1993, .T. ) ;
#2716 = AXIS2_PLACEMENT_3D ( 'NONE', #1865, #2123, #2354 ) ;
#2717 = VECTOR ( 'NONE', #2020, 1000.000000000000000 ) ;
#2718 = CARTESIAN_POINT ( 'NONE',  ( 0.6250000000000005551, 0.4412630149130573609, -0.1124999999999999750 ) ) ;
#2719 = EDGE_CURVE ( 'NONE', #416, #2203, #2093, .T. ) ;
#2720 = EDGE_CURVE ( 'NONE', #2756, #87, #3099, .T. ) ;
#2721 = ADVANCED_FACE ( 'NONE', ( #1009 ), #2173, .F. ) ;
#2722 = MECHANICAL_DESIGN_GEOMETRIC_PRESENTATION_REPRESENTATION (  '', ( #398 ), #2637 ) ;
#2723 = DIRECTION ( 'NONE',  ( 0.000000000000000000, -0.000000000000000000, -1.000000000000000000 ) ) ;
#2724 = ORIENTED_EDGE ( 'NONE', *, *, #1947, .T. ) ;
#2725 = VECTOR ( 'NONE', #2475, 1000.000000000000114 ) ;
#2726 = CARTESIAN_POINT ( 'NONE',  ( -0.5722026388117515960, 0.1000000000000003109, 1.000000000000000888 ) ) ;
#2727 = EDGE_CURVE ( 'NONE', #146, #395, #2014, .T. ) ;
#2728 = CARTESIAN_POINT ( 'NONE',  ( 0.9153289654614029658, 0.008734217411429694850, 0.1124999999999999750 ) ) ;
#2729 = CARTESIAN_POINT ( 'NONE',  ( 0.7135916498898298155, 0.4361863927961265319, 0.1124999999999999750 ) ) ;
#2730 = LINE ( 'NONE', #2059, #570 ) ;
#2731 = CARTESIAN_POINT ( 'NONE',  ( 0.6250000000000005551, 0.6699999999999993738, -0.5374999999999999778 ) ) ;
#2732 = CARTESIAN_POINT ( 'NONE',  ( -0.7137369850869427212, 0.4412630149130573609, 0.7624999999999999556 ) ) ;
#2733 = ORIENTED_EDGE ( 'NONE', *, *, #829, .T. ) ;
#2734 = LINE ( 'NONE', #659, #2809 ) ;
#2735 = EDGE_CURVE ( 'NONE', #586, #579, #1998, .T. ) ;
#2736 = CARTESIAN_POINT ( 'NONE',  ( 0.000000000000000000, 1.100000000000000755, 0.000000000000000000 ) ) ;
#2737 = FACE_OUTER_BOUND ( 'NONE', #838, .T. ) ;
#2738 = CARTESIAN_POINT ( 'NONE',  ( -0.6250000000000005551, 0.6699999999999993738, -0.5374999999999999778 ) ) ;
#2739 = VERTEX_POINT ( 'NONE', #2940 ) ;
#2740 = VECTOR ( 'NONE', #797, 1000.000000000000000 ) ;
#2741 = DIRECTION ( 'NONE',  ( 0.000000000000000000, 0.000000000000000000, 1.000000000000000000 ) ) ;
#2742 = EDGE_LOOP ( 'NONE', ( #500, #2085, #243, #2040, #2700, #1558, #2418, #551, #2239, #1683, #565, #1152 ) ) ;
#2743 = ADVANCED_FACE ( 'NONE', ( #2073 ), #2043, .T. ) ;
#2744 = SURFACE_STYLE_USAGE ( .BOTH. , #3006 ) ;
#2745 = FACE_OUTER_BOUND ( 'NONE', #2520, .T. ) ;
#2746 = VERTEX_POINT ( 'NONE', #2755 ) ;
#2747 = DIRECTION ( 'NONE',  ( 0.000000000000000000, 0.000000000000000000, 1.000000000000000000 ) ) ;
#2748 = DIRECTION ( 'NONE',  ( 1.000000000000000000, 0.000000000000000000, 0.000000000000000000 ) ) ;
#2749 = LINE ( 'NONE', #1881, #612 ) ;
#2750 = DIRECTION ( 'NONE',  ( 1.000000000000000000, 0.000000000000000000, -0.000000000000000000 ) ) ;
#2751 = DIRECTION ( 'NONE',  ( -0.000000000000000000, -0.000000000000000000, -1.000000000000000000 ) ) ;
#2752 = EDGE_LOOP ( 'NONE', ( #2592, #2395, #1028, #3160 ) ) ;
#2753 = CARTESIAN_POINT ( 'NONE',  ( 0.6250000000000005551, 0.6699999999999993738, 0.7624999999999999556 ) ) ;
#2754 = EDGE_CURVE ( 'NONE', #408, #2756, #929, .T. ) ;
#2755 = CARTESIAN_POINT ( 'NONE',  ( -0.8426932010661015715, 0.2419906328159113773, 0.1124999999999999750 ) ) ;
#2756 = VERTEX_POINT ( 'NONE', #251 ) ;
#2757 = AXIS2_PLACEMENT_3D ( 'NONE', #866, #1315, #2881 ) ;
#2758 = APPLICATION_CONTEXT ( 'automotive_design' ) ;
#2759 = LINE ( 'NONE', #1179, #602 ) ;
#2760 = CARTESIAN_POINT ( 'NONE',  ( -0.9153289654614029658, 0.008734217411429694850, -0.7624999999999999556 ) ) ;
#2761 = ORIENTED_EDGE ( 'NONE', *, *, #2158, .F. ) ;
#2762 = AXIS2_PLACEMENT_3D ( 'NONE', #2432, #947, #2942 ) ;
#2763 = EDGE_CURVE ( 'NONE', #830, #1388, #2021, .T. ) ;
#2764 = DIRECTION ( 'NONE',  ( -0.05720976560063394112, 0.9983621801330018197, -0.000000000000000000 ) ) ;
#2765 = LINE ( 'NONE', #918, #596 ) ;
#2766 = VERTEX_POINT ( 'NONE', #462 ) ;
#2767 = DIRECTION ( 'NONE',  ( 0.9975640502598241977, -0.06975647374412617674, 0.000000000000000000 ) ) ;
#2768 = FACE_OUTER_BOUND ( 'NONE', #2516, .T. ) ;
#2769 = DIRECTION ( 'NONE',  ( -1.000000000000000000, 0.000000000000000000, 0.000000000000000000 ) ) ;
#2770 = DIRECTION ( 'NONE',  ( 0.000000000000000000, -0.000000000000000000, -1.000000000000000000 ) ) ;
#2771 = VERTEX_POINT ( 'NONE', #728 ) ;
#2772 = EDGE_CURVE ( 'NONE', #2771, #1023, #2028, .T. ) ;
#2773 = SURFACE_SIDE_STYLE ('',( #496 ) ) ;
#2774 = DIRECTION ( 'NONE',  ( -0.000000000000000000, -0.000000000000000000, -1.000000000000000000 ) ) ;
#2775 = PRESENTATION_STYLE_ASSIGNMENT (( #2323 ) ) ;
#2776 = CARTESIAN_POINT ( 'NONE',  ( -0.6250000000000005551, 0.4412630149130573609, -0.1124999999999999750 ) ) ;
#2777 = ORIENTED_EDGE ( 'NONE', *, *, #2333, .T. ) ;
#2778 = CIRCLE ( 'NONE', #1214, 0.08873698508694198572 ) ;
#2779 = LINE ( 'NONE', #2296, #626 ) ;
#2780 = CARTESIAN_POINT ( 'NONE',  ( 0.6250000000000005551, 0.6699999999999993738, 0.1124999999999999750 ) ) ;
#2781 = ORIENTED_EDGE ( 'NONE', *, *, #2213, .T. ) ;
#2782 = CARTESIAN_POINT ( 'NONE',  ( 0.7029224958474812324, 0.2500000000000000000, -0.7624999999999999556 ) ) ;
#2783 = VECTOR ( 'NONE', #135, 1000.000000000000000 ) ;
#2784 =( LENGTH_UNIT ( ) NAMED_UNIT ( * ) SI_UNIT ( .MILLI., .METRE. ) );
#2785 = COLOUR_RGB ( '',0.8000000000000000444, 0.8196078431372548767, 0.9333333333333333481 ) ;
#2786 = ORIENTED_EDGE ( 'NONE', *, *, #649, .F. ) ;
#2787 = LINE ( 'NONE', #1215, #2717 ) ;
#2788 = PLANE ( 'NONE',  #1992 ) ;
#2789 = SURFACE_STYLE_FILL_AREA ( #2281 ) ;
#2790 = CARTESIAN_POINT ( 'NONE',  ( -0.6250000000000005551, 0.4412630149130573609, 0.1124999999999999750 ) ) ;
#2791 = ORIENTED_EDGE ( 'NONE', *, *, #2624, .F. ) ;
#2792 = AXIS2_PLACEMENT_3D ( 'NONE', #676, #2448, #1925 ) ;
#2793 = ADVANCED_FACE ( 'NONE', ( #980 ), #2537, .T. ) ;
#2794 = CARTESIAN_POINT ( 'NONE',  ( 1.040234093675821869, -1.291323651961581360E-16, -0.5374999999999999778 ) ) ;
#2795 = EDGE_CURVE ( 'NONE', #1088, #830, #3086, .T. ) ;
#2796 = CIRCLE ( 'NONE', #3171, 0.1150000000000000883 ) ;
#2797 = DIRECTION ( 'NONE',  ( -0.000000000000000000, -1.000000000000000000, -0.000000000000000000 ) ) ;
#2798 = FACE_OUTER_BOUND ( 'NONE', #303, .T. ) ;
#2799 = DIRECTION ( 'NONE',  ( -0.000000000000000000, -0.000000000000000000, -1.000000000000000000 ) ) ;
#2800 = AXIS2_PLACEMENT_3D ( 'NONE', #3120, #3057, #3029 ) ;
#2801 = PLANE ( 'NONE',  #2574 ) ;
#2802 = ORIENTED_EDGE ( 'NONE', *, *, #1846, .T. ) ;
#2803 = VECTOR ( 'NONE', #2885, 1000.000000000000000 ) ;
#2804 = EDGE_CURVE ( 'NONE', #1099, #1320, #2003, .T. ) ;
#2805 = AXIS2_PLACEMENT_3D ( 'NONE', #1468, #286, #1738 ) ;
#2806 = ORIENTED_EDGE ( 'NONE', *, *, #2232, .T. ) ;
#2807 = FACE_OUTER_BOUND ( 'NONE', #2403, .T. ) ;
#2808 = CARTESIAN_POINT ( 'NONE',  ( 0.9312848509559306098, 0.2369140106989805761, -0.5374999999999999778 ) ) ;
#2809 = VECTOR ( 'NONE', #2636, 1000.000000000000000 ) ;
#2810 = CARTESIAN_POINT ( 'NONE',  ( -0.7029224958474812324, 0.2500000000000000000, -0.5374999999999999778 ) ) ;
#2811 = PLANE ( 'NONE',  #1162 ) ;
#2812 = EDGE_CURVE ( 'NONE', #1340, #3038, #3158, .T. ) ;
#2813 = CARTESIAN_POINT ( 'NONE',  ( -0.6250000000000005551, 0.4412630149130573609, -0.5374999999999999778 ) ) ;
#2814 = FACE_OUTER_BOUND ( 'NONE', #2439, .T. ) ;
#2815 = DIRECTION ( 'NONE',  ( -0.9975640502598241977, -0.06975647374412617674, 0.000000000000000000 ) ) ;
#2816 = LINE ( 'NONE', #2098, #1704 ) ;
#2817 = ADVANCED_FACE ( 'NONE', ( #972 ), #1798, .F. ) ;
#2818 = APPLICATION_PROTOCOL_DEFINITION ( 'draft international standard', 'automotive_design', 1998, #2758 ) ;
#2819 = VECTOR ( 'NONE', #2017, 1000.000000000000114 ) ;
#2820 = DIRECTION ( 'NONE',  ( 0.000000000000000000, 0.000000000000000000, 1.000000000000000000 ) ) ;
#2821 = DIRECTION ( 'NONE',  ( 1.000000000000000000, 0.000000000000000000, 0.000000000000000000 ) ) ;
#2822 = CARTESIAN_POINT ( 'NONE',  ( -0.6250000000000005551, 0.4412630149130573609, -0.5374999999999999778 ) ) ;
#2823 = DIRECTION ( 'NONE',  ( 0.06975647374412508039, -0.9975640502598243087, 0.000000000000000000 ) ) ;
#2824 = LINE ( 'NONE', #2659, #1678 ) ;
#2825 = EDGE_CURVE ( 'NONE', #21, #308, #2037, .T. ) ;
#2826 = UNCERTAINTY_MEASURE_WITH_UNIT (LENGTH_MEASURE( 1.000000000000000082E-05 ), #814, 'distance_accuracy_value', 'NONE');
#2827 = AXIS2_PLACEMENT_3D ( 'NONE', #39, #1758, #1247 ) ;
#2828 = VECTOR ( 'NONE', #155, 1000.000000000000114 ) ;
#2829 = DIRECTION ( 'NONE',  ( -0.000000000000000000, 0.000000000000000000, 1.000000000000000000 ) ) ;
#2830 = CARTESIAN_POINT ( 'NONE',  ( -0.6250000000000005551, 0.4412630149130573609, 0.5374999999999999778 ) ) ;
#2831 = PRESENTATION_LAYER_ASSIGNMENT (  '', '', ( #1360 ) ) ;
#2832 = LINE ( 'NONE', #656, #670 ) ;
#2833 = DIRECTION ( 'NONE',  ( -1.000000000000000000, -0.000000000000000000, -0.000000000000000000 ) ) ;
#2834 = EDGE_CURVE ( 'NONE', #87, #1146, #3135, .T. ) ;
#2835 = VECTOR ( 'NONE', #685, 1000.000000000000000 ) ;
#2836 = LINE ( 'NONE', #605, #2783 ) ;
#2837 = DIRECTION ( 'NONE',  ( 0.05720976560063337213, -0.9983621801330019307, 0.000000000000000000 ) ) ;
#2838 = VECTOR ( 'NONE', #1956, 1000.000000000000000 ) ;
#2839 = DIRECTION ( 'NONE',  ( 0.000000000000000000, -0.000000000000000000, -1.000000000000000000 ) ) ;
#2840 = PLANE ( 'NONE',  #2369 ) ;
#2841 = EDGE_LOOP ( 'NONE', ( #1308, #3027, #3132, #2089, #2847, #127, #119, #1681, #2355, #2235, #632, #1578 ) ) ;
#2842 = VECTOR ( 'NONE', #274, 1000.000000000000000 ) ;
#2843 = DIRECTION ( 'NONE',  ( -0.000000000000000000, 1.000000000000000000, -0.000000000000000000 ) ) ;
#2844 = CARTESIAN_POINT ( 'NONE',  ( 0.8537369850869427346, 0.4412630149130573609, 0.5374999999999999778 ) ) ;
#2845 = FACE_OUTER_BOUND ( 'NONE', #1266, .T. ) ;
#2846 =( NAMED_UNIT ( * ) SI_UNIT ( $, .STERADIAN. ) SOLID_ANGLE_UNIT ( ) );
#2847 = ORIENTED_EDGE ( 'NONE', *, *, #476, .F. ) ;
#2848 = FACE_OUTER_BOUND ( 'NONE', #260, .T. ) ;
#2849 = CYLINDRICAL_SURFACE ( 'NONE', #276, 0.08873698508694220777 ) ;
#2850 = DIRECTION ( 'NONE',  ( -1.000000000000000000, 0.000000000000000000, 0.000000000000000000 ) ) ;
#2851 = ORIENTED_EDGE ( 'NONE', *, *, #245, .T. ) ;
#2852 = CARTESIAN_POINT ( 'NONE',  ( -0.6250000000000005551, 0.4412630149130573609, 0.1124999999999999750 ) ) ;
#2853 = FACE_OUTER_BOUND ( 'NONE', #1190, .T. ) ;
#2854 = DIRECTION ( 'NONE',  ( -1.000000000000000000, 0.000000000000000000, 0.000000000000000000 ) ) ;
#2855 = ORIENTED_EDGE ( 'NONE', *, *, #1080, .T. ) ;
#2856 = CYLINDRICAL_SURFACE ( 'NONE', #391, 0.2287369850869420407 ) ;
#2857 = DIRECTION ( 'NONE',  ( 0.000000000000000000, 0.000000000000000000, 1.000000000000000000 ) ) ;
#2858 = DIRECTION ( 'NONE',  ( 0.000000000000000000, -0.000000000000000000, -1.000000000000000000 ) ) ;
#2859 = VECTOR ( 'NONE', #2837, 1000.000000000000000 ) ;
#2860 = AXIS2_PLACEMENT_3D ( 'NONE', #261, #777, #1030 ) ;
#2861 = ORIENTED_EDGE ( 'NONE', *, *, #2456, .F. ) ;
#2862 = AXIS2_PLACEMENT_3D ( 'NONE', #2894, #179, #1672 ) ;
#2863 = ADVANCED_FACE ( 'NONE', ( #1984 ), #806, .F. ) ;
#2864 = LINE ( 'NONE', #2600, #2943 ) ;
#2865 = DIRECTION ( 'NONE',  ( -0.000000000000000000, -0.000000000000000000, -1.000000000000000000 ) ) ;
#2866 = AXIS2_PLACEMENT_3D ( 'NONE', #1793, #1306, #1816 ) ;
#2867 = EDGE_CURVE ( 'NONE', #324, #1225, #987, .T. ) ;
#2868 = VECTOR ( 'NONE', #1376, 1000.000000000000000 ) ;
#2869 = PLANE ( 'NONE',  #1165 ) ;
#2870 =( GEOMETRIC_REPRESENTATION_CONTEXT ( 3 ) GLOBAL_UNCERTAINTY_ASSIGNED_CONTEXT ( ( #3093 ) ) GLOBAL_UNIT_ASSIGNED_CONTEXT ( ( #1100, #1142, #2846 ) ) REPRESENTATION_CONTEXT ( 'NONE', 'WORKASPACE' ) );
#2871 = AXIS2_PLACEMENT_3D ( 'NONE', #1245, #1739, #1205 ) ;
#2872 = LINE ( 'NONE', #2161, #1823 ) ;
#2873 = CARTESIAN_POINT ( 'NONE',  ( 0.8426932010661015715, 0.2419906328159113773, -0.5374999999999999778 ) ) ;
#2874 = LINE ( 'NONE', #2646, #1853 ) ;
#2875 = CARTESIAN_POINT ( 'NONE',  ( -0.7029224958474812324, 0.2500000000000000000, 0.7624999999999999556 ) ) ;
#2876 = FACE_OUTER_BOUND ( 'NONE', #705, .T. ) ;
#2877 = EDGE_CURVE ( 'NONE', #2739, #2067, #3094, .T. ) ;
#2878 = DIRECTION ( 'NONE',  ( 0.9983621801330019307, 0.05720976560063338601, -0.000000000000000000 ) ) ;
#2879 = DIRECTION ( 'NONE',  ( -0.05720976560063394112, 0.9983621801330018197, -0.000000000000000000 ) ) ;
#2880 = COLOUR_RGB ( '',1.000000000000000000, 1.000000000000000000, 1.000000000000000000 ) ;
#2881 = DIRECTION ( 'NONE',  ( 1.000000000000000000, 0.000000000000000000, 0.000000000000000000 ) ) ;
#2882 = CARTESIAN_POINT ( 'NONE',  ( 0.7029224958474812324, 0.2500000000000000000, -0.5374999999999999778 ) ) ;
#2883 = LINE ( 'NONE', #2594, #2868 ) ;
#2884 = PRESENTATION_STYLE_ASSIGNMENT (( #2744 ) ) ;
#2885 = DIRECTION ( 'NONE',  ( 0.000000000000000000, 1.000000000000000000, 0.000000000000000000 ) ) ;
#2886 = LINE ( 'NONE', #2349, #1807 ) ;
#2887 = DIRECTION ( 'NONE',  ( -0.06975647374412508039, -0.9975640502598243087, 0.000000000000000000 ) ) ;
#2888 = ADVANCED_FACE ( 'NONE', ( #2053 ), #2008, .F. ) ;
#2889 = VECTOR ( 'NONE', #593, 1000.000000000000000 ) ;
#2890 = LINE ( 'NONE', #2091, #766 ) ;
#2891 = DIRECTION ( 'NONE',  ( 0.000000000000000000, 0.000000000000000000, 1.000000000000000000 ) ) ;
#2892 = DIRECTION ( 'NONE',  ( 1.000000000000000000, 0.000000000000000000, 0.000000000000000000 ) ) ;
#2893 = CIRCLE ( 'NONE', #201, 0.2287369850869420407 ) ;
#2894 = CARTESIAN_POINT ( 'NONE',  ( 0.6250000000000005551, 0.4412630149130573609, -0.5374999999999999778 ) ) ;
#2895 = DIRECTION ( 'NONE',  ( -0.000000000000000000, -1.000000000000000000, -0.000000000000000000 ) ) ;
#2896 = EDGE_CURVE ( 'NONE', #2766, #280, #3139, .T. ) ;
#2897 = LINE ( 'NONE', #1026, #2927 ) ;
#2898 = DIRECTION ( 'NONE',  ( 1.000000000000000000, 0.000000000000000000, 0.000000000000000000 ) ) ;
#2899 = AXIS2_PLACEMENT_3D ( 'NONE', #837, #1105, #1522 ) ;
#2900 = VECTOR ( 'NONE', #2215, 1000.000000000000000 ) ;
#2901 = EDGE_CURVE ( 'NONE', #495, #192, #997, .T. ) ;
#2902 = EDGE_CURVE ( 'NONE', #3038, #1475, #2060, .T. ) ;
#2903 = VECTOR ( 'NONE', #111, 1000.000000000000000 ) ;
#2904 = DIRECTION ( 'NONE',  ( 0.000000000000000000, 0.000000000000000000, 1.000000000000000000 ) ) ;
#2905 = MANIFOLD_SOLID_BREP ( 'Boss-Extrude4', #505 ) ;
#2906 = LINE ( 'NONE', #399, #2859 ) ;
#2907 = DIRECTION ( 'NONE',  ( -0.000000000000000000, 1.000000000000000000, -0.000000000000000000 ) ) ;
#2908 = LINE ( 'NONE', #2409, #2951 ) ;
#2909 = CIRCLE ( 'NONE', #1526, 0.08873698508694220777 ) ;
#2910 = EDGE_CURVE ( 'NONE', #2187, #2264, #2356, .T. ) ;
#2911 = CIRCLE ( 'NONE', #2757, 0.2287369850869420407 ) ;
#2912 = DIRECTION ( 'NONE',  ( -0.05720976560063394112, 0.9983621801330018197, -0.000000000000000000 ) ) ;
#2913 = VECTOR ( 'NONE', #2382, 1000.000000000000000 ) ;
#2914 = CARTESIAN_POINT ( 'NONE',  ( -0.6250000000000005551, 0.5299999999999994715, -0.1124999999999999750 ) ) ;
#2915 = VECTOR ( 'NONE', #279, 1000.000000000000114 ) ;
#2916 = CARTESIAN_POINT ( 'NONE',  ( -0.8426932010661015715, 0.2419906328159113773, 0.5374999999999999778 ) ) ;
#2917 = FACE_OUTER_BOUND ( 'NONE', #2074, .T. ) ;
#2918 = VECTOR ( 'NONE', #1864, 1000.000000000000000 ) ;
#2919 = PLANE ( 'NONE',  #2410 ) ;
#2920 = CARTESIAN_POINT ( 'NONE',  ( 0.6249999999999987788, 0.6699999999999993738, 1.000000000000000888 ) ) ;
#2921 = DIRECTION ( 'NONE',  ( 0.000000000000000000, 0.000000000000000000, 1.000000000000000000 ) ) ;
#2922 = CIRCLE ( 'NONE', #3126, 0.08873698508694220777 ) ;
#2923 = CARTESIAN_POINT ( 'NONE',  ( -0.6250000000000005551, 0.4412630149130573609, -0.5374999999999999778 ) ) ;
#2924 = CYLINDRICAL_SURFACE ( 'NONE', #2862, 0.08873698508694220777 ) ;
#2925 =( NAMED_UNIT ( * ) PLANE_ANGLE_UNIT ( ) SI_UNIT ( $, .RADIAN. ) );
#2926 = AXIS2_PLACEMENT_3D ( 'NONE', #150, #1618, #1595 ) ;
#2927 = VECTOR ( 'NONE', #2764, 1000.000000000000114 ) ;
#2928 = EDGE_CURVE ( 'NONE', #3214, #1102, #2345, .T. ) ;
#2929 = UNCERTAINTY_MEASURE_WITH_UNIT (LENGTH_MEASURE( 1.000000000000000082E-05 ), #330, 'distance_accuracy_value', 'NONE');
#2930 = CYLINDRICAL_SURFACE ( 'NONE', #1483, 0.2287369850869419297 ) ;
#2931 = DIRECTION ( 'NONE',  ( -0.000000000000000000, -0.000000000000000000, -1.000000000000000000 ) ) ;
#2932 = CARTESIAN_POINT ( 'NONE',  ( -0.9153289654614029658, 0.008734217411429694850, -0.7624999999999999556 ) ) ;
#2933 = ADVANCED_FACE ( 'NONE', ( #2336 ), #1265, .T. ) ;
#2934 = CIRCLE ( 'NONE', #1577, 0.08873698508694220777 ) ;
#2935 = CARTESIAN_POINT ( 'NONE',  ( -0.9312848509559306098, 0.2369140106989805761, 0.1124999999999999750 ) ) ;
#2936 = CARTESIAN_POINT ( 'NONE',  ( 0.8533623551084500436, 0.4281770256120379092, -0.7624999999999999556 ) ) ;
#2937 = STYLED_ITEM ( 'NONE', ( #3156 ), #3189 ) ;
#2938 = VECTOR ( 'NONE', #2616, 1000.000000000000000 ) ;
#2939 = CARTESIAN_POINT ( 'NONE',  ( -0.8426932010661015715, 0.2419906328159113773, -0.5374999999999999778 ) ) ;
#2940 = CARTESIAN_POINT ( 'NONE',  ( 0.6250000000000005551, 0.6699999999999993738, -0.5374999999999999778 ) ) ;
#2941 = CIRCLE ( 'NONE', #2069, 0.08873698508694198572 ) ;
#2942 = DIRECTION ( 'NONE',  ( 0.000000000000000000, -0.000000000000000000, 1.000000000000000000 ) ) ;
#2943 = VECTOR ( 'NONE', #1612, 1000.000000000000000 ) ;
#2944 = LINE ( 'NONE', #1714, #854 ) ;
#2945 = EDGE_CURVE ( 'NONE', #1772, #1370, #2402, .T. ) ;
#2946 = CARTESIAN_POINT ( 'NONE',  ( 0.8426932010661015715, 0.2419906328159113773, 0.7624999999999999556 ) ) ;
#2947 = CARTESIAN_POINT ( 'NONE',  ( -0.7029224958474812324, 0.2500000000000000000, -0.7624999999999999556 ) ) ;
#2948 = LINE ( 'NONE', #2029, #1933 ) ;
#2949 = CARTESIAN_POINT ( 'NONE',  ( 0.7137369850869427212, 0.4412630149130573609, -0.7624999999999999556 ) ) ;
#2950 = CARTESIAN_POINT ( 'NONE',  ( 0.9250948717855804748, 0.1483931844478050266, -0.1124999999999999750 ) ) ;
#2951 = VECTOR ( 'NONE', #951, 1000.000000000000114 ) ;
#2952 = DIRECTION ( 'NONE',  ( 0.000000000000000000, -0.000000000000000000, -1.000000000000000000 ) ) ;
#2953 = PLANE ( 'NONE',  #1875 ) ;
#2954 = DIRECTION ( 'NONE',  ( -0.05720976560063337213, -0.9983621801330019307, 0.000000000000000000 ) ) ;
#2955 = ADVANCED_FACE ( 'NONE', ( #1293 ), #191, .T. ) ;
#2956 = DIRECTION ( 'NONE',  ( 0.000000000000000000, -0.000000000000000000, -1.000000000000000000 ) ) ;
#2957 = DIRECTION ( 'NONE',  ( -1.000000000000000000, 0.000000000000000000, -0.000000000000000000 ) ) ;
#2958 = DIRECTION ( 'NONE',  ( -0.000000000000000000, -0.000000000000000000, -1.000000000000000000 ) ) ;
#2959 = EDGE_CURVE ( 'NONE', #1564, #2739, #265, .T. ) ;
#2960 = LINE ( 'NONE', #2681, #3012 ) ;
#2961 = AXIS2_PLACEMENT_3D ( 'NONE', #1768, #522, #2964 ) ;
#2962 = DIRECTION ( 'NONE',  ( 0.000000000000000000, -0.000000000000000000, -1.000000000000000000 ) ) ;
#2963 = AXIS2_PLACEMENT_3D ( 'NONE', #2300, #1936, #792 ) ;
#2964 = DIRECTION ( 'NONE',  ( 0.1218693434051477398, -0.9925461516413219831, 0.000000000000000000 ) ) ;
#2965 = EDGE_CURVE ( 'NONE', #183, #2031, #2361, .T. ) ;
#2966 = CYLINDRICAL_SURFACE ( 'NONE', #2227, 0.08873698508694198572 ) ;
#2967 = CARTESIAN_POINT ( 'NONE',  ( 0.6250000000000005551, 0.4412630149130573609, 0.5374999999999999778 ) ) ;
#2968 = VECTOR ( 'NONE', #1939, 1000.000000000000000 ) ;
#2969 = CARTESIAN_POINT ( 'NONE',  ( 0.9153289654614029658, 0.008734217411429694850, -0.5374999999999999778 ) ) ;
#2970 = CARTESIAN_POINT ( 'NONE',  ( -0.6250000000000005551, 0.4412630149130573609, 0.5374999999999999778 ) ) ;
#2971 = CARTESIAN_POINT ( 'NONE',  ( -0.9250948717855804748, 0.1483931844478049711, 0.7624999999999999556 ) ) ;
#2972 = ORIENTED_EDGE ( 'NONE', *, *, #1897, .F. ) ;
#2973 = EDGE_CURVE ( 'NONE', #2203, #1516, #232, .T. ) ;
#2974 = VECTOR ( 'NONE', #506, 1000.000000000000000 ) ;
#2975 = DIRECTION ( 'NONE',  ( 1.000000000000000000, 0.000000000000000000, 0.000000000000000000 ) ) ;
#2976 = CARTESIAN_POINT ( 'NONE',  ( -0.7135916498898298155, 0.4361863927961265319, 0.7624999999999999556 ) ) ;
#2977 = ORIENTED_EDGE ( 'NONE', *, *, #1944, .F. ) ;
#2978 = DIRECTION ( 'NONE',  ( 1.000000000000000000, 0.000000000000000000, 0.000000000000000000 ) ) ;
#2979 = CIRCLE ( 'NONE', #100, 0.08873698508694198572 ) ;
#2980 = CARTESIAN_POINT ( 'NONE',  ( -0.6250000000000005551, 0.6699999999999993738, 1.000000000000000888 ) ) ;
#2981 = ORIENTED_EDGE ( 'NONE', *, *, #363, .F. ) ;
#2982 = CARTESIAN_POINT ( 'NONE',  ( -0.7135916498898298155, 0.4361863927961265319, 0.5374999999999999778 ) ) ;
#2983 = LINE ( 'NONE', #1490, #858 ) ;
#2984 = ORIENTED_EDGE ( 'NONE', *, *, #2168, .T. ) ;
#2985 = CIRCLE ( 'NONE', #313, 0.08873698508694220777 ) ;
#2986 = DIRECTION ( 'NONE',  ( 0.06975647374412508039, -0.9975640502598243087, 0.000000000000000000 ) ) ;
#2987 = VERTEX_POINT ( 'NONE', #1492 ) ;
#2988 = FACE_OUTER_BOUND ( 'NONE', #1449, .T. ) ;
#2989 = VECTOR ( 'NONE', #2011, 1000.000000000000000 ) ;
#2990 = CARTESIAN_POINT ( 'NONE',  ( 0.6250000000000005551, 0.4412630149130573609, 0.7624999999999999556 ) ) ;
#2991 = DIRECTION ( 'NONE',  ( -0.05720976560063338601, 0.9983621801330019307, 0.000000000000000000 ) ) ;
#2992 = EDGE_CURVE ( 'NONE', #1475, #382, #2342, .T. ) ;
#2993 = CARTESIAN_POINT ( 'NONE',  ( -0.7029224958474812324, 0.2500000000000000000, 0.5374999999999999778 ) ) ;
#2994 = DIRECTION ( 'NONE',  ( 1.000000000000000000, 0.000000000000000000, 0.000000000000000000 ) ) ;
#2995 = EDGE_CURVE ( 'NONE', #484, #359, #185, .T. ) ;
#2996 = EDGE_LOOP ( 'NONE', ( #3199, #1510, #2119, #1463 ) ) ;
#2997 = ADVANCED_FACE ( 'NONE', ( #223 ), #2953, .F. ) ;
#2998 = VECTOR ( 'NONE', #1464, 1000.000000000000000 ) ;
#2999 = AXIS2_PLACEMENT_3D ( 'NONE', #631, #89, #321 ) ;
#3000 = LINE ( 'NONE', #2738, #855 ) ;
#3001 =( GEOMETRIC_REPRESENTATION_CONTEXT ( 3 ) GLOBAL_UNCERTAINTY_ASSIGNED_CONTEXT ( ( #2251 ) ) GLOBAL_UNIT_ASSIGNED_CONTEXT ( ( #1757, #1038, #941 ) ) REPRESENTATION_CONTEXT ( 'NONE', 'WORKASPACE' ) );
#3002 = ORIENTED_EDGE ( 'NONE', *, *, #2487, .T. ) ;
#3003 = AXIS2_PLACEMENT_3D ( 'NONE', #304, #828, #637 ) ;
#3004 = EDGE_CURVE ( 'NONE', #165, #3088, #2366, .T. ) ;
#3005 = VECTOR ( 'NONE', #1182, 1000.000000000000000 ) ;
#3006 = SURFACE_SIDE_STYLE ('',( #1809 ) ) ;
#3007 = LINE ( 'NONE', #239, #2974 ) ;
#3008 = EDGE_CURVE ( 'NONE', #1663, #44, #2099, .T. ) ;
#3009 = ORIENTED_EDGE ( 'NONE', *, *, #604, .F. ) ;
#3010 = LINE ( 'NONE', #1109, #895 ) ;
#3011 = DIRECTION ( 'NONE',  ( -0.1218693434051477398, 0.9925461516413219831, 0.000000000000000000 ) ) ;
#3012 = VECTOR ( 'NONE', #3147, 1000.000000000000000 ) ;
#3013 = DIRECTION ( 'NONE',  ( -0.000000000000000000, -0.000000000000000000, -1.000000000000000000 ) ) ;
#3014 = PLANE ( 'NONE',  #2866 ) ;
#3015 = ORIENTED_EDGE ( 'NONE', *, *, #2901, .T. ) ;
#3016 = EDGE_CURVE ( 'NONE', #1763, #2375, #1125, .T. ) ;
#3017 = LINE ( 'NONE', #2726, #882 ) ;
#3018 = CARTESIAN_POINT ( 'NONE',  ( 1.049999999999999378, 0.1396589670363751479, 0.1124999999999999750 ) ) ;
#3019 = CYLINDRICAL_SURFACE ( 'NONE', #1157, 0.1150000000000000883 ) ;
#3020 = CARTESIAN_POINT ( 'NONE',  ( 0.6250000000000005551, 0.5299999999999994715, 0.5374999999999999778 ) ) ;
#3021 = DIRECTION ( 'NONE',  ( 0.9975640502598241977, -0.06975647374412612123, 0.000000000000000000 ) ) ;
#3022 = CARTESIAN_POINT ( 'NONE',  ( -0.8533623551084500436, 0.4281770256120379092, -0.1124999999999999750 ) ) ;
#3023 = ORIENTED_EDGE ( 'NONE', *, *, #3220, .F. ) ;
#3024 = FACE_OUTER_BOUND ( 'NONE', #2742, .T. ) ;
#3025 = FACE_OUTER_BOUND ( 'NONE', #1081, .T. ) ;
#3026 = DIRECTION ( 'NONE',  ( 0.000000000000000000, 1.000000000000000000, 0.000000000000000000 ) ) ;
#3027 = ORIENTED_EDGE ( 'NONE', *, *, #2543, .F. ) ;
#3028 = VECTOR ( 'NONE', #2071, 1000.000000000000000 ) ;
#3029 = DIRECTION ( 'NONE',  ( 1.000000000000000000, 0.000000000000000000, 0.000000000000000000 ) ) ;
#3030 = LINE ( 'NONE', #1244, #843 ) ;
#3031 = ORIENTED_EDGE ( 'NONE', *, *, #580, .T. ) ;
#3032 = VECTOR ( 'NONE', #1654, 1000.000000000000000 ) ;
#3033 = CARTESIAN_POINT ( 'NONE',  ( -0.6250000000000005551, 0.5299999999999994715, 0.7624999999999999556 ) ) ;
#3034 = DIRECTION ( 'NONE',  ( 1.000000000000000000, 0.000000000000000000, -0.000000000000000000 ) ) ;
#3035 = VECTOR ( 'NONE', #1920, 1000.000000000000000 ) ;
#3036 = CARTESIAN_POINT ( 'NONE',  ( -1.049999999999999378, 0.1396589670363751479, -0.5374999999999999778 ) ) ;
#3037 = CARTESIAN_POINT ( 'NONE',  ( 0.6249999999999983347, 0.6699999999999993738, -0.9999999999999956701 ) ) ;
#3038 = VERTEX_POINT ( 'NONE', #1990 ) ;
#3039 = AXIS2_PLACEMENT_3D ( 'NONE', #1059, #805, #80 ) ;
#3040 = LINE ( 'NONE', #1916, #1961 ) ;
#3041 = DIRECTION ( 'NONE',  ( -1.000000000000000000, 0.000000000000000000, 0.000000000000000000 ) ) ;
#3042 = EDGE_CURVE ( 'NONE', #308, #1283, #2143, .T. ) ;
#3043 = FACE_OUTER_BOUND ( 'NONE', #46, .T. ) ;
#3044 = DIRECTION ( 'NONE',  ( -0.000000000000000000, -0.000000000000000000, -1.000000000000000000 ) ) ;
#3045 = AXIS2_PLACEMENT_3D ( 'NONE', #1466, #2464, #2748 ) ;
#3046 = VERTEX_POINT ( 'NONE', #241 ) ;
#3047 = COLOUR_RGB ( '',0.8000000000000000444, 0.8196078431372548767, 0.9333333333333333481 ) ;
#3048 = LINE ( 'NONE', #1822, #3074 ) ;
#3049 = AXIS2_PLACEMENT_3D ( 'NONE', #34, #1719, #763 ) ;
#3050 = LINE ( 'NONE', #2729, #903 ) ;
#3051 = EDGE_CURVE ( 'NONE', #1011, #1077, #2129, .T. ) ;
#3052 = DIRECTION ( 'NONE',  ( -1.000000000000000000, 0.000000000000000000, 0.000000000000000000 ) ) ;
#3053 = AXIS2_PLACEMENT_3D ( 'NONE', #878, #2148, #2083 ) ;
#3054 = ORIENTED_EDGE ( 'NONE', *, *, #1437, .F. ) ;
#3055 = CYLINDRICAL_SURFACE ( 'NONE', #537, 0.08873698508694220777 ) ;
#3056 = VECTOR ( 'NONE', #1051, 1000.000000000000114 ) ;
#3057 = DIRECTION ( 'NONE',  ( 0.000000000000000000, 0.000000000000000000, 1.000000000000000000 ) ) ;
#3058 = CARTESIAN_POINT ( 'NONE',  ( 0.8533623551084500436, 0.4281770256120379092, -0.5374999999999999778 ) ) ;
#3059 = CIRCLE ( 'NONE', #3045, 0.08873698508694198572 ) ;
#3060 = ORIENTED_EDGE ( 'NONE', *, *, #3051, .F. ) ;
#3061 = ADVANCED_FACE ( 'NONE', ( #1114 ), #1107, .T. ) ;
#3062 = CARTESIAN_POINT ( 'NONE',  ( -0.3450000000000005285, 0.7247308806541886694, -0.8349999999999956346 ) ) ;
#3063 = CARTESIAN_POINT ( 'NONE',  ( 0.7137369850869427212, 0.4412630149130573609, 0.1124999999999999750 ) ) ;
#3064 = CIRCLE ( 'NONE', #2261, 0.08873698508694220777 ) ;
#3065 = EDGE_CURVE ( 'NONE', #2316, #2497, #2178, .T. ) ;
#3066 = CARTESIAN_POINT ( 'NONE',  ( 0.6250000000000005551, 0.4412630149130573609, 0.1124999999999999750 ) ) ;
#3067 = CARTESIAN_POINT ( 'NONE',  ( -0.7135916498898298155, 0.4361863927961265319, -0.5374999999999999778 ) ) ;
#3068 = VERTEX_POINT ( 'NONE', #14 ) ;
#3069 = CIRCLE ( 'NONE', #2459, 0.2287369850869419297 ) ;
#3070 = LINE ( 'NONE', #2162, #3080 ) ;
#3071 = CYLINDRICAL_SURFACE ( 'NONE', #1525, 0.2287369850869419297 ) ;
#3072 = VERTEX_POINT ( 'NONE', #263 ) ;
#3073 = DIRECTION ( 'NONE',  ( 0.9983621801330019307, -0.05720976560063395500, 0.000000000000000000 ) ) ;
#3074 = VECTOR ( 'NONE', #818, 1000.000000000000114 ) ;
#3075 = CARTESIAN_POINT ( 'NONE',  ( -0.7135916498898298155, 0.4361863927961265319, 0.1124999999999999750 ) ) ;
#3076 = DIRECTION ( 'NONE',  ( -0.000000000000000000, 0.000000000000000000, 1.000000000000000000 ) ) ;
#3077 = ORIENTED_EDGE ( 'NONE', *, *, #581, .T. ) ;
#3078 = FACE_OUTER_BOUND ( 'NONE', #2429, .T. ) ;
#3079 = DIRECTION ( 'NONE',  ( -0.000000000000000000, -0.000000000000000000, -1.000000000000000000 ) ) ;
#3080 = VECTOR ( 'NONE', #3163, 1000.000000000000000 ) ;
#3081 = DIRECTION ( 'NONE',  ( -0.000000000000000000, 0.000000000000000000, 1.000000000000000000 ) ) ;
#3082 = CARTESIAN_POINT ( 'NONE',  ( 0.7135916498898298155, 0.4361863927961265319, -0.5374999999999999778 ) ) ;
#3083 = EDGE_LOOP ( 'NONE', ( #956, #1523, #175, #2380 ) ) ;
#3084 = CARTESIAN_POINT ( 'NONE',  ( -1.049999999999999378, 0.1396589670363751479, 0.7624999999999999556 ) ) ;
#3085 = CARTESIAN_POINT ( 'NONE',  ( 0.7029224958474812324, 0.2500000000000000000, 0.1124999999999999750 ) ) ;
#3086 = CIRCLE ( 'NONE', #908, 0.08873698508694220777 ) ;
#3087 = FILL_AREA_STYLE_COLOUR ( '', #1374 ) ;
#3088 = VERTEX_POINT ( 'NONE', #507 ) ;
#3089 = SURFACE_STYLE_FILL_AREA ( #639 ) ;
#3090 = EDGE_CURVE ( 'NONE', #3038, #2198, #1132, .T. ) ;
#3091 = ADVANCED_FACE ( 'NONE', ( #299 ), #2458, .F. ) ;
#3092 = LINE ( 'NONE', #373, #3028 ) ;
#3093 = UNCERTAINTY_MEASURE_WITH_UNIT (LENGTH_MEASURE( 1.000000000000000082E-05 ), #1100, 'distance_accuracy_value', 'NONE');
#3094 = CIRCLE ( 'NONE', #2308, 0.2287369850869420407 ) ;
#3095 = EDGE_LOOP ( 'NONE', ( #2225, #2214, #347, #1624 ) ) ;
#3096 = VECTOR ( 'NONE', #2907, 1000.000000000000000 ) ;
#3097 = CARTESIAN_POINT ( 'NONE',  ( 0.6250000000000005551, 0.5299999999999994715, 0.7624999999999999556 ) ) ;
#3098 = LINE ( 'NONE', #217, #1981 ) ;
#3099 = LINE ( 'NONE', #1725, #946 ) ;
#3100 = DIRECTION ( 'NONE',  ( -1.000000000000000000, 0.000000000000000000, 0.000000000000000000 ) ) ;
#3101 = DIRECTION ( 'NONE',  ( 0.000000000000000000, -0.000000000000000000, -1.000000000000000000 ) ) ;
#3102 = ORIENTED_EDGE ( 'NONE', *, *, #2118, .T. ) ;
#3103 = CARTESIAN_POINT ( 'NONE',  ( 0.9153289654614029658, 0.008734217411429694850, 0.5374999999999999778 ) ) ;
#3104 = DIRECTION ( 'NONE',  ( 0.9975640502598241977, 0.06975647374412617674, 0.000000000000000000 ) ) ;
#3105 = VECTOR ( 'NONE', #2237, 1000.000000000000000 ) ;
#3106 = ORIENTED_EDGE ( 'NONE', *, *, #832, .T. ) ;
#3107 = FILL_AREA_STYLE ('',( #1408 ) ) ;
#3108 = CARTESIAN_POINT ( 'NONE',  ( 0.8537369850869427346, 0.4412630149130573609, 0.7624999999999999556 ) ) ;
#3109 =( NAMED_UNIT ( * ) PLANE_ANGLE_UNIT ( ) SI_UNIT ( $, .RADIAN. ) );
#3110 = EDGE_LOOP ( 'NONE', ( #3102, #2352, #2519, #3175, #977, #949, #2172, #2245, #2056, #2387, #1495, #2311 ) ) ;
#3111 = ORIENTED_EDGE ( 'NONE', *, *, #105, .T. ) ;
#3112 = ADVANCED_FACE ( 'NONE', ( #2417 ), #1055, .T. ) ;
#3113 = VECTOR ( 'NONE', #1950, 1000.000000000000000 ) ;
#3114 = CARTESIAN_POINT ( 'NONE',  ( -0.9153289654614029658, 0.008734217411429694850, 0.7624999999999999556 ) ) ;
#3115 = DIRECTION ( 'NONE',  ( -0.05720976560063338601, 0.9983621801330019307, 0.000000000000000000 ) ) ;
#3116 = DIRECTION ( 'NONE',  ( -0.000000000000000000, -0.000000000000000000, -1.000000000000000000 ) ) ;
#3117 = VERTEX_POINT ( 'NONE', #1775 ) ;
#3118 = ORIENTED_EDGE ( 'NONE', *, *, #1532, .F. ) ;
#3119 = LINE ( 'NONE', #1831, #1980 ) ;
#3120 = CARTESIAN_POINT ( 'NONE',  ( -0.6250000000000005551, 0.4412630149130573609, -0.1124999999999999750 ) ) ;
#3121 = EDGE_CURVE ( 'NONE', #2031, #2431, #1428, .T. ) ;
#3122 = DIRECTION ( 'NONE',  ( 0.000000000000000000, -0.000000000000000000, -1.000000000000000000 ) ) ;
#3123 = AXIS2_PLACEMENT_3D ( 'NONE', #2512, #3073, #1603 ) ;
#3124 = EDGE_LOOP ( 'NONE', ( #1519, #1480, #2781, #2806 ) ) ;
#3125 = ORIENTED_EDGE ( 'NONE', *, *, #1983, .T. ) ;
#3126 = AXIS2_PLACEMENT_3D ( 'NONE', #2562, #887, #1150 ) ;
#3127 = PLANE ( 'NONE',  #2926 ) ;
#3128 = EDGE_CURVE ( 'NONE', #2282, #1459, #1350, .T. ) ;
#3129 = CARTESIAN_POINT ( 'NONE',  ( 1.049999999999999378, 0.1396589670363751479, 0.7624999999999999556 ) ) ;
#3130 = AXIS2_PLACEMENT_3D ( 'NONE', #1297, #1557, #2655 ) ;
#3131 = MANIFOLD_SOLID_BREP ( 'LPattern1[2]', #1064 ) ;
#3132 = ORIENTED_EDGE ( 'NONE', *, *, #3042, .F. ) ;
#3133 = FACE_OUTER_BOUND ( 'NONE', #2346, .T. ) ;
#3134 = ORIENTED_EDGE ( 'NONE', *, *, #2992, .T. ) ;
#3135 = CIRCLE ( 'NONE', #2827, 0.2287369850869419297 ) ;
#3136 = ORIENTED_EDGE ( 'NONE', *, *, #1070, .F. ) ;
#3137 = ORIENTED_EDGE ( 'NONE', *, *, #2118, .F. ) ;
#3138 = CARTESIAN_POINT ( 'NONE',  ( -0.6250000000000005551, 0.6699999999999993738, 1.000000000000000888 ) ) ;
#3139 = CIRCLE ( 'NONE', #803, 0.2287369850869419297 ) ;
#3140 = DIRECTION ( 'NONE',  ( -0.9975640502598241977, -0.06975647374412612123, 0.000000000000000000 ) ) ;
#3141 = EDGE_CURVE ( 'NONE', #1123, #2316, #2062, .T. ) ;
#3142 = PLANE ( 'NONE',  #1901 ) ;
#3143 = ORIENTED_EDGE ( 'NONE', *, *, #409, .F. ) ;
#3144 = LINE ( 'NONE', #131, #3096 ) ;
#3145 = ORIENTED_EDGE ( 'NONE', *, *, #1597, .F. ) ;
#3146 = ADVANCED_FACE ( 'NONE', ( #3078 ), #3055, .F. ) ;
#3147 = DIRECTION ( 'NONE',  ( -0.000000000000000000, -0.000000000000000000, -1.000000000000000000 ) ) ;
#3148 = DIRECTION ( 'NONE',  ( -0.000000000000000000, -0.000000000000000000, -1.000000000000000000 ) ) ;
#3149 = LINE ( 'NONE', #1499, #1029 ) ;
#3150 = EDGE_LOOP ( 'NONE', ( #143, #1021, #3223, #1008 ) ) ;
#3151 = ORIENTED_EDGE ( 'NONE', *, *, #547, .F. ) ;
#3152 = DIRECTION ( 'NONE',  ( 0.06975647374412617674, -0.9975640502598241977, 0.000000000000000000 ) ) ;
#3153 = CARTESIAN_POINT ( 'NONE',  ( -0.6250000000000005551, 0.5299999999999994715, -0.9999999999999956701 ) ) ;
#3154 = DIRECTION ( 'NONE',  ( -1.000000000000000000, 0.000000000000000000, 0.000000000000000000 ) ) ;
#3155 = ORIENTED_EDGE ( 'NONE', *, *, #954, .F. ) ;
#3156 = PRESENTATION_STYLE_ASSIGNMENT (( #600 ) ) ;
#3157 = ORIENTED_EDGE ( 'NONE', *, *, #2720, .F. ) ;
#3158 = CIRCLE ( 'NONE', #166, 0.08873698508694198572 ) ;
#3159 = ORIENTED_EDGE ( 'NONE', *, *, #1270, .T. ) ;
#3160 = ORIENTED_EDGE ( 'NONE', *, *, #246, .F. ) ;
#3161 = PLANE ( 'NONE',  #480 ) ;
#3162 = VECTOR ( 'NONE', #1973, 1000.000000000000000 ) ;
#3163 = DIRECTION ( 'NONE',  ( -0.000000000000000000, -0.000000000000000000, -1.000000000000000000 ) ) ;
#3164 = CARTESIAN_POINT ( 'NONE',  ( -1.040234093675821869, -1.291323651961581360E-16, -0.1124999999999999750 ) ) ;
#3165 = EDGE_CURVE ( 'NONE', #285, #2282, #3119, .T. ) ;
#3166 = ORIENTED_EDGE ( 'NONE', *, *, #2772, .F. ) ;
#3167 = ORIENTED_EDGE ( 'NONE', *, *, #2959, .T. ) ;
#3168 = EDGE_CURVE ( 'NONE', #1531, #2694, #1000, .T. ) ;
#3169 =( LENGTH_UNIT ( ) NAMED_UNIT ( * ) SI_UNIT ( .MILLI., .METRE. ) );
#3170 = CARTESIAN_POINT ( 'NONE',  ( 0.9250948717855804748, 0.1483931844478049711, -0.5374999999999999778 ) ) ;
#3171 = AXIS2_PLACEMENT_3D ( 'NONE', #1296, #3026, #2741 ) ;
#3172 = DIRECTION ( 'NONE',  ( 0.000000000000000000, -0.000000000000000000, -1.000000000000000000 ) ) ;
#3173 = VECTOR ( 'NONE', #2542, 1000.000000000000114 ) ;
#3174 = AXIS2_PLACEMENT_3D ( 'NONE', #2435, #1201, #2182 ) ;
#3175 = ORIENTED_EDGE ( 'NONE', *, *, #1580, .T. ) ;
#3176 = ORIENTED_EDGE ( 'NONE', *, *, #2157, .T. ) ;
#3177 = AXIS2_PLACEMENT_3D ( 'NONE', #1754, #508, #1942 ) ;
#3178 = EDGE_CURVE ( 'NONE', #2159, #3214, #906, .T. ) ;
#3179 = ADVANCED_FACE ( 'NONE', ( #3133 ), #329, .T. ) ;
#3180 = DIRECTION ( 'NONE',  ( 1.000000000000000000, 0.000000000000000000, 0.000000000000000000 ) ) ;
#3181 = CARTESIAN_POINT ( 'NONE',  ( 0.9312848509559306098, 0.2369140106989806038, 0.1124999999999999750 ) ) ;
#3182 =( LENGTH_UNIT ( ) NAMED_UNIT ( * ) SI_UNIT ( .MILLI., .METRE. ) );
#3183 = AXIS2_PLACEMENT_3D ( 'NONE', #2654, #2895, #915 ) ;
#3184 = ORIENTED_EDGE ( 'NONE', *, *, #1947, .F. ) ;
#3185 = ORIENTED_EDGE ( 'NONE', *, *, #2668, .T. ) ;
#3186 = ORIENTED_EDGE ( 'NONE', *, *, #107, .T. ) ;
#3187 = ORIENTED_EDGE ( 'NONE', *, *, #2363, .T. ) ;
#3188 = ORIENTED_EDGE ( 'NONE', *, *, #24, .T. ) ;
#3189 = MANIFOLD_SOLID_BREP ( 'Cut-Extrude2', #2260 ) ;
#3190 = DIRECTION ( 'NONE',  ( 0.9975640502598241977, -0.06975647374412612123, 0.000000000000000000 ) ) ;
#3191 = EDGE_CURVE ( 'NONE', #36, #355, #922, .T. ) ;
#3192 = DIRECTION ( 'NONE',  ( -1.000000000000000000, 0.000000000000000000, 0.000000000000000000 ) ) ;
#3193 = PLANE ( 'NONE',  #167 ) ;
#3194 = CARTESIAN_POINT ( 'NONE',  ( 0.6250000000000005551, 0.6699999999999993738, 0.1124999999999999750 ) ) ;
#3195 = ORIENTED_EDGE ( 'NONE', *, *, #1818, .T. ) ;
#3196 = ORIENTED_EDGE ( 'NONE', *, *, #1800, .T. ) ;
#3197 = CARTESIAN_POINT ( 'NONE',  ( 0.7135916498898298155, 0.4361863927961265319, -0.1124999999999999750 ) ) ;
#3198 = DIRECTION ( 'NONE',  ( -0.000000000000000000, -0.000000000000000000, -1.000000000000000000 ) ) ;
#3199 = ORIENTED_EDGE ( 'NONE', *, *, #660, .T. ) ;
#3200 = ORIENTED_EDGE ( 'NONE', *, *, #2582, .F. ) ;
#3201 = EDGE_LOOP ( 'NONE', ( #1271, #518, #1628, #216 ) ) ;
#3202 = DIRECTION ( 'NONE',  ( 0.05720976560063394806, -0.9983621801330018197, 0.000000000000000000 ) ) ;
#3203 = DIRECTION ( 'NONE',  ( 0.000000000000000000, -0.000000000000000000, -1.000000000000000000 ) ) ;
#3204 = DIRECTION ( 'NONE',  ( 0.000000000000000000, -0.000000000000000000, -1.000000000000000000 ) ) ;
#3205 = ORIENTED_EDGE ( 'NONE', *, *, #604, .T. ) ;
#3206 = ORIENTED_EDGE ( 'NONE', *, *, #2596, .T. ) ;
#3207 = ADVANCED_FACE ( 'NONE', ( #985 ), #2869, .F. ) ;
#3208 = ORIENTED_EDGE ( 'NONE', *, *, #678, .F. ) ;
#3209 = VERTEX_POINT ( 'NONE', #582 ) ;
#3210 = CARTESIAN_POINT ( 'NONE',  ( 0.9153289654614029658, 0.008734217411429694850, 0.1124999999999999750 ) ) ;
#3211 = AXIS2_PLACEMENT_3D ( 'NONE', #703, #1995, #1195 ) ;
#3212 = EDGE_CURVE ( 'NONE', #2497, #2467, #3069, .T. ) ;
#3213 = DIRECTION ( 'NONE',  ( -1.000000000000000000, 0.000000000000000000, 0.000000000000000000 ) ) ;
#3214 = VERTEX_POINT ( 'NONE', #661 ) ;
#3215 = AXIS2_PLACEMENT_3D ( 'NONE', #2808, #2545, #2075 ) ;
#3216 = ORIENTED_EDGE ( 'NONE', *, *, #945, .T. ) ;
#3217 = CARTESIAN_POINT ( 'NONE',  ( 1.040234093675821869, -1.291323651961581360E-16, 0.7624999999999999556 ) ) ;
#3218 = DIRECTION ( 'NONE',  ( 0.000000000000000000, -0.000000000000000000, -1.000000000000000000 ) ) ;
#3219 = CARTESIAN_POINT ( 'NONE',  ( 0.6250000000000005551, 0.4412630149130573609, -0.5374999999999999778 ) ) ;
#3220 = EDGE_CURVE ( 'NONE', #192, #2987, #3144, .T. ) ;
#3221 = ORIENTED_EDGE ( 'NONE', *, *, #1659, .F. ) ;
#3222 = PRODUCT_DEFINITION ( 'UNKNOWN', '', #1004, #2325 ) ;
#3223 = ORIENTED_EDGE ( 'NONE', *, *, #1740, .F. ) ;
ENDSEC;
END-ISO-10303-21;
