ISO-10303-21;
HEADER;
FILE_DESCRIPTION (( 'STEP AP214' ),
    '1' );
FILE_NAME ('TLS850C2TEV50ATMA1.STEP',
    '2024-12-21T03:42:19',
    ( '' ),
    ( '' ),
    'SwSTEP 2.0',
    'SolidWorks 2023',
    '' );
FILE_SCHEMA (( 'AUTOMOTIVE_DESIGN' ));
ENDSEC;

DATA;
#1 = CARTESIAN_POINT ( 'NONE',  ( -0.02133639050056881925, -0.05708661417322914711, 0.09448818897637796532 ) ) ;
#2 = VECTOR ( 'NONE', #1124, 39.37007874015748143 ) ;
#3 = PRESENTATION_STYLE_ASSIGNMENT (( #3142 ) ) ;
#4 = DIRECTION ( 'NONE',  ( 0.000000000000000000, 0.000000000000000000, 1.000000000000000000 ) ) ;
#5 =( CONVERSION_BASED_UNIT ( 'INCH', #366 ) LENGTH_UNIT ( ) NAMED_UNIT ( #3057 ) );
#6 = ORIENTED_EDGE ( 'NONE', *, *, #3156, .T. ) ;
#7 =( GEOMETRIC_REPRESENTATION_CONTEXT ( 3 ) GLOBAL_UNCERTAINTY_ASSIGNED_CONTEXT ( ( #3098 ) ) GLOBAL_UNIT_ASSIGNED_CONTEXT ( ( #2404, #3475, #1790 ) ) REPRESENTATION_CONTEXT ( 'NONE', 'WORKASPACE' ) );
#8 = CARTESIAN_POINT ( 'NONE',  ( 0.1162603867299973337, -0.1224408907185289136, 0.03543342725899512741 ) ) ;
#9 = ORIENTED_EDGE ( 'NONE', *, *, #3883, .F. ) ;
#10 = PRESENTATION_STYLE_ASSIGNMENT (( #4557 ) ) ;
#11 =( LENGTH_UNIT ( ) NAMED_UNIT ( * ) SI_UNIT ( $, .METRE. ) );
#12 = FILL_AREA_STYLE ('',( #3508 ) ) ;
#13 = CARTESIAN_POINT ( 'NONE',  ( -0.02030762751502796296, -0.06366712147233909158, 0.09448818897637796532 ) ) ;
#14 = SURFACE_SIDE_STYLE ('',( #4245 ) ) ;
#15 = CARTESIAN_POINT ( 'NONE',  ( 0.03307087177366720837, -0.2088085965456301374, 0.02403768819161437170 ) ) ;
#16 = EDGE_CURVE ( 'NONE', #2744, #792, #1030, .T. ) ;
#17 = CARTESIAN_POINT ( 'NONE',  ( -0.1087102328802070639, 0.1031984200144728248, 0.08661417322834634447 ) ) ;
#18 =( LENGTH_UNIT ( ) NAMED_UNIT ( * ) SI_UNIT ( $, .METRE. ) );
#19 =( NAMED_UNIT ( * ) SI_UNIT ( $, .STERADIAN. ) SOLID_ANGLE_UNIT ( ) );
#20 = VECTOR ( 'NONE', #4068, 39.37007874015748143 ) ;
#21 = EDGE_LOOP ( 'NONE', ( #1764, #4429, #3611, #1255 ) ) ;
#22 = ORIENTED_EDGE ( 'NONE', *, *, #2590, .F. ) ;
#23 = PRODUCT_RELATED_PRODUCT_CATEGORY ( 'part', '', ( #161 ) ) ;
#24 = COLOUR_RGB ( '',0.7490196078431372584, 0.7490196078431372584, 0.7490196078431372584 ) ;
#25 = CARTESIAN_POINT ( 'NONE',  ( 0.03307087177366720837, -0.1102362204724421230, 0.05511811016288858944 ) ) ;
#26 = EDGE_CURVE ( 'NONE', #661, #2168, #4069, .T. ) ;
#27 =( LENGTH_UNIT ( ) NAMED_UNIT ( * ) SI_UNIT ( $, .METRE. ) );
#28 = DIRECTION ( 'NONE',  ( -1.000000000000000000, -0.000000000000000000, -0.000000000000000000 ) ) ;
#29 = PRESENTATION_STYLE_ASSIGNMENT (( #3189 ) ) ;
#30 = AXIS2_PLACEMENT_3D ( 'NONE', #4368, #788, #1867 ) ;
#31 = STYLED_ITEM ( 'NONE', ( #1683 ), #1326 ) ;
#32 = CARTESIAN_POINT ( 'NONE',  ( -0.09904354743320192833, -0.1229527891282500007, 0.08944687502559331427 ) ) ;
#33 = CARTESIAN_POINT ( 'NONE',  ( -0.1148677646145329634, -0.1093559517487987659, 0.09459351435917277839 ) ) ;
#34 = ORIENTED_EDGE ( 'NONE', *, *, #2770, .F. ) ;
#35 = ORIENTED_EDGE ( 'NONE', *, *, #2475, .T. ) ;
#36 = VERTEX_POINT ( 'NONE', #2842 ) ;
#37 = CARTESIAN_POINT ( 'NONE',  ( 0.01061136451049192117, -0.02435170306505074142, 0.09842519685039373412 ) ) ;
#38 = DIRECTION ( 'NONE',  ( 0.000000000000000000, 0.000000000000000000, 1.000000000000000000 ) ) ;
#39 = DIMENSIONAL_EXPONENTS ( 1.000000000000000000, 0.000000000000000000, 0.000000000000000000, 0.000000000000000000, 0.000000000000000000, 0.000000000000000000, 0.000000000000000000 ) ;
#40 = DIRECTION ( 'NONE',  ( 0.000000000000000000, 0.4472135955000001717, 0.8944271909998946501 ) ) ;
#41 = UNCERTAINTY_MEASURE_WITH_UNIT (LENGTH_MEASURE( 1.000000000000000082E-05 ), #760, 'distance_accuracy_value', 'NONE');
#42 = COLOUR_RGB ( '',0.2862745098039215508, 0.2862745098039215508, 0.2862745098039215508 ) ;
#43 = CYLINDRICAL_SURFACE ( 'NONE', #390, 0.01181102362204724046 ) ;
#44 = DIRECTION ( 'NONE',  ( 1.000000000000000000, 0.000000000000000000, 0.000000000000000000 ) ) ;
#45 = DIRECTION ( 'NONE',  ( -0.9899494936611668017, 0.000000000000000000, 0.1414213562373083100 ) ) ;
#46 =( LENGTH_UNIT ( ) NAMED_UNIT ( * ) SI_UNIT ( $, .METRE. ) );
#47 =( CONVERSION_BASED_UNIT ( 'INCH', #1087 ) LENGTH_UNIT ( ) NAMED_UNIT ( #2370 ) );
#48 = CONTEXT_DEPENDENT_SHAPE_REPRESENTATION ( #699, #1676 ) ;
#49 = ORIENTED_EDGE ( 'NONE', *, *, #1837, .F. ) ;
#50 = DIRECTION ( 'NONE',  ( 1.000000000000000000, 0.000000000000000000, -0.000000000000000000 ) ) ;
#51 = DIRECTION ( 'NONE',  ( -1.000000000000000000, 0.000000000000000000, 0.000000000000000000 ) ) ;
#52 = EDGE_CURVE ( 'NONE', #1167, #2287, #4260, .T. ) ;
#53 = CARTESIAN_POINT ( 'NONE',  ( -0.1198785008695568699, -0.1069378805101795921, 0.08572732244063106799 ) ) ;
#54 =( CONVERSION_BASED_UNIT ( 'INCH', #2545 ) LENGTH_UNIT ( ) NAMED_UNIT ( #577 ) );
#55 = CARTESIAN_POINT ( 'NONE',  ( 0.03307087177366720837, -0.1102362204724421230, -0.03543307086614220364 ) ) ;
#56 = ORIENTED_EDGE ( 'NONE', *, *, #3628, .T. ) ;
#57 = ORIENTED_EDGE ( 'NONE', *, *, #4338, .T. ) ;
#58 = COLOUR_RGB ( '',0.7490196078431372584, 0.7490196078431372584, 0.7490196078431372584 ) ;
#59 = EDGE_LOOP ( 'NONE', ( #2145, #1719, #926, #57 ) ) ;
#60 = LENGTH_MEASURE_WITH_UNIT ( LENGTH_MEASURE( 0.02539999999999999897 ), #2104 );
#61 = CARTESIAN_POINT ( 'NONE',  ( 0.03307087177366720837, -0.2109849210383858420, 0.01968503937007870172 ) ) ;
#62 = PRESENTATION_STYLE_ASSIGNMENT (( #3844 ) ) ;
#63 =( GEOMETRIC_REPRESENTATION_CONTEXT ( 3 ) GLOBAL_UNCERTAINTY_ASSIGNED_CONTEXT ( ( #3226 ) ) GLOBAL_UNIT_ASSIGNED_CONTEXT ( ( #1730, #3891, #67 ) ) REPRESENTATION_CONTEXT ( 'NONE', 'WORKASPACE' ) );
#64 = UNCERTAINTY_MEASURE_WITH_UNIT (LENGTH_MEASURE( 1.000000000000000082E-05 ), #1671, 'distance_accuracy_value', 'NONE');
#65 = AXIS2_PLACEMENT_3D ( 'NONE', #3813, #2078, #3125 ) ;
#66 = LINE ( 'NONE', #2128, #110 ) ;
#67 =( NAMED_UNIT ( * ) SI_UNIT ( $, .STERADIAN. ) SOLID_ANGLE_UNIT ( ) );
#68 = SURFACE_STYLE_FILL_AREA ( #4289 ) ;
#69 = FILL_AREA_STYLE_COLOUR ( '', #1938 ) ;
#70 = ORIENTED_EDGE ( 'NONE', *, *, #591, .F. ) ;
#71 = ORIENTED_EDGE ( 'NONE', *, *, #401, .F. ) ;
#72 = CARTESIAN_POINT ( 'NONE',  ( -0.1196288998397472686, 0.1084901687106427925, 0.08912937073787070841 ) ) ;
#73 = PRESENTATION_LAYER_ASSIGNMENT (  '', '', ( #1106 ) ) ;
#74 =( NAMED_UNIT ( * ) PLANE_ANGLE_UNIT ( ) SI_UNIT ( $, .RADIAN. ) );
#75 = ADVANCED_FACE ( 'NONE', ( #843 ), #3343, .T. ) ;
#76 =( GEOMETRIC_REPRESENTATION_CONTEXT ( 3 ) GLOBAL_UNCERTAINTY_ASSIGNED_CONTEXT ( ( #2481 ) ) GLOBAL_UNIT_ASSIGNED_CONTEXT ( ( #4062, #4316, #3971 ) ) REPRESENTATION_CONTEXT ( 'NONE', 'WORKASPACE' ) );
#77 = LINE ( 'NONE', #1481, #833 ) ;
#78 = CARTESIAN_POINT ( 'NONE',  ( 0.05669290775389173448, -0.1933780865698838669, -0.01088162213582774367 ) ) ;
#79 = SURFACE_STYLE_FILL_AREA ( #768 ) ;
#80 = CARTESIAN_POINT ( 'NONE',  ( -0.1196288998397472686, -0.1084901687106427509, 0.08912937073787070841 ) ) ;
#81 = PRODUCT ( 'Part_67', 'Part_67', '', ( #96 ) ) ;
#82 = ORIENTED_EDGE ( 'NONE', *, *, #1608, .T. ) ;
#83 = EDGE_LOOP ( 'NONE', ( #4134, #1373, #3619, #2769 ) ) ;
#84 = ORIENTED_EDGE ( 'NONE', *, *, #2206, .T. ) ;
#85 = CARTESIAN_POINT ( 'NONE',  ( 0.04488188976377952694, -0.1865431732726409164, -0.02455144873031460395 ) ) ;
#86 = DIRECTION ( 'NONE',  ( -0.000000000000000000, 1.000000000000000000, -0.000000000000000000 ) ) ;
#87 = DIRECTION ( 'NONE',  ( -0.000000000000000000, -0.000000000000000000, 1.000000000000000000 ) ) ;
#88 = AXIS2_PLACEMENT_3D ( 'NONE', #4307, #2216, #821 ) ;
#89 = EDGE_CURVE ( 'NONE', #3543, #36, #2573, .T. ) ;
#90 = VERTEX_POINT ( 'NONE', #2547 ) ;
#91 = CLOSED_SHELL ( 'NONE', ( #2198, #4336, #4312, #3039, #1543, #234 ) ) ;
#92 = DIRECTION ( 'NONE',  ( 1.000000000000000000, -0.000000000000000000, 0.000000000000000000 ) ) ;
#93 = CARTESIAN_POINT ( 'NONE',  ( -0.02367582059326544391, -0.05708661417322914711, 0.09448818897637795144 ) ) ;
#94 = DIRECTION ( 'NONE',  ( -0.9899494936611664686, 2.891205793294678622E-15, 0.1414213562373096977 ) ) ;
#95 = CARTESIAN_POINT ( 'NONE',  ( 0.1122047230601311008, 0.05905510485172283525, 0.000000000000000000 ) ) ;
#96 = PRODUCT_CONTEXT ( 'NONE', #1929, 'mechanical' ) ;
#97 = ORIENTED_EDGE ( 'NONE', *, *, #2681, .F. ) ;
#98 = CARTESIAN_POINT ( 'NONE',  ( 0.09904354743320184506, -0.1229527891282501395, 0.08944687502559334202 ) ) ;
#99 = AXIS2_PLACEMENT_3D ( 'NONE', #2491, #51, #687 ) ;
#100 = CIRCLE ( 'NONE', #835, 0.01181102362204724913 ) ;
#101 = COLOUR_RGB ( '',0.8392156862745098200, 0.8392156862745098200, 0.8392156862745098200 ) ;
#102 = CARTESIAN_POINT ( 'NONE',  ( 0.05669290775389173448, -0.2109849210383858420, -2.347681869555226049E-17 ) ) ;
#103 = DIMENSIONAL_EXPONENTS ( 1.000000000000000000, 0.000000000000000000, 0.000000000000000000, 0.000000000000000000, 0.000000000000000000, 0.000000000000000000, 0.000000000000000000 ) ;
#104 = CARTESIAN_POINT ( 'NONE',  ( 0.05669290775389173448, -0.1102362204724421230, -0.04527559051451535838 ) ) ;
#105 = CYLINDRICAL_SURFACE ( 'NONE', #620, 0.003937007874015741038 ) ;
#106 = AXIS2_PLACEMENT_3D ( 'NONE', #2201, #2801, #2826 ) ;
#107 = EDGE_LOOP ( 'NONE', ( #2736, #2636, #3725, #4158, #2600 ) ) ;
#108 = LINE ( 'NONE', #4031, #2162 ) ;
#109 = EDGE_CURVE ( 'NONE', #1936, #4436, #1898, .T. ) ;
#110 = VECTOR ( 'NONE', #1776, 39.37007874015748143 ) ;
#111 = CIRCLE ( 'NONE', #559, 0.01181102362204724046 ) ;
#112 = ORIENTED_EDGE ( 'NONE', *, *, #815, .F. ) ;
#113 = CARTESIAN_POINT ( 'NONE',  ( -0.03439529210087651639, -0.05490667015837200765, 0.09842519685039372024 ) ) ;
#114 = CARTESIAN_POINT ( 'NONE',  ( 0.05669290775389173448, -0.1102362204724421230, 0.04527559051451535838 ) ) ;
#115 = UNCERTAINTY_MEASURE_WITH_UNIT (LENGTH_MEASURE( 1.000000000000000082E-05 ), #811, 'distance_accuracy_value', 'NONE');
#116 = ORIENTED_EDGE ( 'NONE', *, *, #1569, .F. ) ;
#117 = FILL_AREA_STYLE ('',( #2413 ) ) ;
#118 = CARTESIAN_POINT ( 'NONE',  ( -0.1279524187820745840, 0.1107482890620811317, 0.03543542087431431065 ) ) ;
#119 = CARTESIAN_POINT ( 'NONE',  ( -0.1279510657682244867, -0.1176091900340076046, 0.03553890009853869630 ) ) ;
#120 = CARTESIAN_POINT ( 'NONE',  ( -0.1122047230601311008, 0.1224409416317941007, 0.000000000000000000 ) ) ;
#121 = ITEM_DEFINED_TRANSFORMATION ( 'NONE', 'NONE', #3072,  #3288 ) ;
#122 = EDGE_LOOP ( 'NONE', ( #2147, #2779, #3232, #2029, #2069, #2919, #1969, #3438, #4348, #968 ) ) ;
#123 =( NAMED_UNIT ( * ) SI_UNIT ( $, .STERADIAN. ) SOLID_ANGLE_UNIT ( ) );
#124 = CARTESIAN_POINT ( 'NONE',  ( 0.1240157466235122380, 0.1106299180097468499, -2.427716478744609050E-17 ) ) ;
#125 = SURFACE_STYLE_USAGE ( .BOTH. , #2564 ) ;
#126 = CARTESIAN_POINT ( 'NONE',  ( 0.03023879773076759703, -0.07415039167162651434, 0.09842519685039369248 ) ) ;
#127 = COLOUR_RGB ( '',0.8313725490196077761, 0.8313725490196077761, 0.8313725490196077761 ) ;
#128 = CARTESIAN_POINT ( 'NONE',  ( -0.1122047230601311008, 0.05708660091471496473, 0.01968503937007870172 ) ) ;
#129 = PLANE ( 'NONE',  #987 ) ;
#130 = ORIENTED_EDGE ( 'NONE', *, *, #1869, .F. ) ;
#131 = PLANE ( 'NONE',  #1505 ) ;
#132 = DIMENSIONAL_EXPONENTS ( 1.000000000000000000, 0.000000000000000000, 0.000000000000000000, 0.000000000000000000, 0.000000000000000000, 0.000000000000000000, 0.000000000000000000 ) ;
#133 = CARTESIAN_POINT ( 'NONE',  ( -1.720386548353338774E-19, -0.1102362204724421230, 0.04527559051451535838 ) ) ;
#134 = FACE_OUTER_BOUND ( 'NONE', #457, .T. ) ;
#135 = SURFACE_STYLE_USAGE ( .BOTH. , #499 ) ;
#136 =( LENGTH_UNIT ( ) NAMED_UNIT ( * ) SI_UNIT ( $, .METRE. ) );
#137 = LINE ( 'NONE', #3621, #3814 ) ;
#138 = SURFACE_SIDE_STYLE ('',( #193 ) ) ;
#139 = FACE_OUTER_BOUND ( 'NONE', #2942, .T. ) ;
#140 =( NAMED_UNIT ( * ) PLANE_ANGLE_UNIT ( ) SI_UNIT ( $, .RADIAN. ) );
#141 = EDGE_CURVE ( 'NONE', #1054, #769, #2988, .T. ) ;
#142 = VECTOR ( 'NONE', #1301, 39.37007874015748854 ) ;
#143 = VERTEX_POINT ( 'NONE', #2270 ) ;
#144 = CARTESIAN_POINT ( 'NONE',  ( -0.1202221624595166544, 0.1029596173691314509, 0.09539756035398333500 ) ) ;
#145 = CARTESIAN_POINT ( 'NONE',  ( 0.1148677646145330328, -0.1093559517487987520, 0.09459351435917275064 ) ) ;
#146 = EDGE_CURVE ( 'NONE', #2885, #183, #745, .T. ) ;
#147 = DIRECTION ( 'NONE',  ( 0.000000000000000000, 0.000000000000000000, 1.000000000000000000 ) ) ;
#148 = VECTOR ( 'NONE', #225, 39.37007874015748143 ) ;
#149 = CARTESIAN_POINT ( 'NONE',  ( -0.02786517945796132545, -0.05708661417322914017, 0.09645669291338584972 ) ) ;
#150 = STYLED_ITEM ( 'NONE', ( #3378 ), #3979 ) ;
#151 = FILL_AREA_STYLE_COLOUR ( '', #748 ) ;
#152 =( NAMED_UNIT ( * ) PLANE_ANGLE_UNIT ( ) SI_UNIT ( $, .RADIAN. ) );
#153 = CARTESIAN_POINT ( 'NONE',  ( -0.03439396841535381083, -0.05708661417322914017, 0.09842519685039370636 ) ) ;
#154 = ORIENTED_EDGE ( 'NONE', *, *, #1381, .F. ) ;
#155 = MECHANICAL_DESIGN_GEOMETRIC_PRESENTATION_REPRESENTATION (  '', ( #4272 ), #2288 ) ;
#156 =( CONVERSION_BASED_UNIT ( 'INCH', #4054 ) LENGTH_UNIT ( ) NAMED_UNIT ( #3580 ) );
#157 = PRESENTATION_STYLE_ASSIGNMENT (( #4009 ) ) ;
#158 = CARTESIAN_POINT ( 'NONE',  ( -0.1087102328802070639, 0.1031984200144728248, 0.08661417322834634447 ) ) ;
#159 = ORIENTED_EDGE ( 'NONE', *, *, #3421, .T. ) ;
#160 = PRESENTATION_LAYER_ASSIGNMENT (  '', '', ( #2154 ) ) ;
#161 = PRODUCT ( 'Part_464', 'Part_464', '', ( #4291 ) ) ;
#162 = EDGE_CURVE ( 'NONE', #1456, #1733, #3266, .T. ) ;
#163 = LENGTH_MEASURE_WITH_UNIT ( LENGTH_MEASURE( 0.02539999999999999897 ), #3969 );
#164 = VECTOR ( 'NONE', #822, 39.37007874015748143 ) ;
#165 = LINE ( 'NONE', #1566, #1107 ) ;
#166 = CONTEXT_DEPENDENT_SHAPE_REPRESENTATION ( #3488, #3517 ) ;
#167 = DIMENSIONAL_EXPONENTS ( 1.000000000000000000, 0.000000000000000000, 0.000000000000000000, 0.000000000000000000, 0.000000000000000000, 0.000000000000000000, 0.000000000000000000 ) ;
#168 = ORIENTED_EDGE ( 'NONE', *, *, #570, .T. ) ;
#169 = VECTOR ( 'NONE', #1677, 39.37007874015748854 ) ;
#170 = ORIENTED_EDGE ( 'NONE', *, *, #588, .F. ) ;
#171 = SURFACE_STYLE_FILL_AREA ( #1937 ) ;
#172 = CARTESIAN_POINT ( 'NONE',  ( -0.005397431752817572446, -0.09118104166879371919, 0.09842519685039372024 ) ) ;
#173 =( CONVERSION_BASED_UNIT ( 'INCH', #1117 ) LENGTH_UNIT ( ) NAMED_UNIT ( #4055 ) );
#174 = EDGE_CURVE ( 'NONE', #4363, #2186, #108, .T. ) ;
#175 = CARTESIAN_POINT ( 'NONE',  ( 0.1279349426813253254, 0.1138291905669142068, 0.03555775357963167349 ) ) ;
#176 = VECTOR ( 'NONE', #3678, 39.37007874015748143 ) ;
#177 = DIRECTION ( 'NONE',  ( -1.000000000000000000, 0.000000000000000000, 0.000000000000000000 ) ) ;
#178 = CARTESIAN_POINT ( 'NONE',  ( 0.1191321952458408162, 0.1223986091690182354, 0.000000000000000000 ) ) ;
#179 = ADVANCED_FACE ( 'NONE', ( #2646, #4053 ), #884, .T. ) ;
#180 =( CONVERSION_BASED_UNIT ( 'INCH', #3341 ) LENGTH_UNIT ( ) NAMED_UNIT ( #1515 ) );
#181 = PRESENTATION_LAYER_ASSIGNMENT (  '', '', ( #3851 ) ) ;
#182 = SURFACE_SIDE_STYLE ('',( #466 ) ) ;
#183 = VERTEX_POINT ( 'NONE', #4482 ) ;
#184 = COLOUR_RGB ( '',0.2862745098039215508, 0.2862745098039215508, 0.2862745098039215508 ) ;
#185 = STYLED_ITEM ( 'NONE', ( #311 ), #982 ) ;
#186 = DIRECTION ( 'NONE',  ( 0.1400280084028000249, -0.1400280084028000249, 0.9801960588196071411 ) ) ;
#187 =( BOUNDED_CURVE ( )  B_SPLINE_CURVE ( 3, ( #2763, #985, #3769, #1306 ),
 .UNSPECIFIED., .F., .T. ) 
 B_SPLINE_CURVE_WITH_KNOTS ( ( 4, 4 ),
 ( 1.576912578689831701, 3.141592653589793116 ),
 .UNSPECIFIED. ) 
 CURVE ( )  GEOMETRIC_REPRESENTATION_ITEM ( )  RATIONAL_B_SPLINE_CURVE ( ( 1.000000000000000000, 0.8061772619566435205, 0.8061772619566435205, 1.000000000000000000 ) ) 
 REPRESENTATION_ITEM ( '' )  );
#188 = VECTOR ( 'NONE', #1529, 39.37007874015748143 ) ;
#189 = PRESENTATION_LAYER_ASSIGNMENT (  '', '', ( #2693 ) ) ;
#190 = CARTESIAN_POINT ( 'NONE',  ( 0.1160690469671636360, 0.1224409416317940036, 0.03543307086614019830 ) ) ;
#191 = CARTESIAN_POINT ( 'NONE',  ( 0.02786517945796130463, -0.1128169730891517425, 0.09645669291338584972 ) ) ;
#192 =( NAMED_UNIT ( * ) SI_UNIT ( $, .STERADIAN. ) SOLID_ANGLE_UNIT ( ) );
#193 = SURFACE_STYLE_FILL_AREA ( #2559 ) ;
#194 = CIRCLE ( 'NONE', #334, 0.01181102362204724567 ) ;
#195 = PRESENTATION_STYLE_ASSIGNMENT (( #2582 ) ) ;
#196 = CARTESIAN_POINT ( 'NONE',  ( 0.04488188976377952694, -0.2109849210383858420, 2.775557561562889810E-17 ) ) ;
#197 = EDGE_LOOP ( 'NONE', ( #3568, #951, #216, #3741, #309, #3294, #865, #3951, #604, #465 ) ) ;
#198 = FILL_AREA_STYLE ('',( #3361 ) ) ;
#199 = LENGTH_MEASURE_WITH_UNIT ( LENGTH_MEASURE( 0.02539999999999999897 ), #4021 );
#200 = CARTESIAN_POINT ( 'NONE',  ( 0.1083750633130067809, -0.1084901687106427787, 0.09781377893776743715 ) ) ;
#201 = EDGE_LOOP ( 'NONE', ( #3040, #669, #2321, #930 ) ) ;
#202 = DIMENSIONAL_EXPONENTS ( 1.000000000000000000, 0.000000000000000000, 0.000000000000000000, 0.000000000000000000, 0.000000000000000000, 0.000000000000000000, 0.000000000000000000 ) ;
#203 = MECHANICAL_DESIGN_GEOMETRIC_PRESENTATION_REPRESENTATION (  '', ( #4323 ), #1519 ) ;
#204 = CARTESIAN_POINT ( 'NONE',  ( 0.1196288998397472547, 0.1084901687106428203, 0.08912937073787070841 ) ) ;
#205 =( CONVERSION_BASED_UNIT ( 'INCH', #2961 ) LENGTH_UNIT ( ) NAMED_UNIT ( #4085 ) );
#206 =( NAMED_UNIT ( * ) PLANE_ANGLE_UNIT ( ) SI_UNIT ( $, .RADIAN. ) );
#207 = EDGE_CURVE ( 'NONE', #3272, #4556, #3386, .T. ) ;
#208 = LENGTH_MEASURE_WITH_UNIT ( LENGTH_MEASURE( 0.02539999999999999897 ), #2596 );
#209 = UNCERTAINTY_MEASURE_WITH_UNIT (LENGTH_MEASURE( 1.000000000000000082E-05 ), #3457, 'distance_accuracy_value', 'NONE');
#210 = ORIENTED_EDGE ( 'NONE', *, *, #2753, .T. ) ;
#211 = CARTESIAN_POINT ( 'NONE',  ( -0.1122047230601311008, 0.05905510485172283525, 0.01968503937007870172 ) ) ;
#212 =( CONVERSION_BASED_UNIT ( 'INCH', #3717 ) LENGTH_UNIT ( ) NAMED_UNIT ( #4255 ) );
#213 = PRESENTATION_STYLE_ASSIGNMENT (( #1232 ) ) ;
#214 = ORIENTED_EDGE ( 'NONE', *, *, #519, .T. ) ;
#215 = CARTESIAN_POINT ( 'NONE',  ( 0.1087102328802070778, 0.1031984200144728386, 0.08661417322834646937 ) ) ;
#216 = ORIENTED_EDGE ( 'NONE', *, *, #2416, .T. ) ;
#217 = PRESENTATION_LAYER_ASSIGNMENT (  '', '', ( #3152 ) ) ;
#218 = CARTESIAN_POINT ( 'NONE',  ( 0.1279510526289409922, -0.1176092125325052806, 0.03553890024245842660 ) ) ;
#219 = CARTESIAN_POINT ( 'NONE',  ( -0.1122047224632864992, 0.1224408679941058342, 0.0002180519672647580930 ) ) ;
#220 = ORIENTED_EDGE ( 'NONE', *, *, #1517, .T. ) ;
#221 = FILL_AREA_STYLE_COLOUR ( '', #484 ) ;
#222 = AXIS2_PLACEMENT_3D ( 'NONE', #3478, #316, #2117 ) ;
#223 = EDGE_CURVE ( 'NONE', #4043, #2168, #1348, .T. ) ;
#224 = PLANE ( 'NONE',  #3059 ) ;
#225 = DIRECTION ( 'NONE',  ( 1.000000000000000000, -0.000000000000000000, 0.000000000000000000 ) ) ;
#226 = AXIS2_PLACEMENT_3D ( 'NONE', #1242, #3366, #1607 ) ;
#227 = CARTESIAN_POINT ( 'NONE',  ( 0.1087102328802070778, 0.1031984200144728386, 0.08661417322834646937 ) ) ;
#228 = CARTESIAN_POINT ( 'NONE',  ( 0.03439396841535381777, -0.05270598238392219803, 0.09842519685039370636 ) ) ;
#229 = ADVANCED_FACE ( 'NONE', ( #986 ), #3484, .F. ) ;
#230 = DIMENSIONAL_EXPONENTS ( 1.000000000000000000, 0.000000000000000000, 0.000000000000000000, 0.000000000000000000, 0.000000000000000000, 0.000000000000000000, 0.000000000000000000 ) ;
#231 = SURFACE_STYLE_USAGE ( .BOTH. , #1639 ) ;
#232 = DIRECTION ( 'NONE',  ( 0.000000000000000000, 0.000000000000000000, 1.000000000000000000 ) ) ;
#233 = ORIENTED_EDGE ( 'NONE', *, *, #1910, .F. ) ;
#234 = ADVANCED_FACE ( 'NONE', ( #2713 ), #4112, .T. ) ;
#235 = DIRECTION ( 'NONE',  ( 0.000000000000000000, -1.000000000000000000, 0.000000000000000000 ) ) ;
#236 = FILL_AREA_STYLE_COLOUR ( '', #1784 ) ;
#237 = CARTESIAN_POINT ( 'NONE',  ( -0.08661417663097362163, 0.1555117815732960651, 0.01968503937007870172 ) ) ;
#238 = DIRECTION ( 'NONE',  ( 1.000000000000000000, 0.000000000000000000, 0.000000000000000000 ) ) ;
#239 = EDGE_CURVE ( 'NONE', #2169, #1121, #2784, .T. ) ;
#240 =( GEOMETRIC_REPRESENTATION_CONTEXT ( 3 ) GLOBAL_UNCERTAINTY_ASSIGNED_CONTEXT ( ( #3565 ) ) GLOBAL_UNIT_ASSIGNED_CONTEXT ( ( #1151, #2555, #2482 ) ) REPRESENTATION_CONTEXT ( 'NONE', 'WORKASPACE' ) );
#241 = ORIENTED_EDGE ( 'NONE', *, *, #4396, .T. ) ;
#242 = CARTESIAN_POINT ( 'NONE',  ( 0.04488188976377952694, -0.2314960629921287427, -0.009842519668641693323 ) ) ;
#243 = CARTESIAN_POINT ( 'NONE',  ( 0.1122047230601311008, -0.04330709576606733141, 0.01968503937007870172 ) ) ;
#244 = CARTESIAN_POINT ( 'NONE',  ( -0.1198785008695568560, -0.1069378805101795504, 0.08572732244063108187 ) ) ;
#245 = AXIS2_PLACEMENT_3D ( 'NONE', #4059, #1930, #825 ) ;
#246 = ORIENTED_EDGE ( 'NONE', *, *, #2692, .F. ) ;
#247 = FILL_AREA_STYLE_COLOUR ( '', #2520 ) ;
#248 = CARTESIAN_POINT ( 'NONE',  ( 0.03307087177366720837, -0.2088085965456303039, -0.02403768819161461109 ) ) ;
#249 = COLOUR_RGB ( '',0.8313725490196077761, 0.8313725490196077761, 0.8313725490196077761 ) ;
#250 = PRESENTATION_STYLE_ASSIGNMENT (( #3058 ) ) ;
#251 = DIRECTION ( 'NONE',  ( 0.000000000000000000, -0.9899494936611666907, 0.1414213562373089206 ) ) ;
#252 = SURFACE_STYLE_FILL_AREA ( #3795 ) ;
#253 = VECTOR ( 'NONE', #2544, 39.37007874015748143 ) ;
#254 = CARTESIAN_POINT ( 'NONE',  ( 0.03152771989915996442, -0.04332801343518556669, 0.09842519685039369248 ) ) ;
#255 = FACE_OUTER_BOUND ( 'NONE', #1443, .T. ) ;
#256 = CARTESIAN_POINT ( 'NONE',  ( -0.1178348209933564456, 0.1093559517487987798, 0.09230388373546648262 ) ) ;
#257 = LINE ( 'NONE', #3412, #4027 ) ;
#258 = ADVANCED_FACE ( 'NONE', ( #3336 ), #3339, .T. ) ;
#259 = ORIENTED_EDGE ( 'NONE', *, *, #3584, .F. ) ;
#260 = VECTOR ( 'NONE', #1008, 39.37007874015748143 ) ;
#261 = STYLED_ITEM ( 'NONE', ( #831 ), #996 ) ;
#262 = DIRECTION ( 'NONE',  ( 0.000000000000000000, 0.000000000000000000, -1.000000000000000000 ) ) ;
#263 = LINE ( 'NONE', #3042, #1333 ) ;
#264 =( LENGTH_UNIT ( ) NAMED_UNIT ( * ) SI_UNIT ( $, .METRE. ) );
#265 = LENGTH_MEASURE_WITH_UNIT ( LENGTH_MEASURE( 0.02539999999999999897 ), #597 );
#266 = DIMENSIONAL_EXPONENTS ( 1.000000000000000000, 0.000000000000000000, 0.000000000000000000, 0.000000000000000000, 0.000000000000000000, 0.000000000000000000, 0.000000000000000000 ) ;
#267 = EDGE_LOOP ( 'NONE', ( #272, #2866, #1455, #3172 ) ) ;
#268 = AXIS2_PLACEMENT_3D ( 'NONE', #61, #3526, #2796 ) ;
#269 = CARTESIAN_POINT ( 'NONE',  ( 0.1148677646145330050, 0.1093559517487987381, 0.09459351435917273676 ) ) ;
#270 = SURFACE_STYLE_FILL_AREA ( #4523 ) ;
#271 = DIRECTION ( 'NONE',  ( 0.000000000000000000, 0.000000000000000000, 1.000000000000000000 ) ) ;
#272 = ORIENTED_EDGE ( 'NONE', *, *, #937, .T. ) ;
#273 = CARTESIAN_POINT ( 'NONE',  ( 0.08661417663097362163, 0.1555117815732960651, 0.000000000000000000 ) ) ;
#274 = LINE ( 'NONE', #3095, #4442 ) ;
#275 =( CONVERSION_BASED_UNIT ( 'INCH', #2747 ) LENGTH_UNIT ( ) NAMED_UNIT ( #2258 ) );
#276 = SURFACE_STYLE_USAGE ( .BOTH. , #3852 ) ;
#277 = CARTESIAN_POINT ( 'NONE',  ( 0.02367582059326545085, -0.009734972986698245401, 0.09448818897637792369 ) ) ;
#278 = CARTESIAN_POINT ( 'NONE',  ( 0.04488188976377952694, -0.1102362204724421230, 0.03543307086614220364 ) ) ;
#279 =( LENGTH_UNIT ( ) NAMED_UNIT ( * ) SI_UNIT ( $, .METRE. ) );
#280 = CARTESIAN_POINT ( 'NONE',  ( -0.1148677646145330883, 0.1093559517487987520, 0.09459351435917283391 ) ) ;
#281 = ORIENTED_EDGE ( 'NONE', *, *, #815, .T. ) ;
#282 = PLANE ( 'NONE',  #729 ) ;
#283 = CARTESIAN_POINT ( 'NONE',  ( 0.03439396841535381083, -0.05708661417322914017, 0.09842519685039370636 ) ) ;
#284 = DIRECTION ( 'NONE',  ( -0.3185010084789309803, -0.8533504650966919902, 0.4127348922942710163 ) ) ;
#285 =( CONVERSION_BASED_UNIT ( 'INCH', #2719 ) LENGTH_UNIT ( ) NAMED_UNIT ( #2727 ) );
#286 =( NAMED_UNIT ( * ) SI_UNIT ( $, .STERADIAN. ) SOLID_ANGLE_UNIT ( ) );
#287 = LINE ( 'NONE', #2758, #3306 ) ;
#288 = CARTESIAN_POINT ( 'NONE',  ( 0.000000000000000000, 0.000000000000000000, 0.000000000000000000 ) ) ;
#289 = ORIENTED_EDGE ( 'NONE', *, *, #4257, .T. ) ;
#290 = SURFACE_SIDE_STYLE ('',( #2056 ) ) ;
#291 = LINE ( 'NONE', #2401, #1712 ) ;
#292 =( CONVERSION_BASED_UNIT ( 'INCH', #1325 ) LENGTH_UNIT ( ) NAMED_UNIT ( #606 ) );
#293 = MECHANICAL_DESIGN_GEOMETRIC_PRESENTATION_REPRESENTATION (  '', ( #2487 ), #2065 ) ;
#294 = DIRECTION ( 'NONE',  ( 1.000000000000000000, 0.000000000000000000, -0.000000000000000000 ) ) ;
#295 = CARTESIAN_POINT ( 'NONE',  ( 0.01181101799011228387, -0.1102362204724421230, 0.04527559051451535838 ) ) ;
#296 = CARTESIAN_POINT ( 'NONE',  ( -0.1259842505605200946, 0.000000000000000000, 0.01771653543307078957 ) ) ;
#297 = DIRECTION ( 'NONE',  ( 0.9899494936611666907, 0.000000000000000000, 0.1414213562373089206 ) ) ;
#298 = VECTOR ( 'NONE', #1742, 39.37007874015748143 ) ;
#299 = ORIENTED_EDGE ( 'NONE', *, *, #537, .F. ) ;
#300 =( GEOMETRIC_REPRESENTATION_CONTEXT ( 3 ) GLOBAL_UNCERTAINTY_ASSIGNED_CONTEXT ( ( #3423 ) ) GLOBAL_UNIT_ASSIGNED_CONTEXT ( ( #2915, #3978, #437 ) ) REPRESENTATION_CONTEXT ( 'NONE', 'WORKASPACE' ) );
#301 = DIRECTION ( 'NONE',  ( 0.000000000000000000, 0.000000000000000000, 1.000000000000000000 ) ) ;
#302 = DIRECTION ( 'NONE',  ( -1.445602896647339706E-15, 0.000000000000000000, -1.000000000000000000 ) ) ;
#303 =( GEOMETRIC_REPRESENTATION_CONTEXT ( 3 ) GLOBAL_UNCERTAINTY_ASSIGNED_CONTEXT ( ( #639 ) ) GLOBAL_UNIT_ASSIGNED_CONTEXT ( ( #1063, #1451, #2108 ) ) REPRESENTATION_CONTEXT ( 'NONE', 'WORKASPACE' ) );
#304 = SHAPE_REPRESENTATION ( 'Part_464_MIR', ( #3288 ), #3658 ) ;
#305 = CARTESIAN_POINT ( 'NONE',  ( -0.01049855372200364512, -0.07567919842936630948, 0.09448818897637796532 ) ) ;
#306 = CARTESIAN_POINT ( 'NONE',  ( 0.1191706366267054756, -0.1185039337577783874, 0.000000000000000000 ) ) ;
#307 = STYLED_ITEM ( 'NONE', ( #556 ), #2358 ) ;
#308 = CARTESIAN_POINT ( 'NONE',  ( -0.03026844945576534149, -0.07350243311849558037, 0.09842519685039366473 ) ) ;
#309 = ORIENTED_EDGE ( 'NONE', *, *, #174, .F. ) ;
#310 = EDGE_CURVE ( 'NONE', #2001, #4545, #2243, .T. ) ;
#311 = PRESENTATION_STYLE_ASSIGNMENT (( #1089 ) ) ;
#312 = EDGE_CURVE ( 'NONE', #924, #3799, #861, .T. ) ;
#313 = CARTESIAN_POINT ( 'NONE',  ( 0.1122047230601311008, -0.04330709576606731753, 0.000000000000000000 ) ) ;
#314 = AXIS2_PLACEMENT_3D ( 'NONE', #227, #1284, #1634 ) ;
#315 = CARTESIAN_POINT ( 'NONE',  ( -0.1050208858822707647, -0.1069378805101796059, 0.09719270965501837500 ) ) ;
#316 = DIRECTION ( 'NONE',  ( 0.000000000000000000, -1.000000000000000000, 0.000000000000000000 ) ) ;
#317 = DIRECTION ( 'NONE',  ( 0.000000000000000000, -1.000000000000000000, -0.000000000000000000 ) ) ;
#318 = FACE_OUTER_BOUND ( 'NONE', #3069, .T. ) ;
#319 = ORIENTED_EDGE ( 'NONE', *, *, #2269, .T. ) ;
#320 = COLOUR_RGB ( '',0.8313725490196077761, 0.8313725490196077761, 0.8313725490196077761 ) ;
#321 = VERTEX_POINT ( 'NONE', #78 ) ;
#322 = CIRCLE ( 'NONE', #1963, 0.01968503937007870866 ) ;
#323 = CARTESIAN_POINT ( 'NONE',  ( 0.01181101799011228387, -0.1102362204724421230, 0.03543307086614220364 ) ) ;
#324 = PRESENTATION_STYLE_ASSIGNMENT (( #2105 ) ) ;
#325 = ORIENTED_EDGE ( 'NONE', *, *, #2044, .T. ) ;
#326 = STYLED_ITEM ( 'NONE', ( #3648 ), #1131 ) ;
#327 = CARTESIAN_POINT ( 'NONE',  ( 0.000000000000000000, -0.1102362204724421230, 0.03543307086614220364 ) ) ;
#328 =( GEOMETRIC_REPRESENTATION_CONTEXT ( 3 ) GLOBAL_UNCERTAINTY_ASSIGNED_CONTEXT ( ( #2873 ) ) GLOBAL_UNIT_ASSIGNED_CONTEXT ( ( #180, #4369, #2518 ) ) REPRESENTATION_CONTEXT ( 'NONE', 'WORKASPACE' ) );
#329 = AXIS2_PLACEMENT_3D ( 'NONE', #3183, #2436, #406 ) ;
#330 = CARTESIAN_POINT ( 'NONE',  ( 0.1122047230601311008, 0.1574802975954972539, 0.000000000000000000 ) ) ;
#331 = SHAPE_REPRESENTATION_RELATIONSHIP ( 'NONE' , 'NONE' ,  #2501, #2659 ) ;
#332 = ORIENTED_EDGE ( 'NONE', *, *, #2892, .F. ) ;
#333 = COLOUR_RGB ( '',0.2862745098039215508, 0.2862745098039215508, 0.2862745098039215508 ) ;
#334 = AXIS2_PLACEMENT_3D ( 'NONE', #2368, #284, #1702 ) ;
#335 = SURFACE_STYLE_FILL_AREA ( #3093 ) ;
#336 = FILL_AREA_STYLE_COLOUR ( '', #1416 ) ;
#337 = FILL_AREA_STYLE_COLOUR ( '', #1848 ) ;
#338 = EDGE_CURVE ( 'NONE', #2890, #1870, #4048, .T. ) ;
#339 = VECTOR ( 'NONE', #3687, 39.37007874015748143 ) ;
#340 =( NAMED_UNIT ( * ) PLANE_ANGLE_UNIT ( ) SI_UNIT ( $, .RADIAN. ) );
#341 =( LENGTH_UNIT ( ) NAMED_UNIT ( * ) SI_UNIT ( $, .METRE. ) );
#342 = CARTESIAN_POINT ( 'NONE',  ( 0.05669290775389173448, -0.1689363388041381919, -0.05511811016288858944 ) ) ;
#343 = CARTESIAN_POINT ( 'NONE',  ( -0.006580507299109488242, -0.03677898665820093088, 0.09448818897637796532 ) ) ;
#344 = LENGTH_MEASURE_WITH_UNIT ( LENGTH_MEASURE( 0.02539999999999999897 ), #1761 );
#345 = LENGTH_MEASURE_WITH_UNIT ( LENGTH_MEASURE( 0.02539999999999999897 ), #3215 );
#346 = ORIENTED_EDGE ( 'NONE', *, *, #1377, .F. ) ;
#347 = ORIENTED_EDGE ( 'NONE', *, *, #1459, .T. ) ;
#348 = EDGE_LOOP ( 'NONE', ( #1922, #1620, #1985, #1261 ) ) ;
#349 = EDGE_CURVE ( 'NONE', #1829, #360, #1579, .T. ) ;
#350 = FILL_AREA_STYLE ('',( #3592 ) ) ;
#351 = STYLED_ITEM ( 'NONE', ( #736 ), #4511 ) ;
#352 = LINE ( 'NONE', #427, #4232 ) ;
#353 =( NAMED_UNIT ( * ) SI_UNIT ( $, .STERADIAN. ) SOLID_ANGLE_UNIT ( ) );
#354 = ORIENTED_EDGE ( 'NONE', *, *, #146, .T. ) ;
#355 = B_SPLINE_CURVE_WITH_KNOTS ( 'NONE', 3,
 ( #1891, #1550, #1185, #3281, #2251, #1918, #3305, #126, #2955, #4364, #1212, #3334, #2614, #4023, #3675, #522, #4044, #1939, #172, #1574, #3400, #3429, #1302, #1366, #2759, #2067, #308, #953, #2005, #3743, #582, #4178, #3445 ),
 .UNSPECIFIED., .F., .F.,
 ( 4, 1, 1, 2, 2, 2, 1, 1, 2, 2, 2, 1, 2, 2, 2, 1, 1, 2, 2, 4 ),
 ( 0.000000000000000000, 0.03125000000000010408, 0.04687500000000009714, 0.05468750000000010408, 0.06250000000000011102, 0.1250000000000002498, 0.1562500000000002498, 0.1718750000000001665, 0.1796875000000001665, 0.1875000000000001388, 0.2500000000000000555, 0.2812500000000000555, 0.2968750000000000555, 0.3125000000000000555, 0.3750000000000001110, 0.4062500000000001665, 0.4218750000000000555, 0.4296875000000000555, 0.4375000000000000000, 0.5000000000000000000 ),
 .UNSPECIFIED. ) ;
#356 = SURFACE_SIDE_STYLE ('',( #801 ) ) ;
#357 = CARTESIAN_POINT ( 'NONE',  ( 0.1279527544975275766, 0.1106299180097468776, 0.03543307086614167628 ) ) ;
#358 = SURFACE_STYLE_FILL_AREA ( #3511 ) ;
#359 = CYLINDRICAL_SURFACE ( 'NONE', #2663, 0.01181102362204724913 ) ;
#360 = VERTEX_POINT ( 'NONE', #3308 ) ;
#361 =( LENGTH_UNIT ( ) NAMED_UNIT ( * ) SI_UNIT ( $, .METRE. ) );
#362 = DIRECTION ( 'NONE',  ( 0.000000000000000000, 0.000000000000000000, 1.000000000000000000 ) ) ;
#363 = CIRCLE ( 'NONE', #3528, 0.01968503937007870866 ) ;
#364 = CARTESIAN_POINT ( 'NONE',  ( -0.01058105688470014315, -0.03832497523527222255, 0.09448818897637796532 ) ) ;
#365 = CARTESIAN_POINT ( 'NONE',  ( -0.1082677151861153597, 0.1614173054695129950, 0.01968503937007870172 ) ) ;
#366 = LENGTH_MEASURE_WITH_UNIT ( LENGTH_MEASURE( 0.02539999999999999897 ), #1372 );
#367 = ORIENTED_EDGE ( 'NONE', *, *, #3798, .T. ) ;
#368 = COLOUR_RGB ( '',0.8313725490196077761, 0.8313725490196077761, 0.8313725490196077761 ) ;
#369 = ORIENTED_EDGE ( 'NONE', *, *, #1837, .T. ) ;
#370 = ORIENTED_EDGE ( 'NONE', *, *, #3240, .F. ) ;
#371 =( CONVERSION_BASED_UNIT ( 'INCH', #60 ) LENGTH_UNIT ( ) NAMED_UNIT ( #1886 ) );
#372 = STYLED_ITEM ( 'NONE', ( #3737 ), #3571 ) ;
#373 = LINE ( 'NONE', #775, #2821 ) ;
#374 = ADVANCED_FACE ( 'NONE', ( #1217 ), #129, .T. ) ;
#375 = DIRECTION ( 'NONE',  ( 0.000000000000000000, 0.000000000000000000, -1.000000000000000000 ) ) ;
#376 = LINE ( 'NONE', #2533, #813 ) ;
#377 = LINE ( 'NONE', #1401, #1065 ) ;
#378 = EDGE_CURVE ( 'NONE', #3849, #2169, #905, .T. ) ;
#379 = LINE ( 'NONE', #1777, #1996 ) ;
#380 = DIRECTION ( 'NONE',  ( -0.1400280084028000249, -0.1400280084028000249, 0.9801960588196071411 ) ) ;
#381 =( NAMED_UNIT ( * ) PLANE_ANGLE_UNIT ( ) SI_UNIT ( $, .RADIAN. ) );
#382 = DIRECTION ( 'NONE',  ( -0.1104315260748449934, 0.000000000000000000, -0.9938837346736190126 ) ) ;
#383 = AXIS2_PLACEMENT_3D ( 'NONE', #3015, #238, #1703 ) ;
#384 =( CONVERSION_BASED_UNIT ( 'INCH', #4317 ) LENGTH_UNIT ( ) NAMED_UNIT ( #893 ) );
#385 = EDGE_LOOP ( 'NONE', ( #771, #1076, #2499, #3599, #1857 ) ) ;
#386 = COLOUR_RGB ( '',0.2862745098039215508, 0.2862745098039215508, 0.2862745098039215508 ) ;
#387 = CARTESIAN_POINT ( 'NONE',  ( 0.000000000000000000, 0.1148907368687386021, 0.08828450420752716188 ) ) ;
#388 =( NAMED_UNIT ( * ) SI_UNIT ( $, .STERADIAN. ) SOLID_ANGLE_UNIT ( ) );
#389 = CARTESIAN_POINT ( 'NONE',  ( 0.1148677646145330050, 0.1093559517487987798, 0.09459351435917273676 ) ) ;
#390 = AXIS2_PLACEMENT_3D ( 'NONE', #3967, #1448, #2849 ) ;
#391 = CARTESIAN_POINT ( 'NONE',  ( -0.1204025497344728413, 0.000000000000000000, 0.08828450420752716188 ) ) ;
#392 = SURFACE_STYLE_FILL_AREA ( #3539 ) ;
#393 = CARTESIAN_POINT ( 'NONE',  ( -0.1129022185835665409, -0.1073904057178326904, 0.006931615413765826635 ) ) ;
#394 = SURFACE_SIDE_STYLE ('',( #2840 ) ) ;
#395 = ORIENTED_EDGE ( 'NONE', *, *, #2210, .F. ) ;
#396 = ORIENTED_EDGE ( 'NONE', *, *, #841, .T. ) ;
#397 = ORIENTED_EDGE ( 'NONE', *, *, #3883, .T. ) ;
#398 = CARTESIAN_POINT ( 'NONE',  ( 0.01181101799011228387, -0.1102362204724421230, 0.03543307086614220364 ) ) ;
#399 = DIRECTION ( 'NONE',  ( 0.000000000000000000, 1.000000000000000000, -0.000000000000000000 ) ) ;
#400 = LENGTH_MEASURE_WITH_UNIT ( LENGTH_MEASURE( 0.02539999999999999897 ), #3549 );
#401 = EDGE_CURVE ( 'NONE', #2790, #1054, #3404, .T. ) ;
#402 = UNCERTAINTY_MEASURE_WITH_UNIT (LENGTH_MEASURE( 1.000000000000000082E-05 ), #1914, 'distance_accuracy_value', 'NONE');
#403 = AXIS2_PLACEMENT_3D ( 'NONE', #1921, #177, #1143 ) ;
#404 = FILL_AREA_STYLE_COLOUR ( '', #4231 ) ;
#405 = FACE_OUTER_BOUND ( 'NONE', #2271, .T. ) ;
#406 = DIRECTION ( 'NONE',  ( 0.5213376868395971364, -0.5213376868395942498, 0.6755842157432923045 ) ) ;
#407 = LENGTH_MEASURE_WITH_UNIT ( LENGTH_MEASURE( 0.02539999999999999897 ), #1405 );
#408 = CONTEXT_DEPENDENT_SHAPE_REPRESENTATION ( #4096, #2369 ) ;
#409 = VECTOR ( 'NONE', #3337, 39.37007874015748143 ) ;
#410 = DIMENSIONAL_EXPONENTS ( 1.000000000000000000, 0.000000000000000000, 0.000000000000000000, 0.000000000000000000, 0.000000000000000000, 0.000000000000000000, 0.000000000000000000 ) ;
#411 = ORIENTED_EDGE ( 'NONE', *, *, #378, .F. ) ;
#412 = VECTOR ( 'NONE', #1562, 39.37007874015748143 ) ;
#413 =( GEOMETRIC_REPRESENTATION_CONTEXT ( 3 ) GLOBAL_UNCERTAINTY_ASSIGNED_CONTEXT ( ( #2504 ) ) GLOBAL_UNIT_ASSIGNED_CONTEXT ( ( #3140, #3876, #4567 ) ) REPRESENTATION_CONTEXT ( 'NONE', 'WORKASPACE' ) );
#414 = FACE_OUTER_BOUND ( 'NONE', #694, .T. ) ;
#415 =( LENGTH_UNIT ( ) NAMED_UNIT ( * ) SI_UNIT ( $, .METRE. ) );
#416 = STYLED_ITEM ( 'NONE', ( #4301 ), #1773 ) ;
#417 = DIRECTION ( 'NONE',  ( 0.000000000000000000, 0.4472135954999464924, 0.8944271909999215175 ) ) ;
#418 = LENGTH_MEASURE_WITH_UNIT ( LENGTH_MEASURE( 0.02539999999999999897 ), #1092 );
#419 = MECHANICAL_DESIGN_GEOMETRIC_PRESENTATION_REPRESENTATION (  '', ( #2390 ), #1727 ) ;
#420 = CARTESIAN_POINT ( 'NONE',  ( -0.1148677646145330328, -0.1093559517487987659, 0.09459351435917270901 ) ) ;
#421 = DIRECTION ( 'NONE',  ( -0.5213376868395972474, 0.5213376868395958041, 0.6755842157432909723 ) ) ;
#422 = SURFACE_STYLE_FILL_AREA ( #1438 ) ;
#423 = ORIENTED_EDGE ( 'NONE', *, *, #1403, .F. ) ;
#424 = ORIENTED_EDGE ( 'NONE', *, *, #1972, .F. ) ;
#425 = EDGE_LOOP ( 'NONE', ( #241, #2045, #2965, #70 ) ) ;
#426 = SURFACE_STYLE_FILL_AREA ( #773 ) ;
#427 = CARTESIAN_POINT ( 'NONE',  ( 0.05669290775389173448, -0.1102362204724421230, 0.01968503933728338665 ) ) ;
#428 = FILL_AREA_STYLE ('',( #2174 ) ) ;
#429 = PRODUCT_DEFINITION_CONTEXT ( 'detailed design', #3958, 'design' ) ;
#430 =( GEOMETRIC_REPRESENTATION_CONTEXT ( 3 ) GLOBAL_UNCERTAINTY_ASSIGNED_CONTEXT ( ( #1338 ) ) GLOBAL_UNIT_ASSIGNED_CONTEXT ( ( #1668, #3054, #1002 ) ) REPRESENTATION_CONTEXT ( 'NONE', 'WORKASPACE' ) );
#431 = DIRECTION ( 'NONE',  ( 0.000000000000000000, 0.000000000000000000, -1.000000000000000000 ) ) ;
#432 = DIRECTION ( 'NONE',  ( 1.000000000000000000, -0.000000000000000000, 0.000000000000000000 ) ) ;
#433 =( CONVERSION_BASED_UNIT ( 'INCH', #2130 ) LENGTH_UNIT ( ) NAMED_UNIT ( #866 ) );
#434 = FACE_OUTER_BOUND ( 'NONE', #714, .T. ) ;
#435 = VERTEX_POINT ( 'NONE', #3383 ) ;
#436 = CARTESIAN_POINT ( 'NONE',  ( -0.1148677646145330328, 0.1093559517487987520, 0.09459351435917275064 ) ) ;
#437 =( NAMED_UNIT ( * ) SI_UNIT ( $, .STERADIAN. ) SOLID_ANGLE_UNIT ( ) );
#438 = EDGE_CURVE ( 'NONE', #4545, #4436, #4439, .T. ) ;
#439 = DIRECTION ( 'NONE',  ( 0.000000000000000000, 1.000000000000000000, 0.000000000000000000 ) ) ;
#440 = DIRECTION ( 'NONE',  ( 0.000000000000000000, 0.000000000000000000, 1.000000000000000000 ) ) ;
#441 = FILL_AREA_STYLE ('',( #2255 ) ) ;
#443 = EDGE_CURVE ( 'NONE', #1201, #1344, #274, .T. ) ;
#442 = CARTESIAN_POINT ( 'NONE',  ( 0.03307087177366720837, -0.1865431732726409719, 0.02455144873031447211 ) ) ;
#444 =( LENGTH_UNIT ( ) NAMED_UNIT ( * ) SI_UNIT ( $, .METRE. ) );
#445 = ORIENTED_EDGE ( 'NONE', *, *, #2807, .T. ) ;
#446 = VERTEX_POINT ( 'NONE', #2730 ) ;
#447 = VERTEX_POINT ( 'NONE', #4136 ) ;
#448 = CARTESIAN_POINT ( 'NONE',  ( -0.01641581894526306096, -0.02681816471746290009, 0.09842519685039372024 ) ) ;
#449 = FILL_AREA_STYLE_COLOUR ( '', #4012 ) ;
#450 = FACE_OUTER_BOUND ( 'NONE', #2100, .T. ) ;
#451 = UNCERTAINTY_MEASURE_WITH_UNIT (LENGTH_MEASURE( 1.000000000000000082E-05 ), #3044, 'distance_accuracy_value', 'NONE');
#452 = SURFACE_STYLE_FILL_AREA ( #117 ) ;
#453 = AXIS2_PLACEMENT_3D ( 'NONE', #3167, #2448, #891 ) ;
#454 = FILL_AREA_STYLE_COLOUR ( '', #3099 ) ;
#455 = SURFACE_STYLE_USAGE ( .BOTH. , #3868 ) ;
#456 = PRODUCT_CONTEXT ( 'NONE', #1193, 'mechanical' ) ;
#457 = EDGE_LOOP ( 'NONE', ( #4087, #3859, #347, #643 ) ) ;
#458 =( LENGTH_UNIT ( ) NAMED_UNIT ( * ) SI_UNIT ( $, .METRE. ) );
#459 = ORIENTED_EDGE ( 'NONE', *, *, #2335, .F. ) ;
#460 = DIRECTION ( 'NONE',  ( -1.000000000000000000, -0.000000000000000000, -0.000000000000000000 ) ) ;
#461 = VECTOR ( 'NONE', #1199, 39.37007874015748143 ) ;
#462 = DIRECTION ( 'NONE',  ( 0.000000000000000000, 0.000000000000000000, -1.000000000000000000 ) ) ;
#463 = PRESENTATION_STYLE_ASSIGNMENT (( #734 ) ) ;
#464 = CARTESIAN_POINT ( 'NONE',  ( 0.04488188976377952694, -0.1689363388041381919, -0.01574803149606350539 ) ) ;
#465 = ORIENTED_EDGE ( 'NONE', *, *, #3506, .F. ) ;
#466 = SURFACE_STYLE_FILL_AREA ( #511 ) ;
#467 = EDGE_CURVE ( 'NONE', #2691, #3849, #2380, .T. ) ;
#468 = VECTOR ( 'NONE', #3439, 39.37007874015748143 ) ;
#469 = EDGE_LOOP ( 'NONE', ( #561, #2751, #2791, #3637, #940, #2864, #3021, #2612, #3974, #1817, #3127, #856 ) ) ;
#470 = FILL_AREA_STYLE ('',( #2257 ) ) ;
#471 = DIRECTION ( 'NONE',  ( 0.000000000000000000, 0.4472135954999579277, -0.8944271909999158554 ) ) ;
#472 = DIMENSIONAL_EXPONENTS ( 1.000000000000000000, 0.000000000000000000, 0.000000000000000000, 0.000000000000000000, 0.000000000000000000, 0.000000000000000000, 0.000000000000000000 ) ;
#473 = PRESENTATION_STYLE_ASSIGNMENT (( #798 ) ) ;
#474 =( CONVERSION_BASED_UNIT ( 'INCH', #2941 ) LENGTH_UNIT ( ) NAMED_UNIT ( #2643 ) );
#475 =( CONVERSION_BASED_UNIT ( 'INCH', #3620 ) LENGTH_UNIT ( ) NAMED_UNIT ( #1197 ) );
#476 = PRESENTATION_LAYER_ASSIGNMENT (  '', '', ( #2441 ) ) ;
#477 = DIRECTION ( 'NONE',  ( 0.000000000000000000, 1.000000000000000000, 0.000000000000000000 ) ) ;
#478 = DIRECTION ( 'NONE',  ( -1.000000000000000000, 0.000000000000000000, 0.000000000000000000 ) ) ;
#479 = FILL_AREA_STYLE_COLOUR ( '', #1265 ) ;
#480 = ORIENTED_EDGE ( 'NONE', *, *, #3817, .F. ) ;
#481 = MECHANICAL_DESIGN_GEOMETRIC_PRESENTATION_REPRESENTATION (  '', ( #830 ), #3417 ) ;
#482 = FILL_AREA_STYLE_COLOUR ( '', #2444 ) ;
#483 = FACE_OUTER_BOUND ( 'NONE', #2584, .T. ) ;
#484 = COLOUR_RGB ( '',0.8313725490196077761, 0.8313725490196077761, 0.8313725490196077761 ) ;
#485 = DIRECTION ( 'NONE',  ( 1.000000000000000000, 0.000000000000000000, -0.000000000000000000 ) ) ;
#486 =( GEOMETRIC_REPRESENTATION_CONTEXT ( 3 ) GLOBAL_UNCERTAINTY_ASSIGNED_CONTEXT ( ( #3664 ) ) GLOBAL_UNIT_ASSIGNED_CONTEXT ( ( #3593, #675, #1420 ) ) REPRESENTATION_CONTEXT ( 'NONE', 'WORKASPACE' ) );
#487 = LENGTH_MEASURE_WITH_UNIT ( LENGTH_MEASURE( 0.02539999999999999897 ), #2234 );
#488 = EDGE_CURVE ( 'NONE', #3799, #2500, #291, .T. ) ;
#489 = CARTESIAN_POINT ( 'NONE',  ( -0.1087102328802070778, -0.1031984200144728525, 0.09842519685039370636 ) ) ;
#490 = DIRECTION ( 'NONE',  ( 0.3185010084789312024, 0.8533504650966919902, -0.4127348922942709608 ) ) ;
#491 = DIRECTION ( 'NONE',  ( 0.000000000000000000, 0.000000000000000000, -1.000000000000000000 ) ) ;
#492 = MECHANICAL_DESIGN_GEOMETRIC_PRESENTATION_REPRESENTATION (  '', ( #3786 ), #1358 ) ;
#493 = ORIENTED_EDGE ( 'NONE', *, *, #3271, .T. ) ;
#494 = DIRECTION ( 'NONE',  ( -1.000000000000000000, -0.000000000000000000, 0.000000000000000000 ) ) ;
#495 = FACE_OUTER_BOUND ( 'NONE', #122, .T. ) ;
#496 = CARTESIAN_POINT ( 'NONE',  ( 0.1082677151861153597, 0.1574802975954972539, 0.01968503937007870172 ) ) ;
#497 = UNCERTAINTY_MEASURE_WITH_UNIT (LENGTH_MEASURE( 1.000000000000000082E-05 ), #3987, 'distance_accuracy_value', 'NONE');
#498 = ADVANCED_FACE ( 'NONE', ( #414 ), #1440, .T. ) ;
#499 = SURFACE_SIDE_STYLE ('',( #3274 ) ) ;
#500 =( CONVERSION_BASED_UNIT ( 'INCH', #852 ) LENGTH_UNIT ( ) NAMED_UNIT ( #39 ) );
#501 = DIRECTION ( 'NONE',  ( 1.000000000000000000, 0.000000000000000000, 0.000000000000000000 ) ) ;
#502 =( CONVERSION_BASED_UNIT ( 'INCH', #2304 ) LENGTH_UNIT ( ) NAMED_UNIT ( #3962 ) );
#503 = DIMENSIONAL_EXPONENTS ( 1.000000000000000000, 0.000000000000000000, 0.000000000000000000, 0.000000000000000000, 0.000000000000000000, 0.000000000000000000, 0.000000000000000000 ) ;
#504 = ORIENTED_EDGE ( 'NONE', *, *, #686, .F. ) ;
#505 = ORIENTED_EDGE ( 'NONE', *, *, #638, .F. ) ;
#506 = CARTESIAN_POINT ( 'NONE',  ( 0.1148677646145330328, -0.1093559517487987520, 0.09459351435917275064 ) ) ;
#507 = CARTESIAN_POINT ( 'NONE',  ( 0.04488188976377952694, -0.2314960629921287427, -0.01968503933728338665 ) ) ;
#508 =( GEOMETRIC_REPRESENTATION_CONTEXT ( 3 ) GLOBAL_UNCERTAINTY_ASSIGNED_CONTEXT ( ( #3594 ) ) GLOBAL_UNIT_ASSIGNED_CONTEXT ( ( #5, #1414, #3522 ) ) REPRESENTATION_CONTEXT ( 'NONE', 'WORKASPACE' ) );
#509 = CARTESIAN_POINT ( 'NONE',  ( 0.1266578942783973816, 0.1168415733111084209, 0.03569183978013595188 ) ) ;
#510 = PRESENTATION_STYLE_ASSIGNMENT (( #1218 ) ) ;
#511 = FILL_AREA_STYLE ('',( #1973 ) ) ;
#512 = VERTEX_POINT ( 'NONE', #124 ) ;
#513 =( BOUNDED_SURFACE ( )  B_SPLINE_SURFACE ( 3, 3, ( 
 ( #1230, #4038, #191, #2323 ),
 ( #3083, #3129, #653, #1376 ),
 ( #3758, #2047, #4492, #2393 ),
 ( #1660, #2083, #2704, #283 ) ),
 .UNSPECIFIED., .F., .F., .F. ) 
 B_SPLINE_SURFACE_WITH_KNOTS ( ( 4, 4 ),
 ( 4, 4 ),
 ( 0.000000000000000000, 1.000000000000000000 ),
 ( 0.000000000000000000, 1.000000000000000000 ),
 .UNSPECIFIED. ) 
 GEOMETRIC_REPRESENTATION_ITEM ( )  RATIONAL_B_SPLINE_SURFACE ( (
 ( 1.000000000000000000, 0.3333333333333334259, 0.3333333333333334259, 1.000000000000000000),
 ( 0.9716180718375586611, 0.3238726906125196647, 0.3238726906125196647, 0.9716180718375586611),
 ( 0.9716180718375586611, 0.3238726906125196647, 0.3238726906125196647, 0.9716180718375586611),
 ( 1.000000000000000000, 0.3333333333333334259, 0.3333333333333334259, 1.000000000000000000) ) ) 
 REPRESENTATION_ITEM ( '' )  SURFACE ( )  );
#514 = ADVANCED_FACE ( 'NONE', ( #1182 ), #3304, .T. ) ;
#515 =( NAMED_UNIT ( * ) PLANE_ANGLE_UNIT ( ) SI_UNIT ( $, .RADIAN. ) );
#516 = CARTESIAN_POINT ( 'NONE',  ( -0.02591565438071413360, -0.1089179229346573935, 0.09516352427326230101 ) ) ;
#517 = VECTOR ( 'NONE', #2004, 39.37007874015748143 ) ;
#518 = VECTOR ( 'NONE', #432, 39.37007874015748143 ) ;
#519 = EDGE_CURVE ( 'NONE', #1415, #3537, #3557, .T. ) ;
#520 = VERTEX_POINT ( 'NONE', #1812 ) ;
#521 = FILL_AREA_STYLE_COLOUR ( '', #58 ) ;
#522 = CARTESIAN_POINT ( 'NONE',  ( 0.008607428698874283399, -0.09067296555746273690, 0.09842519685039369248 ) ) ;
#523 = PRESENTATION_LAYER_ASSIGNMENT (  '', '', ( #4488 ) ) ;
#524 = CARTESIAN_POINT ( 'NONE',  ( -0.1122047223886853268, 0.1224407207159746158, 7.460508652955076114E-11 ) ) ;
#525 = LINE ( 'NONE', #128, #409 ) ;
#526 =( LENGTH_UNIT ( ) NAMED_UNIT ( * ) SI_UNIT ( $, .METRE. ) );
#527 = SURFACE_STYLE_USAGE ( .BOTH. , #863 ) ;
#528 = SURFACE_STYLE_USAGE ( .BOTH. , #2267 ) ;
#529 = ORIENTED_EDGE ( 'NONE', *, *, #3506, .T. ) ;
#530 = AXIS2_PLACEMENT_3D ( 'NONE', #3151, #1078, #1057 ) ;
#531 = FILL_AREA_STYLE ('',( #1244 ) ) ;
#532 = FILL_AREA_STYLE_COLOUR ( '', #614 ) ;
#533 = SURFACE_STYLE_USAGE ( .BOTH. , #4379 ) ;
#534 = CARTESIAN_POINT ( 'NONE',  ( -0.1279349443377946760, 0.1138288985414257909, 0.03555774198427321536 ) ) ;
#535 = SURFACE_STYLE_USAGE ( .BOTH. , #356 ) ;
#536 = FACE_OUTER_BOUND ( 'NONE', #2911, .T. ) ;
#537 = EDGE_CURVE ( 'NONE', #2890, #1936, #2516, .T. ) ;
#538 = SURFACE_SIDE_STYLE ('',( #2281 ) ) ;
#539 = CARTESIAN_POINT ( 'NONE',  ( 0.05669290775389174142, -0.2314960629921287427, -1.493979371535143794E-17 ) ) ;
#540 = ORIENTED_EDGE ( 'NONE', *, *, #4419, .T. ) ;
#541 =( CONVERSION_BASED_UNIT ( 'INCH', #1602 ) LENGTH_UNIT ( ) NAMED_UNIT ( #1287 ) );
#542 =( CONVERSION_BASED_UNIT ( 'INCH', #2688 ) LENGTH_UNIT ( ) NAMED_UNIT ( #2042 ) );
#543 = VECTOR ( 'NONE', #2161, 39.37007874015748143 ) ;
#544 = VECTOR ( 'NONE', #2666, 39.37007874015748143 ) ;
#545 = DIRECTION ( 'NONE',  ( 0.000000000000000000, -0.000000000000000000, 1.000000000000000000 ) ) ;
#546 = CARTESIAN_POINT ( 'NONE',  ( 0.1119007082357096339, 0.1093559517487987659, 0.09688314498287903254 ) ) ;
#547 = CARTESIAN_POINT ( 'NONE',  ( 0.03439396841535381083, -0.05708661417322914017, 0.09842519685039370636 ) ) ;
#548 = PRESENTATION_LAYER_ASSIGNMENT (  '', '', ( #3714 ) ) ;
#549 = CIRCLE ( 'NONE', #3937, 0.02786517945796129769 ) ;
#550 = DIRECTION ( 'NONE',  ( 0.000000000000000000, -0.000000000000000000, 1.000000000000000000 ) ) ;
#551 = VECTOR ( 'NONE', #3369, 39.37007874015748143 ) ;
#552 = DIMENSIONAL_EXPONENTS ( 1.000000000000000000, 0.000000000000000000, 0.000000000000000000, 0.000000000000000000, 0.000000000000000000, 0.000000000000000000, 0.000000000000000000 ) ;
#553 = FILL_AREA_STYLE_COLOUR ( '', #1884 ) ;
#554 = EDGE_LOOP ( 'NONE', ( #210, #2571, #84, #3993 ) ) ;
#555 = FILL_AREA_STYLE ('',( #3716 ) ) ;
#556 = PRESENTATION_STYLE_ASSIGNMENT (( #535 ) ) ;
#557 =( NAMED_UNIT ( * ) PLANE_ANGLE_UNIT ( ) SI_UNIT ( $, .RADIAN. ) );
#558 = DIRECTION ( 'NONE',  ( 0.000000000000000000, 0.000000000000000000, 1.000000000000000000 ) ) ;
#559 = AXIS2_PLACEMENT_3D ( 'NONE', #575, #2025, #1999 ) ;
#560 = DIRECTION ( 'NONE',  ( -1.000000000000000000, 0.000000000000000000, 0.000000000000000000 ) ) ;
#561 = ORIENTED_EDGE ( 'NONE', *, *, #1910, .T. ) ;
#562 = SURFACE_SIDE_STYLE ('',( #3003 ) ) ;
#563 = CARTESIAN_POINT ( 'NONE',  ( 0.03307087177366720837, -0.1933780865698836726, -0.01088162213582777489 ) ) ;
#564 = ORIENTED_EDGE ( 'NONE', *, *, #2092, .F. ) ;
#565 = CARTESIAN_POINT ( 'NONE',  ( -0.1122047230601311008, 0.05905510485172283525, 0.000000000000000000 ) ) ;
#566 = DIRECTION ( 'NONE',  ( 0.000000000000000000, 0.000000000000000000, 1.000000000000000000 ) ) ;
#567 = AXIS2_PLACEMENT_3D ( 'NONE', #2884, #1828, #2910 ) ;
#568 = CARTESIAN_POINT ( 'NONE',  ( 0.02133639050056881925, -0.05708661417322914017, 0.09448818897637796532 ) ) ;
#569 = EDGE_CURVE ( 'NONE', #90, #512, #4254, .T. ) ;
#570 = EDGE_CURVE ( 'NONE', #1040, #1593, #3901, .T. ) ;
#571 =( CONVERSION_BASED_UNIT ( 'INCH', #3732 ) LENGTH_UNIT ( ) NAMED_UNIT ( #103 ) );
#572 = CARTESIAN_POINT ( 'NONE',  ( 0.03307087177366720837, -0.2314960629921287427, -0.01968503933728338665 ) ) ;
#573 = ORIENTED_EDGE ( 'NONE', *, *, #3752, .T. ) ;
#574 = SURFACE_STYLE_USAGE ( .BOTH. , #2410 ) ;
#575 = CARTESIAN_POINT ( 'NONE',  ( -0.1087102328802070639, -0.1031984200144728248, 0.08661417322834634447 ) ) ;
#576 = DIRECTION ( 'NONE',  ( -0.000000000000000000, 1.000000000000000000, -0.000000000000000000 ) ) ;
#577 = DIMENSIONAL_EXPONENTS ( 1.000000000000000000, 0.000000000000000000, 0.000000000000000000, 0.000000000000000000, 0.000000000000000000, 0.000000000000000000, 0.000000000000000000 ) ;
#578 = ORIENTED_EDGE ( 'NONE', *, *, #2072, .T. ) ;
#579 = ORIENTED_EDGE ( 'NONE', *, *, #3500, .T. ) ;
#580 = AXIS2_PLACEMENT_3D ( 'NONE', #658, #2031, #4455 ) ;
#581 = DIRECTION ( 'NONE',  ( 0.000000000000000000, 0.000000000000000000, 1.000000000000000000 ) ) ;
#582 = CARTESIAN_POINT ( 'NONE',  ( -0.03358635138423583799, -0.06569404287210052484, 0.09842519685039370636 ) ) ;
#583 = VERTEX_POINT ( 'NONE', #1387 ) ;
#584 =( NAMED_UNIT ( * ) SI_UNIT ( $, .STERADIAN. ) SOLID_ANGLE_UNIT ( ) );
#585 = STYLED_ITEM ( 'NONE', ( #463 ), #3645 ) ;
#586 = FILL_AREA_STYLE_COLOUR ( '', #3360 ) ;
#587 = CARTESIAN_POINT ( 'NONE',  ( 0.02786517945796130463, -0.001356255257306540661, 0.09645669291338584972 ) ) ;
#588 = EDGE_CURVE ( 'NONE', #3755, #3952, #1127, .T. ) ;
#589 = CARTESIAN_POINT ( 'NONE',  ( 0.02591565438071413360, -0.05708661417322914711, 0.09516352427326228713 ) ) ;
#590 = DIRECTION ( 'NONE',  ( -1.000000000000000000, 0.000000000000000000, 0.000000000000000000 ) ) ;
#591 = EDGE_CURVE ( 'NONE', #1165, #770, #1797, .T. ) ;
#592 = FILL_AREA_STYLE ('',( #2387 ) ) ;
#593 = CARTESIAN_POINT ( 'NONE',  ( -0.1119007082357096339, 0.1093559517487987937, 0.09688314498287907417 ) ) ;
#594 = EDGE_CURVE ( 'NONE', #3683, #2549, #3811, .T. ) ;
#595 = EDGE_LOOP ( 'NONE', ( #757, #4238, #3582, #2035 ) ) ;
#596 = CARTESIAN_POINT ( 'NONE',  ( 0.08661417663097362163, 0.1555117815732960651, 0.000000000000000000 ) ) ;
#597 =( LENGTH_UNIT ( ) NAMED_UNIT ( * ) SI_UNIT ( $, .METRE. ) );
#598 = UNCERTAINTY_MEASURE_WITH_UNIT (LENGTH_MEASURE( 1.000000000000000082E-05 ), #2376, 'distance_accuracy_value', 'NONE');
#599 = LINE ( 'NONE', #4086, #2608 ) ;
#600 = ORIENTED_EDGE ( 'NONE', *, *, #937, .F. ) ;
#601 = COLOUR_RGB ( '',0.2862745098039215508, 0.2862745098039215508, 0.2862745098039215508 ) ;
#602 =( LENGTH_UNIT ( ) NAMED_UNIT ( * ) SI_UNIT ( $, .METRE. ) );
#603 = DIRECTION ( 'NONE',  ( 1.000000000000000000, -0.000000000000000000, -0.000000000000000000 ) ) ;
#604 = ORIENTED_EDGE ( 'NONE', *, *, #899, .F. ) ;
#605 = CYLINDRICAL_SURFACE ( 'NONE', #3047, 0.01181102362204724046 ) ;
#606 = DIMENSIONAL_EXPONENTS ( 1.000000000000000000, 0.000000000000000000, 0.000000000000000000, 0.000000000000000000, 0.000000000000000000, 0.000000000000000000, 0.000000000000000000 ) ;
#607 = PRESENTATION_STYLE_ASSIGNMENT (( #3768 ) ) ;
#608 = CLOSED_SHELL ( 'NONE', ( #2558, #4198, #1241, #3645, #3147, #996, #3101, #2931, #1276, #2022, #2146, #3853, #1765, #2565 ) ) ;
#609 = CARTESIAN_POINT ( 'NONE',  ( 0.000000000000000000, -0.1148907368687386021, 0.08828450420752716188 ) ) ;
#610 = DIRECTION ( 'NONE',  ( -1.000000000000000000, 0.000000000000000000, -0.000000000000000000 ) ) ;
#611 = CARTESIAN_POINT ( 'NONE',  ( -0.1196288998397473241, 0.1084901687106428064, 0.08912937073787069453 ) ) ;
#612 = PRESENTATION_LAYER_ASSIGNMENT (  '', '', ( #1282 ) ) ;
#613 = ORIENTED_EDGE ( 'NONE', *, *, #2943, .T. ) ;
#614 = COLOUR_RGB ( '',0.8313725490196077761, 0.8313725490196077761, 0.8313725490196077761 ) ;
#615 = PRESENTATION_LAYER_ASSIGNMENT (  '', '', ( #261 ) ) ;
#616 =( NAMED_UNIT ( * ) SI_UNIT ( $, .STERADIAN. ) SOLID_ANGLE_UNIT ( ) );
#617 = FILL_AREA_STYLE_COLOUR ( '', #601 ) ;
#618 = SURFACE_STYLE_USAGE ( .BOTH. , #3780 ) ;
#619 = CARTESIAN_POINT ( 'NONE',  ( 0.04488188976377952694, -0.2041500076755519699, -0.03335486593177051234 ) ) ;
#620 = AXIS2_PLACEMENT_3D ( 'NONE', #1567, #1912, #560 ) ;
#621 = ORIENTED_EDGE ( 'NONE', *, *, #3073, .F. ) ;
#622 = CARTESIAN_POINT ( 'NONE',  ( 0.01058105688469691483, -0.07584825311118734148, 0.09448818897637796532 ) ) ;
#623 = VECTOR ( 'NONE', #1750, 39.37007874015748143 ) ;
#624 = MECHANICAL_DESIGN_GEOMETRIC_PRESENTATION_REPRESENTATION (  '', ( #31 ), #2457 ) ;
#625 = CARTESIAN_POINT ( 'NONE',  ( 0.1240157466235122380, -0.1136588237609715973, 0.000000000000000000 ) ) ;
#626 =( LENGTH_UNIT ( ) NAMED_UNIT ( * ) SI_UNIT ( $, .METRE. ) );
#627 = VERTEX_POINT ( 'NONE', #1736 ) ;
#628 =( LENGTH_UNIT ( ) NAMED_UNIT ( * ) SI_UNIT ( $, .METRE. ) );
#629 =( NAMED_UNIT ( * ) PLANE_ANGLE_UNIT ( ) SI_UNIT ( $, .RADIAN. ) );
#630 = EDGE_CURVE ( 'NONE', #520, #447, #2857, .T. ) ;
#631 = CARTESIAN_POINT ( 'NONE',  ( 0.04488188976377952694, -0.2109849210383858420, 0.01968503937007870172 ) ) ;
#632 = VERTEX_POINT ( 'NONE', #2076 ) ;
#633 =( LENGTH_UNIT ( ) NAMED_UNIT ( * ) SI_UNIT ( $, .METRE. ) );
#634 = FACE_OUTER_BOUND ( 'NONE', #783, .T. ) ;
#635 = PRODUCT_DEFINITION_SHAPE ( 'NONE', 'NONE',  #4568 ) ;
#636 = CARTESIAN_POINT ( 'NONE',  ( -0.1162589478739076976, 0.1224394518624393607, 0.03544349925162156717 ) ) ;
#637 = SURFACE_STYLE_FILL_AREA ( #4546 ) ;
#638 = EDGE_CURVE ( 'NONE', #2454, #2365, #4183, .T. ) ;
#639 = UNCERTAINTY_MEASURE_WITH_UNIT (LENGTH_MEASURE( 1.000000000000000082E-05 ), #1063, 'distance_accuracy_value', 'NONE');
#640 = CARTESIAN_POINT ( 'NONE',  ( 0.000000000000000000, -0.1539370138579468639, 0.05511811016288858944 ) ) ;
#641 = CARTESIAN_POINT ( 'NONE',  ( 0.1038475540305017625, 0.1206205923171690397, 0.09194672983484558637 ) ) ;
#642 = FILL_AREA_STYLE_COLOUR ( '', #3090 ) ;
#643 = ORIENTED_EDGE ( 'NONE', *, *, #1038, .T. ) ;
#644 = EDGE_CURVE ( 'NONE', #1518, #1887, #3473, .T. ) ;
#645 = VECTOR ( 'NONE', #3444, 39.37007874015748143 ) ;
#646 = FACE_OUTER_BOUND ( 'NONE', #3217, .T. ) ;
#647 = CARTESIAN_POINT ( 'NONE',  ( 0.02133639050056881578, -0.01441383317209151554, 0.09448818897637796532 ) ) ;
#648 = CARTESIAN_POINT ( 'NONE',  ( -0.01181101799011228387, -0.1539370138579468639, 0.04527559051451535838 ) ) ;
#649 = MECHANICAL_DESIGN_GEOMETRIC_PRESENTATION_REPRESENTATION (  '', ( #585 ), #2213 ) ;
#650 = DIRECTION ( 'NONE',  ( -0.5213376868395961372, -0.5213376868395946939, 0.6755842157432928596 ) ) ;
#651 = AXIS2_PLACEMENT_3D ( 'NONE', #1479, #3603, #4225 ) ;
#652 = ORIENTED_EDGE ( 'NONE', *, *, #4204, .T. ) ;
#653 = CARTESIAN_POINT ( 'NONE',  ( 0.02981470453520849995, -0.1167160232436461054, 0.09774986155350935679 ) ) ;
#654 = FILL_AREA_STYLE_COLOUR ( '', #2752 ) ;
#655 = CARTESIAN_POINT ( 'NONE',  ( -0.1161319643395924972, 0.1224409416317941007, 0.03543307086613889378 ) ) ;
#656 = STYLED_ITEM ( 'NONE', ( #1246 ), #4370 ) ;
#657 = ADVANCED_FACE ( 'NONE', ( #3121 ), #664, .T. ) ;
#658 = CARTESIAN_POINT ( 'NONE',  ( 0.1087102328802070639, 0.1031984200144728248, 0.08661417322834634447 ) ) ;
#659 = CARTESIAN_POINT ( 'NONE',  ( 0.1148677646145330189, 0.1093559517487987520, 0.09459351435917272288 ) ) ;
#660 =( NAMED_UNIT ( * ) SI_UNIT ( $, .STERADIAN. ) SOLID_ANGLE_UNIT ( ) );
#661 = VERTEX_POINT ( 'NONE', #2467 ) ;
#662 = SURFACE_STYLE_USAGE ( .BOTH. , #1368 ) ;
#663 =( LENGTH_UNIT ( ) NAMED_UNIT ( * ) SI_UNIT ( $, .METRE. ) );
#664 = CYLINDRICAL_SURFACE ( 'NONE', #1356, 0.01968503937007870172 ) ;
#665 = SURFACE_STYLE_FILL_AREA ( #2140 ) ;
#666 = CARTESIAN_POINT ( 'NONE',  ( 0.05669290775389173448, -0.1689363388041381919, -0.03543307086614220364 ) ) ;
#667 = CARTESIAN_POINT ( 'NONE',  ( 0.05669290775389173448, -0.1102362204724421230, 0.05511811016288858944 ) ) ;
#668 = CARTESIAN_POINT ( 'NONE',  ( -0.1087102328802070778, -0.1031984200144728386, 0.08661417322834646937 ) ) ;
#669 = ORIENTED_EDGE ( 'NONE', *, *, #1811, .T. ) ;
#670 = PRESENTATION_LAYER_ASSIGNMENT (  '', '', ( #1568 ) ) ;
#671 = VERTEX_POINT ( 'NONE', #102 ) ;
#672 = EDGE_LOOP ( 'NONE', ( #3545, #1794, #2922, #1604 ) ) ;
#673 = CIRCLE ( 'NONE', #4445, 0.003937007874015741038 ) ;
#674 = CARTESIAN_POINT ( 'NONE',  ( -0.1122769623557134527, -0.1185039337577782487, -1.360588356219506076E-17 ) ) ;
#675 =( NAMED_UNIT ( * ) PLANE_ANGLE_UNIT ( ) SI_UNIT ( $, .RADIAN. ) );
#676 =( NAMED_UNIT ( * ) PLANE_ANGLE_UNIT ( ) SI_UNIT ( $, .RADIAN. ) );
#677 = STYLED_ITEM ( 'NONE', ( #2060 ), #1646 ) ;
#678 = UNCERTAINTY_MEASURE_WITH_UNIT (LENGTH_MEASURE( 1.000000000000000082E-05 ), #1726, 'distance_accuracy_value', 'NONE');
#679 = CARTESIAN_POINT ( 'NONE',  ( -0.002699454239616273007, -0.07842036199951446518, 0.09448818897637796532 ) ) ;
#680 =( NAMED_UNIT ( * ) SI_UNIT ( $, .STERADIAN. ) SOLID_ANGLE_UNIT ( ) );
#681 = COLOUR_RGB ( '',0.8313725490196077761, 0.8313725490196077761, 0.8313725490196077761 ) ;
#682 = LENGTH_MEASURE_WITH_UNIT ( LENGTH_MEASURE( 0.02539999999999999897 ), #46 );
#683 = ORIENTED_EDGE ( 'NONE', *, *, #1740, .T. ) ;
#684 = PRESENTATION_LAYER_ASSIGNMENT (  '', '', ( #2908 ) ) ;
#685 = FILL_AREA_STYLE ('',( #1632 ) ) ;
#686 = EDGE_CURVE ( 'NONE', #1344, #1394, #1216, .T. ) ;
#687 = DIRECTION ( 'NONE',  ( 0.000000000000000000, 0.000000000000000000, 1.000000000000000000 ) ) ;
#688 =( LENGTH_UNIT ( ) NAMED_UNIT ( * ) SI_UNIT ( $, .METRE. ) );
#689 = CARTESIAN_POINT ( 'NONE',  ( -0.003343749017711983382, -0.03593516936094109937, 0.09448818897637795144 ) ) ;
#690 = PRODUCT_RELATED_PRODUCT_CATEGORY ( 'part', '', ( #2876 ) ) ;
#691 = DIRECTION ( 'NONE',  ( 0.1400280084027978600, -0.1400280084028004135, 0.9801960588196073632 ) ) ;
#692 = CARTESIAN_POINT ( 'NONE',  ( -0.1202221624595166405, -0.1029596173691313538, 0.09539756035398339051 ) ) ;
#693 = ORIENTED_EDGE ( 'NONE', *, *, #850, .F. ) ;
#694 = EDGE_LOOP ( 'NONE', ( #2310, #3050, #3219, #3242, #621 ) ) ;
#695 = EDGE_CURVE ( 'NONE', #2144, #2287, #3238, .T. ) ;
#696 = EDGE_LOOP ( 'NONE', ( #3005, #3092, #1815, #2511 ) ) ;
#697 = VECTOR ( 'NONE', #1995, 39.37007874015748854 ) ;
#698 = CARTESIAN_POINT ( 'NONE',  ( -0.08661417663097362163, 0.1614173054695129950, 0.01968503937007870172 ) ) ;
#699 =( REPRESENTATION_RELATIONSHIP ('NONE','NONE', #1735, #2532 ) REPRESENTATION_RELATIONSHIP_WITH_TRANSFORMATION ( #1808 )SHAPE_REPRESENTATION_RELATIONSHIP( ) );
#700 = LINE ( 'NONE', #3529, #1140 ) ;
#701 = PLANE ( 'NONE',  #1925 ) ;
#702 = CARTESIAN_POINT ( 'NONE',  ( -0.01181101799011228387, -0.1102362204724421230, 0.03543307086614220364 ) ) ;
#703 = ITEM_DEFINED_TRANSFORMATION ( 'NONE', 'NONE', #4171,  #3288 ) ;
#704 = ORIENTED_EDGE ( 'NONE', *, *, #26, .T. ) ;
#705 = LINE ( 'NONE', #2887, #2218 ) ;
#706 = DIRECTION ( 'NONE',  ( 0.000000000000000000, 0.000000000000000000, -1.000000000000000000 ) ) ;
#707 = FACE_OUTER_BOUND ( 'NONE', #3491, .T. ) ;
#708 = AXIS2_PLACEMENT_3D ( 'NONE', #4077, #915, #232 ) ;
#709 = EDGE_CURVE ( 'NONE', #1320, #3272, #322, .T. ) ;
#710 = CARTESIAN_POINT ( 'NONE',  ( -0.1154474795271960980, -0.1157522861284661225, 0.08921020711694954697 ) ) ;
#711 = DIRECTION ( 'NONE',  ( -0.000000000000000000, 1.000000000000000000, 0.000000000000000000 ) ) ;
#712 = DIRECTION ( 'NONE',  ( -0.000000000000000000, 0.000000000000000000, 1.000000000000000000 ) ) ;
#713 = PRESENTATION_STYLE_ASSIGNMENT (( #2496 ) ) ;
#714 = EDGE_LOOP ( 'NONE', ( #2519, #2893, #6, #894 ) ) ;
#715 = PRESENTATION_LAYER_ASSIGNMENT (  '', '', ( #2718 ) ) ;
#716 = VERTEX_POINT ( 'NONE', #2187 ) ;
#717 = ORIENTED_EDGE ( 'NONE', *, *, #1295, .T. ) ;
#718 = COLOUR_RGB ( '',0.8313725490196077761, 0.8313725490196077761, 0.8313725490196077761 ) ;
#719 = FACE_OUTER_BOUND ( 'NONE', #1088, .T. ) ;
#720 = UNCERTAINTY_MEASURE_WITH_UNIT (LENGTH_MEASURE( 1.000000000000000082E-05 ), #54, 'distance_accuracy_value', 'NONE');
#721 = VECTOR ( 'NONE', #4391, 39.37007874015748143 ) ;
#722 =( NAMED_UNIT ( * ) SI_UNIT ( $, .STERADIAN. ) SOLID_ANGLE_UNIT ( ) );
#723 = FILL_AREA_STYLE ('',( #404 ) ) ;
#724 = FILL_AREA_STYLE_COLOUR ( '', #2346 ) ;
#725 = AXIS2_PLACEMENT_3D ( 'NONE', #619, #3109, #4173 ) ;
#726 = VERTEX_POINT ( 'NONE', #149 ) ;
#727 =( NAMED_UNIT ( * ) PLANE_ANGLE_UNIT ( ) SI_UNIT ( $, .RADIAN. ) );
#728 = SURFACE_STYLE_FILL_AREA ( #3899 ) ;
#729 = AXIS2_PLACEMENT_3D ( 'NONE', #2344, #1681, #301 ) ;
#730 = CARTESIAN_POINT ( 'NONE',  ( -0.08661417663097362163, 0.05905510485172283525, 0.000000000000000000 ) ) ;
#731 = DIMENSIONAL_EXPONENTS ( 1.000000000000000000, 0.000000000000000000, 0.000000000000000000, 0.000000000000000000, 0.000000000000000000, 0.000000000000000000, 0.000000000000000000 ) ;
#732 = FILL_AREA_STYLE_COLOUR ( '', #2176 ) ;
#733 =( NAMED_UNIT ( * ) PLANE_ANGLE_UNIT ( ) SI_UNIT ( $, .RADIAN. ) );
#734 = SURFACE_STYLE_USAGE ( .BOTH. , #1868 ) ;
#735 = DIRECTION ( 'NONE',  ( 0.000000000000000000, 0.000000000000000000, 1.000000000000000000 ) ) ;
#736 = PRESENTATION_STYLE_ASSIGNMENT (( #2472 ) ) ;
#737 = ORIENTED_EDGE ( 'NONE', *, *, #1270, .F. ) ;
#738 =( GEOMETRIC_REPRESENTATION_CONTEXT ( 3 ) GLOBAL_UNCERTAINTY_ASSIGNED_CONTEXT ( ( #1531 ) ) GLOBAL_UNIT_ASSIGNED_CONTEXT ( ( #3934, #733, #2574 ) ) REPRESENTATION_CONTEXT ( 'NONE', 'WORKASPACE' ) );
#739 = EDGE_CURVE ( 'NONE', #3135, #3023, #1864, .T. ) ;
#740 = ORIENTED_EDGE ( 'NONE', *, *, #756, .T. ) ;
#741 = ORIENTED_EDGE ( 'NONE', *, *, #709, .F. ) ;
#742 = CARTESIAN_POINT ( 'NONE',  ( 0.03026844945576695478, -0.04067079522796773761, 0.09842519685039366473 ) ) ;
#743 = LINE ( 'NONE', #1796, #2588 ) ;
#744 = CARTESIAN_POINT ( 'NONE',  ( 0.1241564091222521898, -0.09635974510411665639, 0.09499641984079254531 ) ) ;
#745 = CIRCLE ( 'NONE', #2299, 0.01181102362204724046 ) ;
#746 =( NAMED_UNIT ( * ) SI_UNIT ( $, .STERADIAN. ) SOLID_ANGLE_UNIT ( ) );
#747 = UNCERTAINTY_MEASURE_WITH_UNIT (LENGTH_MEASURE( 1.000000000000000082E-05 ), #571, 'distance_accuracy_value', 'NONE');
#748 = COLOUR_RGB ( '',0.8313725490196077761, 0.8313725490196077761, 0.8313725490196077761 ) ;
#749 = EDGE_CURVE ( 'NONE', #4147, #1841, #4495, .T. ) ;
#750 = DIRECTION ( 'NONE',  ( -1.000000000000000000, 0.000000000000000000, -0.000000000000000000 ) ) ;
#751 = LINE ( 'NONE', #1803, #518 ) ;
#752 = EDGE_CURVE ( 'NONE', #4078, #1393, #77, .T. ) ;
#753 = VECTOR ( 'NONE', #2143, 39.37007874015748143 ) ;
#754 = VECTOR ( 'NONE', #4393, 39.37007874015748143 ) ;
#755 = ORIENTED_EDGE ( 'NONE', *, *, #310, .F. ) ;
#756 = EDGE_CURVE ( 'NONE', #769, #3145, #2889, .T. ) ;
#757 = ORIENTED_EDGE ( 'NONE', *, *, #570, .F. ) ;
#758 = STYLED_ITEM ( 'NONE', ( #3886 ), #1879 ) ;
#759 = COLOUR_RGB ( '',0.8313725490196077761, 0.8313725490196077761, 0.8313725490196077761 ) ;
#760 =( CONVERSION_BASED_UNIT ( 'INCH', #3210 ) LENGTH_UNIT ( ) NAMED_UNIT ( #230 ) );
#761 = COLOUR_RGB ( '',0.2862745098039215508, 0.2862745098039215508, 0.2862745098039215508 ) ;
#762 = CIRCLE ( 'NONE', #329, 0.01181102362204724567 ) ;
#763 = DIRECTION ( 'NONE',  ( -1.000000000000000000, -0.000000000000000000, 0.000000000000000000 ) ) ;
#764 =( LENGTH_UNIT ( ) NAMED_UNIT ( * ) SI_UNIT ( $, .METRE. ) );
#765 = MECHANICAL_DESIGN_GEOMETRIC_PRESENTATION_REPRESENTATION (  '', ( #2908 ), #1001 ) ;
#766 =( CONVERSION_BASED_UNIT ( 'INCH', #1412 ) LENGTH_UNIT ( ) NAMED_UNIT ( #1847 ) );
#767 = CARTESIAN_POINT ( 'NONE',  ( 0.04488188976377952694, -0.2109849209727960861, -0.01968503933728338665 ) ) ;
#768 = FILL_AREA_STYLE ('',( #3286 ) ) ;
#769 = VERTEX_POINT ( 'NONE', #1553 ) ;
#770 = VERTEX_POINT ( 'NONE', #3657 ) ;
#771 = ORIENTED_EDGE ( 'NONE', *, *, #1740, .F. ) ;
#772 = CARTESIAN_POINT ( 'NONE',  ( -0.03023879773076927277, -0.04002283667483339663, 0.09842519685039370636 ) ) ;
#773 = FILL_AREA_STYLE ('',( #449 ) ) ;
#774 = DIMENSIONAL_EXPONENTS ( 1.000000000000000000, 0.000000000000000000, 0.000000000000000000, 0.000000000000000000, 0.000000000000000000, 0.000000000000000000, 0.000000000000000000 ) ;
#775 = CARTESIAN_POINT ( 'NONE',  ( 0.04488188976377952694, -0.2088085965456298321, 0.02403768819161438558 ) ) ;
#776 = PLANE ( 'NONE',  #1476 ) ;
#777 = UNCERTAINTY_MEASURE_WITH_UNIT (LENGTH_MEASURE( 1.000000000000000082E-05 ), #4011, 'distance_accuracy_value', 'NONE');
#778 = PRODUCT_DEFINITION_SHAPE ( 'NONE', 'NONE',  #2804 ) ;
#779 = PLANE ( 'NONE',  #1552 ) ;
#780 = CARTESIAN_POINT ( 'NONE',  ( -0.02786517945796132892, -0.1128169730891517841, 0.09645669291338583584 ) ) ;
#781 = FILL_AREA_STYLE_COLOUR ( '', #3395 ) ;
#782 = APPLICATION_PROTOCOL_DEFINITION ( 'draft international standard', 'automotive_design', 1998, #3558 ) ;
#783 = EDGE_LOOP ( 'NONE', ( #1028, #1680, #1225, #4389 ) ) ;
#784 = ORIENTED_EDGE ( 'NONE', *, *, #2206, .F. ) ;
#785 = FILL_AREA_STYLE ('',( #336 ) ) ;
#786 = SURFACE_STYLE_USAGE ( .BOTH. , #2160 ) ;
#787 = FACE_OUTER_BOUND ( 'NONE', #348, .T. ) ;
#788 = DIRECTION ( 'NONE',  ( -6.439335343560869610E-32, -1.000000000000000000, -1.824854394960610109E-29 ) ) ;
#789 = LENGTH_MEASURE_WITH_UNIT ( LENGTH_MEASURE( 0.02539999999999999897 ), #1896 );
#790 = CARTESIAN_POINT ( 'NONE',  ( -0.1082677151861153597, 0.1574802975954972539, 0.000000000000000000 ) ) ;
#791 =( BOUNDED_CURVE ( )  B_SPLINE_CURVE ( 3, ( #1229, #4037, #4426, #3295 ),
 .UNSPECIFIED., .F., .T. ) 
 B_SPLINE_CURVE_WITH_KNOTS ( ( 4, 4 ),
 ( 6.251527581931065392, 6.267410683459336163 ),
 .UNSPECIFIED. ) 
 CURVE ( )  GEOMETRIC_REPRESENTATION_ITEM ( )  RATIONAL_B_SPLINE_CURVE ( ( 1.000000000000000000, 0.9999789773676421856, 0.9999789773676421856, 1.000000000000000000 ) ) 
 REPRESENTATION_ITEM ( '' )  );
#792 = VERTEX_POINT ( 'NONE', #860 ) ;
#793 = DIRECTION ( 'NONE',  ( -0.000000000000000000, -0.000000000000000000, 1.000000000000000000 ) ) ;
#794 = AXIS2_PLACEMENT_3D ( 'NONE', #1183, #2639, #1160 ) ;
#795 = EDGE_LOOP ( 'NONE', ( #1374, #1767, #459, #4223, #2204, #1570, #3081, #49, #2703, #2120 ) ) ;
#796 = PLANE ( 'NONE',  #1871 ) ;
#797 = SURFACE_STYLE_FILL_AREA ( #531 ) ;
#798 = SURFACE_STYLE_USAGE ( .BOTH. , #3963 ) ;
#799 = DIRECTION ( 'NONE',  ( 0.000000000000000000, 0.000000000000000000, -1.000000000000000000 ) ) ;
#800 = UNCERTAINTY_MEASURE_WITH_UNIT (LENGTH_MEASURE( 1.000000000000000082E-05 ), #1865, 'distance_accuracy_value', 'NONE');
#801 = SURFACE_STYLE_FILL_AREA ( #1152 ) ;
#802 =( NAMED_UNIT ( * ) PLANE_ANGLE_UNIT ( ) SI_UNIT ( $, .RADIAN. ) );
#803 = PLANE ( 'NONE',  #3020 ) ;
#804 = APPLICATION_PROTOCOL_DEFINITION ( 'draft international standard', 'automotive_design', 1998, #1862 ) ;
#805 = DIMENSIONAL_EXPONENTS ( 1.000000000000000000, 0.000000000000000000, 0.000000000000000000, 0.000000000000000000, 0.000000000000000000, 0.000000000000000000, 0.000000000000000000 ) ;
#806 = VECTOR ( 'NONE', #460, 39.37007874015748143 ) ;
#807 = ORIENTED_EDGE ( 'NONE', *, *, #2807, .F. ) ;
#808 = EDGE_CURVE ( 'NONE', #2110, #1146, #2891, .T. ) ;
#809 = ORIENTED_EDGE ( 'NONE', *, *, #1304, .F. ) ;
#810 =( LENGTH_UNIT ( ) NAMED_UNIT ( * ) SI_UNIT ( $, .METRE. ) );
#811 =( CONVERSION_BASED_UNIT ( 'INCH', #1860 ) LENGTH_UNIT ( ) NAMED_UNIT ( #2575 ) );
#812 =( NAMED_UNIT ( * ) PLANE_ANGLE_UNIT ( ) SI_UNIT ( $, .RADIAN. ) );
#813 = VECTOR ( 'NONE', #1824, 39.37007874015748143 ) ;
#814 = SURFACE_SIDE_STYLE ('',( #3983 ) ) ;
#815 = EDGE_CURVE ( 'NONE', #3613, #726, #3188, .T. ) ;
#816 = ORIENTED_EDGE ( 'NONE', *, *, #887, .T. ) ;
#817 = CARTESIAN_POINT ( 'NONE',  ( 0.000000000000000000, 0.1614173054695129950, 0.01968503937007870172 ) ) ;
#818 = APPLICATION_CONTEXT ( 'automotive_design' ) ;
#819 = MECHANICAL_DESIGN_GEOMETRIC_PRESENTATION_REPRESENTATION (  '', ( #1041 ), #3474 ) ;
#820 = MECHANICAL_DESIGN_GEOMETRIC_PRESENTATION_REPRESENTATION (  '', ( #4359 ), #2797 ) ;
#821 = DIRECTION ( 'NONE',  ( 0.000000000000000000, 0.4472135954999579277, 0.8944271909999158554 ) ) ;
#822 = DIRECTION ( 'NONE',  ( -0.000000000000000000, -1.000000000000000000, 0.000000000000000000 ) ) ;
#823 = DIRECTION ( 'NONE',  ( -0.000000000000000000, -1.000000000000000000, -0.000000000000000000 ) ) ;
#824 = ORIENTED_EDGE ( 'NONE', *, *, #16, .F. ) ;
#825 = DIRECTION ( 'NONE',  ( -0.9899494936611668017, 0.000000000000000000, -0.1414213562373083100 ) ) ;
#826 = COLOUR_RGB ( '',0.2862745098039215508, 0.2862745098039215508, 0.2862745098039215508 ) ;
#827 = CARTESIAN_POINT ( 'NONE',  ( -0.1122047230601311008, 0.1574802975954972539, 0.000000000000000000 ) ) ;
#828 = SURFACE_STYLE_FILL_AREA ( #1522 ) ;
#829 =( CONVERSION_BASED_UNIT ( 'INCH', #3300 ) LENGTH_UNIT ( ) NAMED_UNIT ( #2705 ) );
#830 = STYLED_ITEM ( 'NONE', ( #3630 ), #374 ) ;
#831 = PRESENTATION_STYLE_ASSIGNMENT (( #3927 ) ) ;
#832 = FILL_AREA_STYLE_COLOUR ( '', #1316 ) ;
#833 = VECTOR ( 'NONE', #1919, 39.37007874015748143 ) ;
#834 = EDGE_CURVE ( 'NONE', #3523, #512, #1894, .T. ) ;
#835 = AXIS2_PLACEMENT_3D ( 'NONE', #158, #186, #4332 ) ;
#836 = PRESENTATION_LAYER_ASSIGNMENT (  '', '', ( #185 ) ) ;
#837 = FILL_AREA_STYLE_COLOUR ( '', #1880 ) ;
#838 = DIMENSIONAL_EXPONENTS ( 1.000000000000000000, 0.000000000000000000, 0.000000000000000000, 0.000000000000000000, 0.000000000000000000, 0.000000000000000000, 0.000000000000000000 ) ;
#839 = SURFACE_SIDE_STYLE ('',( #1580 ) ) ;
#840 = SURFACE_STYLE_FILL_AREA ( #4070 ) ;
#841 = EDGE_CURVE ( 'NONE', #2001, #2691, #4324, .T. ) ;
#842 = VECTOR ( 'NONE', #86, 39.37007874015748143 ) ;
#843 = FACE_OUTER_BOUND ( 'NONE', #3564, .T. ) ;
#844 = COLOUR_RGB ( '',0.2862745098039215508, 0.2862745098039215508, 0.2862745098039215508 ) ;
#845 =( CONVERSION_BASED_UNIT ( 'INCH', #2550 ) LENGTH_UNIT ( ) NAMED_UNIT ( #2959 ) );
#846 = PRODUCT_DEFINITION ( 'UNKNOWN', '', #3872, #3783 ) ;
#847 =( LENGTH_UNIT ( ) NAMED_UNIT ( * ) SI_UNIT ( $, .METRE. ) );
#848 = FILL_AREA_STYLE_COLOUR ( '', #2079 ) ;
#849 = UNCERTAINTY_MEASURE_WITH_UNIT (LENGTH_MEASURE( 1.000000000000000082E-05 ), #1581, 'distance_accuracy_value', 'NONE');
#850 = EDGE_CURVE ( 'NONE', #1119, #3145, #525, .T. ) ;
#851 = CARTESIAN_POINT ( 'NONE',  ( -0.1162589478739076976, 0.1224394518624393607, 0.03544349925162156717 ) ) ;
#852 = LENGTH_MEASURE_WITH_UNIT ( LENGTH_MEASURE( 0.02539999999999999897 ), #136 );
#853 = PLANE ( 'NONE',  #4558 ) ;
#854 = CARTESIAN_POINT ( 'NONE',  ( -1.092739197465704702E-17, 0.05708660091471496473, 0.01968503937007870172 ) ) ;
#855 = DIRECTION ( 'NONE',  ( -0.000000000000000000, -0.000000000000000000, 1.000000000000000000 ) ) ;
#856 = ORIENTED_EDGE ( 'NONE', *, *, #1382, .T. ) ;
#857 = ORIENTED_EDGE ( 'NONE', *, *, #4003, .F. ) ;
#858 = CARTESIAN_POINT ( 'NONE',  ( -0.1142880497018699398, 0.1029596173691314509, 0.09997682160139595431 ) ) ;
#859 = CARTESIAN_POINT ( 'NONE',  ( 0.1050208858822707925, -0.1069378805101795921, 0.09719270965501841664 ) ) ;
#860 = CARTESIAN_POINT ( 'NONE',  ( 0.1087102328802071055, -0.1148907368687386160, 0.08828450420752716188 ) ) ;
#861 = LINE ( 'NONE', #3239, #3845 ) ;
#862 = CARTESIAN_POINT ( 'NONE',  ( 0.1240157466235121964, 0.1175151493876826908, 0.000000000000000000 ) ) ;
#863 = SURFACE_SIDE_STYLE ('',( #840 ) ) ;
#864 = ADVANCED_FACE ( 'NONE', ( #787 ), #3604, .T. ) ;
#865 = ORIENTED_EDGE ( 'NONE', *, *, #2465, .F. ) ;
#866 = DIMENSIONAL_EXPONENTS ( 1.000000000000000000, 0.000000000000000000, 0.000000000000000000, 0.000000000000000000, 0.000000000000000000, 0.000000000000000000, 0.000000000000000000 ) ;
#867 = CARTESIAN_POINT ( 'NONE',  ( -0.03439396841535381777, -0.05708661417322914017, 0.08661417322834646937 ) ) ;
#868 = DIRECTION ( 'NONE',  ( -1.000000000000000000, 0.000000000000000000, 0.000000000000000000 ) ) ;
#869 = VERTEX_POINT ( 'NONE', #1968 ) ;
#870 = CARTESIAN_POINT ( 'NONE',  ( -0.1231210253982391589, -0.1224392397632070167, 0.03553890024245851681 ) ) ;
#871 = LINE ( 'NONE', #120, #4483 ) ;
#872 =( CONVERSION_BASED_UNIT ( 'INCH', #2975 ) LENGTH_UNIT ( ) NAMED_UNIT ( #552 ) );
#873 = DIRECTION ( 'NONE',  ( 0.000000000000000000, -0.000000000000000000, -1.000000000000000000 ) ) ;
#874 = VERTEX_POINT ( 'NONE', #2036 ) ;
#875 = PRESENTATION_LAYER_ASSIGNMENT (  '', '', ( #2856 ) ) ;
#876 = ORIENTED_EDGE ( 'NONE', *, *, #239, .T. ) ;
#877 = CARTESIAN_POINT ( 'NONE',  ( 0.1087102328802070778, 0.000000000000000000, 0.09842519685039370636 ) ) ;
#878 = CARTESIAN_POINT ( 'NONE',  ( 0.1148677646145331022, -0.1093559517487987520, 0.09459351435917269513 ) ) ;
#879 = COLOUR_RGB ( '',0.2862745098039215508, 0.2862745098039215508, 0.2862745098039215508 ) ;
#880 = CARTESIAN_POINT ( 'NONE',  ( 0.000000000000000000, -0.1031984200144728386, 0.08661417322834646937 ) ) ;
#881 = AXIS2_PLACEMENT_3D ( 'NONE', #2402, #2382, #1023 ) ;
#882 = CARTESIAN_POINT ( 'NONE',  ( 0.04488188976377952694, -0.1689363388041381919, 0.05511811016288858944 ) ) ;
#883 = AXIS2_PLACEMENT_3D ( 'NONE', #3089, #929, #4499 ) ;
#884 = PLANE ( 'NONE',  #3344 ) ;
#885 = VECTOR ( 'NONE', #2633, 39.37007874015748143 ) ;
#886 = LINE ( 'NONE', #4378, #2686 ) ;
#887 = EDGE_CURVE ( 'NONE', #4065, #4363, #673, .T. ) ;
#888 = UNCERTAINTY_MEASURE_WITH_UNIT (LENGTH_MEASURE( 1.000000000000000082E-05 ), #2568, 'distance_accuracy_value', 'NONE');
#889 =( GEOMETRIC_REPRESENTATION_CONTEXT ( 3 ) GLOBAL_UNCERTAINTY_ASSIGNED_CONTEXT ( ( #3713 ) ) GLOBAL_UNIT_ASSIGNED_CONTEXT ( ( #4420, #3063, #4143 ) ) REPRESENTATION_CONTEXT ( 'NONE', 'WORKASPACE' ) );
#890 = FACE_OUTER_BOUND ( 'NONE', #554, .T. ) ;
#891 = DIRECTION ( 'NONE',  ( -0.5213376868395955821, -0.5213376868395941388, 0.6755842157432936368 ) ) ;
#892 = CARTESIAN_POINT ( 'NONE',  ( 0.04488188976377952694, -0.2158513303330307220, -0.02755905508531492076 ) ) ;
#893 = DIMENSIONAL_EXPONENTS ( 1.000000000000000000, 0.000000000000000000, 0.000000000000000000, 0.000000000000000000, 0.000000000000000000, 0.000000000000000000, 0.000000000000000000 ) ;
#894 = ORIENTED_EDGE ( 'NONE', *, *, #1635, .F. ) ;
#895 = COLOUR_RGB ( '',0.2862745098039215508, 0.2862745098039215508, 0.2862745098039215508 ) ;
#896 = LINE ( 'NONE', #4126, #3269 ) ;
#897 = ORIENTED_EDGE ( 'NONE', *, *, #349, .F. ) ;
#898 = CARTESIAN_POINT ( 'NONE',  ( 0.1038475540305018041, -0.1206205923171691091, 0.09194672983484555862 ) ) ;
#899 = EDGE_CURVE ( 'NONE', #3316, #4236, #980, .T. ) ;
#900 =( NAMED_UNIT ( * ) PLANE_ANGLE_UNIT ( ) SI_UNIT ( $, .RADIAN. ) );
#901 = ORIENTED_EDGE ( 'NONE', *, *, #3689, .T. ) ;
#902 = EDGE_CURVE ( 'NONE', #2287, #2744, #903, .T. ) ;
#903 = LINE ( 'NONE', #1605, #754 ) ;
#904 =( GEOMETRIC_REPRESENTATION_CONTEXT ( 3 ) GLOBAL_UNCERTAINTY_ASSIGNED_CONTEXT ( ( #64 ) ) GLOBAL_UNIT_ASSIGNED_CONTEXT ( ( #1671, #3364, #957 ) ) REPRESENTATION_CONTEXT ( 'NONE', 'WORKASPACE' ) );
#905 = LINE ( 'NONE', #3076, #1352 ) ;
#906 =( LENGTH_UNIT ( ) NAMED_UNIT ( * ) SI_UNIT ( $, .METRE. ) );
#907 = AXIS2_PLACEMENT_3D ( 'NONE', #196, #2683, #925 ) ;
#908 =( NAMED_UNIT ( * ) PLANE_ANGLE_UNIT ( ) SI_UNIT ( $, .RADIAN. ) );
#909 = SURFACE_STYLE_USAGE ( .BOTH. , #1610 ) ;
#910 = COLOUR_RGB ( '',0.8313725490196077761, 0.8313725490196077761, 0.8313725490196077761 ) ;
#911 = COLOUR_RGB ( '',0.2862745098039215508, 0.2862745098039215508, 0.2862745098039215508 ) ;
#912 = DIRECTION ( 'NONE',  ( 0.000000000000000000, 0.000000000000000000, 1.000000000000000000 ) ) ;
#913 = SURFACE_STYLE_USAGE ( .BOTH. , #1697 ) ;
#914 =( LENGTH_UNIT ( ) NAMED_UNIT ( * ) SI_UNIT ( $, .METRE. ) );
#915 = DIRECTION ( 'NONE',  ( -1.000000000000000000, 0.000000000000000000, 0.000000000000000000 ) ) ;
#916 = ORIENTED_EDGE ( 'NONE', *, *, #2092, .T. ) ;
#917 =( CONVERSION_BASED_UNIT ( 'INCH', #2322 ) LENGTH_UNIT ( ) NAMED_UNIT ( #2858 ) );
#918 =( LENGTH_UNIT ( ) NAMED_UNIT ( * ) SI_UNIT ( $, .METRE. ) );
#919 = STYLED_ITEM ( 'NONE', ( #1854 ), #2337 ) ;
#920 = CARTESIAN_POINT ( 'NONE',  ( -0.1087102328802070778, 0.000000000000000000, 0.08661417322834646937 ) ) ;
#921 = AXIS2_PLACEMENT_3D ( 'NONE', #296, #1613, #1975 ) ;
#922 = CARTESIAN_POINT ( 'NONE',  ( -0.1125050207472448188, 0.1224409416317940869, 0.003356834886870504499 ) ) ;
#923 = DIRECTION ( 'NONE',  ( -0.1400280084028000249, 0.1400280084028000249, 0.9801960588196071411 ) ) ;
#924 = VERTEX_POINT ( 'NONE', #933 ) ;
#925 = DIRECTION ( 'NONE',  ( -1.000000000000000000, 0.000000000000000000, -0.000000000000000000 ) ) ;
#926 = ORIENTED_EDGE ( 'NONE', *, *, #756, .F. ) ;
#927 = EDGE_CURVE ( 'NONE', #435, #4408, #3450, .T. ) ;
#928 = DIRECTION ( 'NONE',  ( 1.000000000000000000, 0.000000000000000000, 0.000000000000000000 ) ) ;
#929 = DIRECTION ( 'NONE',  ( -1.000000000000000000, 0.000000000000000000, 0.000000000000000000 ) ) ;
#930 = ORIENTED_EDGE ( 'NONE', *, *, #4532, .F. ) ;
#931 = B_SPLINE_CURVE_WITH_KNOTS ( 'NONE', 3,
 ( #2772, #4194, #1700, #4512 ),
 .UNSPECIFIED., .F., .F.,
 ( 4, 4 ),
 ( 0.000000000000000000, 1.000000000000000000 ),
 .UNSPECIFIED. ) ;
#932 = EDGE_CURVE ( 'NONE', #2428, #2710, #4479, .T. ) ;
#933 = CARTESIAN_POINT ( 'NONE',  ( -0.01181101799011228387, -0.1102362204724421230, 0.05511811016288858944 ) ) ;
#934 = DIMENSIONAL_EXPONENTS ( 1.000000000000000000, 0.000000000000000000, 0.000000000000000000, 0.000000000000000000, 0.000000000000000000, 0.000000000000000000, 0.000000000000000000 ) ;
#935 = VECTOR ( 'NONE', #3754, 39.37007874015748143 ) ;
#937 = EDGE_CURVE ( 'NONE', #2474, #1201, #1239, .T. ) ;
#936 = CARTESIAN_POINT ( 'NONE',  ( -0.03439396841535381083, 0.01170132265747846935, 0.09842519685039372024 ) ) ;
#938 = UNCERTAINTY_MEASURE_WITH_UNIT (LENGTH_MEASURE( 1.000000000000000082E-05 ), #156, 'distance_accuracy_value', 'NONE');
#939 =( GEOMETRIC_REPRESENTATION_CONTEXT ( 3 ) GLOBAL_UNCERTAINTY_ASSIGNED_CONTEXT ( ( #1802 ) ) GLOBAL_UNIT_ASSIGNED_CONTEXT ( ( #384, #2509, #19 ) ) REPRESENTATION_CONTEXT ( 'NONE', 'WORKASPACE' ) );
#940 = ORIENTED_EDGE ( 'NONE', *, *, #3966, .T. ) ;
#941 = LINE ( 'NONE', #3062, #3037 ) ;
#942 = FILL_AREA_STYLE ('',( #553 ) ) ;
#943 =( NAMED_UNIT ( * ) SI_UNIT ( $, .STERADIAN. ) SOLID_ANGLE_UNIT ( ) );
#944 = ORIENTED_EDGE ( 'NONE', *, *, #378, .T. ) ;
#945 = PLANE ( 'NONE',  #1408 ) ;
#946 = SURFACE_STYLE_FILL_AREA ( #1311 ) ;
#947 = SURFACE_SIDE_STYLE ('',( #4101 ) ) ;
#948 =( BOUNDED_CURVE ( )  B_SPLINE_CURVE ( 3, ( #4344, #862, #178, #2645 ),
 .UNSPECIFIED., .F., .T. ) 
 B_SPLINE_CURVE_WITH_KNOTS ( ( 4, 4 ),
 ( 3.141592653589793116, 4.706272728489754087 ),
 .UNSPECIFIED. ) 
 CURVE ( )  GEOMETRIC_REPRESENTATION_ITEM ( )  RATIONAL_B_SPLINE_CURVE ( ( 1.000000000000000000, 0.8061772619566435205, 0.8061772619566435205, 1.000000000000000000 ) ) 
 REPRESENTATION_ITEM ( '' )  );
#949 =( REPRESENTATION_RELATIONSHIP ('NONE','NONE', #1735, #2501 ) REPRESENTATION_RELATIONSHIP_WITH_TRANSFORMATION ( #1913 )SHAPE_REPRESENTATION_RELATIONSHIP( ) );
#950 = SURFACE_STYLE_USAGE ( .BOTH. , #4102 ) ;
#951 = ORIENTED_EDGE ( 'NONE', *, *, #594, .F. ) ;
#952 = MECHANICAL_DESIGN_GEOMETRIC_PRESENTATION_REPRESENTATION (  '', ( #3152 ), #2134 ) ;
#953 = CARTESIAN_POINT ( 'NONE',  ( -0.03103895989803327066, -0.07191823809148500946, 0.09842519685039373412 ) ) ;
#954 = AXIS2_PLACEMENT_3D ( 'NONE', #3847, #2879, #45 ) ;
#955 = ADVANCED_FACE ( 'NONE', ( #4459 ), #605, .T. ) ;
#956 = ORIENTED_EDGE ( 'NONE', *, *, #2957, .F. ) ;
#957 =( NAMED_UNIT ( * ) SI_UNIT ( $, .STERADIAN. ) SOLID_ANGLE_UNIT ( ) );
#958 = DIRECTION ( 'NONE',  ( 0.000000000000000000, -0.1414213562373088928, -0.9899494936611664686 ) ) ;
#959 = STYLED_ITEM ( 'NONE', ( #2421 ), #3853 ) ;
#960 = FILL_AREA_STYLE_COLOUR ( '', #320 ) ;
#961 = SURFACE_STYLE_USAGE ( .BOTH. , #4462 ) ;
#962 = SURFACE_STYLE_USAGE ( .BOTH. , #3476 ) ;
#963 = DIMENSIONAL_EXPONENTS ( 1.000000000000000000, 0.000000000000000000, 0.000000000000000000, 0.000000000000000000, 0.000000000000000000, 0.000000000000000000, 0.000000000000000000 ) ;
#964 = MECHANICAL_DESIGN_GEOMETRIC_PRESENTATION_REPRESENTATION (  '', ( #1768 ), #2728 ) ;
#965 = ADVANCED_FACE ( 'NONE', ( #1321 ), #3381, .T. ) ;
#966 = CARTESIAN_POINT ( 'NONE',  ( -0.1038475540305017902, 0.1206205923171690536, 0.09194672983484557249 ) ) ;
#967 = CARTESIAN_POINT ( 'NONE',  ( 0.04488188976377952694, -0.2041500076755519699, 0.03335486593177051234 ) ) ;
#968 = ORIENTED_EDGE ( 'NONE', *, *, #443, .T. ) ;
#969 = MECHANICAL_DESIGN_GEOMETRIC_PRESENTATION_REPRESENTATION (  '', ( #3398 ), #2628 ) ;
#970 =( CONVERSION_BASED_UNIT ( 'INCH', #1013 ) LENGTH_UNIT ( ) NAMED_UNIT ( #1103 ) );
#971 = LENGTH_MEASURE_WITH_UNIT ( LENGTH_MEASURE( 0.02539999999999999897 ), #3459 );
#972 = COLOUR_RGB ( '',0.2862745098039215508, 0.2862745098039215508, 0.2862745098039215508 ) ;
#973 = STYLED_ITEM ( 'NONE', ( #1595 ), #2435 ) ;
#974 = COLOUR_RGB ( '',0.2862745098039215508, 0.2862745098039215508, 0.2862745098039215508 ) ;
#975 = CARTESIAN_POINT ( 'NONE',  ( 0.1162371784798632152, -0.1224409161751614100, 0.03543324906256842960 ) ) ;
#976 = SURFACE_SIDE_STYLE ('',( #2722 ) ) ;
#977 =( LENGTH_UNIT ( ) NAMED_UNIT ( * ) SI_UNIT ( $, .METRE. ) );
#978 =( GEOMETRIC_REPRESENTATION_CONTEXT ( 3 ) GLOBAL_UNCERTAINTY_ASSIGNED_CONTEXT ( ( #3837 ) ) GLOBAL_UNIT_ASSIGNED_CONTEXT ( ( #917, #515, #3995 ) ) REPRESENTATION_CONTEXT ( 'NONE', 'WORKASPACE' ) );
#979 = EDGE_LOOP ( 'NONE', ( #3765, #246, #1699, #4284 ) ) ;
#980 = LINE ( 'NONE', #565, #3265 ) ;
#981 = DIRECTION ( 'NONE',  ( 0.000000000000000000, 0.4472135955000001717, -0.8944271909998946501 ) ) ;
#982 = ADVANCED_FACE ( 'NONE', ( #1785 ), #2400, .F. ) ;
#983 = CARTESIAN_POINT ( 'NONE',  ( 0.1148677646145330050, 0.1093559517487987659, 0.09459351435917275064 ) ) ;
#984 = VECTOR ( 'NONE', #4303, 39.37007874015748143 ) ;
#985 = CARTESIAN_POINT ( 'NONE',  ( -0.1191321952458408162, 0.1223986091690182354, 0.000000000000000000 ) ) ;
#986 = FACE_OUTER_BOUND ( 'NONE', #2306, .T. ) ;
#987 = AXIS2_PLACEMENT_3D ( 'NONE', #2667, #1004, #1322 ) ;
#988 = DIRECTION ( 'NONE',  ( 0.000000000000000000, 0.000000000000000000, -1.000000000000000000 ) ) ;
#989 = ADVANCED_FACE ( 'NONE', ( #2803 ), #4528, .T. ) ;
#990 = STYLED_ITEM ( 'NONE', ( #2932 ), #864 ) ;
#991 = CARTESIAN_POINT ( 'NONE',  ( 0.1240157466235118217, 0.000000000000000000, 0.06299212598425196763 ) ) ;
#992 = ORIENTED_EDGE ( 'NONE', *, *, #312, .F. ) ;
#993 =( GEOMETRIC_REPRESENTATION_CONTEXT ( 3 ) GLOBAL_UNCERTAINTY_ASSIGNED_CONTEXT ( ( #1771 ) ) GLOBAL_UNIT_ASSIGNED_CONTEXT ( ( #4549, #2786, #1047 ) ) REPRESENTATION_CONTEXT ( 'NONE', 'WORKASPACE' ) );
#994 =( NAMED_UNIT ( * ) SI_UNIT ( $, .STERADIAN. ) SOLID_ANGLE_UNIT ( ) );
#995 =( NAMED_UNIT ( * ) SI_UNIT ( $, .STERADIAN. ) SOLID_ANGLE_UNIT ( ) );
#996 = ADVANCED_FACE ( 'NONE', ( #1208 ), #1888, .F. ) ;
#997 = VECTOR ( 'NONE', #2430, 39.37007874015748143 ) ;
#998 =( GEOMETRIC_REPRESENTATION_CONTEXT ( 3 ) GLOBAL_UNCERTAINTY_ASSIGNED_CONTEXT ( ( #1878 ) ) GLOBAL_UNIT_ASSIGNED_CONTEXT ( ( #1779, #3230, #1428 ) ) REPRESENTATION_CONTEXT ( 'NONE', 'WORKASPACE' ) );
#999 = CARTESIAN_POINT ( 'NONE',  ( 0.01749696054532589098, -0.06945721227485512905, 0.09448818897637790981 ) ) ;
#1000 = VECTOR ( 'NONE', #3036, 39.37007874015748143 ) ;
#1001 =( GEOMETRIC_REPRESENTATION_CONTEXT ( 3 ) GLOBAL_UNCERTAINTY_ASSIGNED_CONTEXT ( ( #1447 ) ) GLOBAL_UNIT_ASSIGNED_CONTEXT ( ( #4358, #4315, #4404 ) ) REPRESENTATION_CONTEXT ( 'NONE', 'WORKASPACE' ) );
#1002 =( NAMED_UNIT ( * ) SI_UNIT ( $, .STERADIAN. ) SOLID_ANGLE_UNIT ( ) );
#1003 = ORIENTED_EDGE ( 'NONE', *, *, #2892, .T. ) ;
#1004 = DIRECTION ( 'NONE',  ( 0.000000000000000000, 0.000000000000000000, 1.000000000000000000 ) ) ;
#1005 = CARTESIAN_POINT ( 'NONE',  ( 0.05669290775389174142, -0.2314960629921287427, -0.01968503933728338665 ) ) ;
#1006 = SURFACE_STYLE_FILL_AREA ( #592 ) ;
#1007 = PLANE ( 'NONE',  #222 ) ;
#1008 = DIRECTION ( 'NONE',  ( -0.1097642599896890420, 0.1097642599896900134, -0.9878783399072132987 ) ) ;
#1009 =( GEOMETRIC_REPRESENTATION_CONTEXT ( 3 ) GLOBAL_UNCERTAINTY_ASSIGNED_CONTEXT ( ( #3991 ) ) GLOBAL_UNIT_ASSIGNED_CONTEXT ( ( #212, #1541, #4356 ) ) REPRESENTATION_CONTEXT ( 'NONE', 'WORKASPACE' ) );
#1010 = EDGE_CURVE ( 'NONE', #3952, #726, #549, .T. ) ;
#1011 = VERTEX_POINT ( 'NONE', #2028 ) ;
#1012 = SURFACE_SIDE_STYLE ('',( #1334 ) ) ;
#1013 = LENGTH_MEASURE_WITH_UNIT ( LENGTH_MEASURE( 0.02539999999999999897 ), #918 );
#1014 =( CONVERSION_BASED_UNIT ( 'INCH', #2084 ) LENGTH_UNIT ( ) NAMED_UNIT ( #1482 ) );
#1015 = DIRECTION ( 'NONE',  ( 0.1104315260748449934, 0.000000000000000000, -0.9938837346736190126 ) ) ;
#1016 = CYLINDRICAL_SURFACE ( 'NONE', #1059, 0.01181102362204724046 ) ;
#1017 = DIRECTION ( 'NONE',  ( -0.000000000000000000, 1.000000000000000000, 0.000000000000000000 ) ) ;
#1018 = CARTESIAN_POINT ( 'NONE',  ( 0.1050208858822707647, 0.1069378805101795504, 0.09719270965501840276 ) ) ;
#1019 = LENGTH_MEASURE_WITH_UNIT ( LENGTH_MEASURE( 0.02539999999999999897 ), #626 );
#1020 = ORIENTED_EDGE ( 'NONE', *, *, #2685, .F. ) ;
#1021 = DIRECTION ( 'NONE',  ( 0.000000000000000000, 0.000000000000000000, -1.000000000000000000 ) ) ;
#1022 =( CONVERSION_BASED_UNIT ( 'INCH', #3534 ) LENGTH_UNIT ( ) NAMED_UNIT ( #3933 ) );
#1023 = DIRECTION ( 'NONE',  ( 0.000000000000000000, 4.336808689942017736E-15, 1.000000000000000000 ) ) ;
#1024 = PRESENTATION_STYLE_ASSIGNMENT (( #2765 ) ) ;
#1025 = STYLED_ITEM ( 'NONE', ( #3214 ), #3745 ) ;
#1026 = CARTESIAN_POINT ( 'NONE',  ( 0.02030647134502857470, -0.05050317830045333856, 0.09448818897637797920 ) ) ;
#1027 = SURFACE_SIDE_STYLE ('',( #3479 ) ) ;
#1028 = ORIENTED_EDGE ( 'NONE', *, *, #644, .F. ) ;
#1029 = UNCERTAINTY_MEASURE_WITH_UNIT (LENGTH_MEASURE( 1.000000000000000082E-05 ), #475, 'distance_accuracy_value', 'NONE');
#1030 = LINE ( 'NONE', #8, #1711 ) ;
#1031 = ORIENTED_EDGE ( 'NONE', *, *, #1670, .F. ) ;
#1032 = STYLED_ITEM ( 'NONE', ( #1882 ), #4190 ) ;
#1033 = CARTESIAN_POINT ( 'NONE',  ( 0.03307087177366720837, -0.1102362204724421230, 0.04527559051451535838 ) ) ;
#1034 = PRESENTATION_STYLE_ASSIGNMENT (( #1725 ) ) ;
#1035 =( LENGTH_UNIT ( ) NAMED_UNIT ( * ) SI_UNIT ( $, .METRE. ) );
#1036 = COLOUR_RGB ( '',0.8313725490196077761, 0.8313725490196077761, 0.8313725490196077761 ) ;
#1037 = SURFACE_SIDE_STYLE ('',( #1060 ) ) ;
#1038 = EDGE_CURVE ( 'NONE', #1744, #1844, #599, .T. ) ;
#1039 = SURFACE_SIDE_STYLE ('',( #358 ) ) ;
#1040 = VERTEX_POINT ( 'NONE', #4064 ) ;
#1041 = STYLED_ITEM ( 'NONE', ( #3205 ), #2707 ) ;
#1042 = PRESENTATION_LAYER_ASSIGNMENT (  '', '', ( #4210 ) ) ;
#1043 = FILL_AREA_STYLE_COLOUR ( '', #1801 ) ;
#1044 = CARTESIAN_POINT ( 'NONE',  ( 0.03307087177366720837, -0.1102362204724421230, -0.03543307086614220364 ) ) ;
#1045 = EDGE_CURVE ( 'NONE', #3218, #3431, #896, .T. ) ;
#1046 =( NAMED_UNIT ( * ) PLANE_ANGLE_UNIT ( ) SI_UNIT ( $, .RADIAN. ) );
#1047 =( NAMED_UNIT ( * ) SI_UNIT ( $, .STERADIAN. ) SOLID_ANGLE_UNIT ( ) );
#1048 = PRESENTATION_STYLE_ASSIGNMENT (( #2058 ) ) ;
#1049 =( NAMED_UNIT ( * ) SI_UNIT ( $, .STERADIAN. ) SOLID_ANGLE_UNIT ( ) );
#1050 = CARTESIAN_POINT ( 'NONE',  ( 0.03307087177366720837, -0.1933780865698836171, 0.01088162213582791367 ) ) ;
#1051 = CARTESIAN_POINT ( 'NONE',  ( -0.1119007082357096200, -0.1093559517487987937, 0.09688314498287901866 ) ) ;
#1052 = ORIENTED_EDGE ( 'NONE', *, *, #3666, .T. ) ;
#1053 = VERTEX_POINT ( 'NONE', #1647 ) ;
#1054 = VERTEX_POINT ( 'NONE', #3049 ) ;
#1055 = STYLED_ITEM ( 'NONE', ( #2694 ), #965 ) ;
#1056 = CARTESIAN_POINT ( 'NONE',  ( 0.000000000000000000, 0.1614173054695129950, 0.01968503937007870172 ) ) ;
#1057 = DIRECTION ( 'NONE',  ( 0.000000000000000000, -0.000000000000000000, -1.000000000000000000 ) ) ;
#1058 = VECTOR ( 'NONE', #87, 39.37007874015748143 ) ;
#1059 = AXIS2_PLACEMENT_3D ( 'NONE', #2493, #2833, #1836 ) ;
#1060 = SURFACE_STYLE_FILL_AREA ( #2800 ) ;
#1061 = MECHANICAL_DESIGN_GEOMETRIC_PRESENTATION_REPRESENTATION (  '', ( #1285 ), #2252 ) ;
#1062 = PRESENTATION_STYLE_ASSIGNMENT (( #455 ) ) ;
#1063 =( CONVERSION_BASED_UNIT ( 'INCH', #407 ) LENGTH_UNIT ( ) NAMED_UNIT ( #4107 ) );
#1064 = APPLICATION_PROTOCOL_DEFINITION ( 'draft international standard', 'automotive_design', 1998, #3958 ) ;
#1065 = VECTOR ( 'NONE', #2199, 39.37007874015748143 ) ;
#1066 = SURFACE_STYLE_FILL_AREA ( #3164 ) ;
#1067 = EDGE_CURVE ( 'NONE', #1754, #1415, #1935, .T. ) ;
#1068 = LENGTH_MEASURE_WITH_UNIT ( LENGTH_MEASURE( 0.02539999999999999897 ), #341 );
#1069 = PLANE ( 'NONE',  #88 ) ;
#1070 = DIRECTION ( 'NONE',  ( 0.000000000000000000, 1.000000000000000000, 0.000000000000000000 ) ) ;
#1071 = FACE_OUTER_BOUND ( 'NONE', #3372, .T. ) ;
#1072 = PRESENTATION_STYLE_ASSIGNMENT (( #3521 ) ) ;
#1073 = ORIENTED_EDGE ( 'NONE', *, *, #841, .F. ) ;
#1074 = ORIENTED_EDGE ( 'NONE', *, *, #1635, .T. ) ;
#1075 =( GEOMETRIC_REPRESENTATION_CONTEXT ( 3 ) GLOBAL_UNCERTAINTY_ASSIGNED_CONTEXT ( ( #2050 ) ) GLOBAL_UNIT_ASSIGNED_CONTEXT ( ( #4045, #1342, #2777 ) ) REPRESENTATION_CONTEXT ( 'NONE', 'WORKASPACE' ) );
#1076 = ORIENTED_EDGE ( 'NONE', *, *, #3584, .T. ) ;
#1077 = DIRECTION ( 'NONE',  ( 1.000000000000000000, 0.000000000000000000, 0.000000000000000000 ) ) ;
#1078 = DIRECTION ( 'NONE',  ( 0.000000000000000000, -1.000000000000000000, 0.000000000000000000 ) ) ;
#1079 = UNCERTAINTY_MEASURE_WITH_UNIT (LENGTH_MEASURE( 1.000000000000000082E-05 ), #1756, 'distance_accuracy_value', 'NONE');
#1080 = PRODUCT_DEFINITION_FORMATION_WITH_SPECIFIED_SOURCE ( 'ANY', '', #3250, .NOT_KNOWN. ) ;
#1081 = CARTESIAN_POINT ( 'NONE',  ( 0.006580507299110968829, -0.07739424168825669026, 0.09448818897637795144 ) ) ;
#1082 = DIRECTION ( 'NONE',  ( 1.000000000000000000, 0.000000000000000000, -0.000000000000000000 ) ) ;
#1083 = CARTESIAN_POINT ( 'NONE',  ( 0.04488188976377952694, -0.1689363388041381919, -0.05511811016288858944 ) ) ;
#1084 = DIRECTION ( 'NONE',  ( 1.000000000000000000, 0.000000000000000000, 0.000000000000000000 ) ) ;
#1085 = SURFACE_SIDE_STYLE ('',( #1826 ) ) ;
#1086 = CARTESIAN_POINT ( 'NONE',  ( 0.08661417663097362163, 0.1555117815732960651, 0.01968503937007870172 ) ) ;
#1087 = LENGTH_MEASURE_WITH_UNIT ( LENGTH_MEASURE( 0.02539999999999999897 ), #18 );
#1088 = EDGE_LOOP ( 'NONE', ( #3581, #3243, #3267, #2814, #3961 ) ) ;
#1089 = SURFACE_STYLE_USAGE ( .BOTH. , #3162 ) ;
#1090 = CARTESIAN_POINT ( 'NONE',  ( 0.04488188976377952694, -0.1102362204724421230, -0.05511811016288858944 ) ) ;
#1091 = DIRECTION ( 'NONE',  ( 0.000000000000000000, -1.000000000000000000, -5.551115123125769883E-16 ) ) ;
#1092 =( LENGTH_UNIT ( ) NAMED_UNIT ( * ) SI_UNIT ( $, .METRE. ) );
#1093 = VECTOR ( 'NONE', #4433, 39.37007874015748143 ) ;
#1094 = CARTESIAN_POINT ( 'NONE',  ( 0.002699454239612877719, -0.03575286634694518906, 0.09448818897637797920 ) ) ;
#1095 = CARTESIAN_POINT ( 'NONE',  ( -0.08661417663097362163, 0.1555117815732960651, 0.000000000000000000 ) ) ;
#1096 = FACE_OUTER_BOUND ( 'NONE', #385, .T. ) ;
#1097 = ORIENTED_EDGE ( 'NONE', *, *, #174, .T. ) ;
#1098 = CARTESIAN_POINT ( 'NONE',  ( -0.1129022185835664022, -0.1191291899856313508, 0.005627306050677119073 ) ) ;
#1099 = ORIENTED_EDGE ( 'NONE', *, *, #2746, .F. ) ;
#1100 = CARTESIAN_POINT ( 'NONE',  ( 0.02820899867309098127, -0.03715171836808004585, 0.09842519685039369248 ) ) ;
#1101 = LINE ( 'NONE', #1820, #2 ) ;
#1102 = DIRECTION ( 'NONE',  ( -0.1400280084028000249, 0.1400280084028000249, 0.9801960588196071411 ) ) ;
#1103 = DIMENSIONAL_EXPONENTS ( 1.000000000000000000, 0.000000000000000000, 0.000000000000000000, 0.000000000000000000, 0.000000000000000000, 0.000000000000000000, 0.000000000000000000 ) ;
#1104 = CARTESIAN_POINT ( 'NONE',  ( 0.1196288998397472825, -0.1084901687106427509, 0.08912937073787072229 ) ) ;
#1105 = UNCERTAINTY_MEASURE_WITH_UNIT (LENGTH_MEASURE( 1.000000000000000082E-05 ), #3921, 'distance_accuracy_value', 'NONE');
#1106 = STYLED_ITEM ( 'NONE', ( #3465 ), #4057 ) ;
#1107 = VECTOR ( 'NONE', #855, 39.37007874015748143 ) ;
#1108 = DIRECTION ( 'NONE',  ( 0.000000000000000000, 0.000000000000000000, 1.000000000000000000 ) ) ;
#1109 = ORIENTED_EDGE ( 'NONE', *, *, #2590, .T. ) ;
#1110 = AXIS2_PLACEMENT_3D ( 'NONE', #3131, #1446, #2775 ) ;
#1111 = FILL_AREA_STYLE ('',( #2611 ) ) ;
#1112 = AXIS2_PLACEMENT_3D ( 'NONE', #2534, #3890, #3553 ) ;
#1113 =( CONVERSION_BASED_UNIT ( 'INCH', #4274 ) LENGTH_UNIT ( ) NAMED_UNIT ( #3283 ) );
#1114 = MANIFOLD_SOLID_BREP ( 'Imported1', #608 ) ;
#1115 = EDGE_CURVE ( 'NONE', #3524, #661, #4297, .T. ) ;
#1116 = CARTESIAN_POINT ( 'NONE',  ( 0.02133639050056882272, -0.05573354011208974529, 0.09448818897637795144 ) ) ;
#1117 = LENGTH_MEASURE_WITH_UNIT ( LENGTH_MEASURE( 0.02539999999999999897 ), #3335 );
#1118 =( BOUNDED_SURFACE ( )  B_SPLINE_SURFACE ( 3, 3, ( 
 ( #4092, #587, #3031, #2935 ),
 ( #1219, #4441, #3681, #4345 ),
 ( #3705, #3748, #1283, #2013 ),
 ( #547, #2696, #936, #153 ) ),
 .UNSPECIFIED., .F., .F., .F. ) 
 B_SPLINE_SURFACE_WITH_KNOTS ( ( 4, 4 ),
 ( 4, 4 ),
 ( 0.000000000000000000, 1.000000000000000000 ),
 ( 0.000000000000000000, 1.000000000000000000 ),
 .UNSPECIFIED. ) 
 GEOMETRIC_REPRESENTATION_ITEM ( )  RATIONAL_B_SPLINE_SURFACE ( (
 ( 1.000000000000000000, 0.3333333333333334259, 0.3333333333333334259, 1.000000000000000000),
 ( 0.9716180718375586611, 0.3238726906125196647, 0.3238726906125196647, 0.9716180718375586611),
 ( 0.9716180718375586611, 0.3238726906125196647, 0.3238726906125196647, 0.9716180718375586611),
 ( 1.000000000000000000, 0.3333333333333334259, 0.3333333333333334259, 1.000000000000000000) ) ) 
 REPRESENTATION_ITEM ( '' )  SURFACE ( )  );
#1119 = VERTEX_POINT ( 'NONE', #1774 ) ;
#1120 = PRESENTATION_LAYER_ASSIGNMENT (  '', '', ( #1200 ) ) ;
#1121 = VERTEX_POINT ( 'NONE', #2434 ) ;
#1122 = COLOUR_RGB ( '',0.2862745098039215508, 0.2862745098039215508, 0.2862745098039215508 ) ;
#1123 = ORIENTED_EDGE ( 'NONE', *, *, #239, .F. ) ;
#1124 = DIRECTION ( 'NONE',  ( -0.000000000000000000, 0.000000000000000000, -1.000000000000000000 ) ) ;
#1125 = CARTESIAN_POINT ( 'NONE',  ( 0.1122047230601311008, -0.04330709576606731753, 0.01968503937007870172 ) ) ;
#1126 = LENGTH_MEASURE_WITH_UNIT ( LENGTH_MEASURE( 0.02539999999999999897 ), #11 );
#1127 = CIRCLE ( 'NONE', #3707, 0.01181102362204724046 ) ;
#1128 = EDGE_CURVE ( 'NONE', #3613, #3755, #3235, .T. ) ;
#1129 = MECHANICAL_DESIGN_GEOMETRIC_PRESENTATION_REPRESENTATION (  '', ( #3115 ), #904 ) ;
#1130 = CARTESIAN_POINT ( 'NONE',  ( 0.05669290775389173448, -0.1689363388041381919, 0.01574803149606350539 ) ) ;
#1131 = ADVANCED_FACE ( 'NONE', ( #2757 ), #1016, .T. ) ;
#1132 = DIRECTION ( 'NONE',  ( -0.002835557830444935309, 0.9997989700882431441, 0.01984890481307849397 ) ) ;
#1133 = PRESENTATION_STYLE_ASSIGNMENT (( #1780 ) ) ;
#1134 = VECTOR ( 'NONE', #4444, 39.37007874015747433 ) ;
#1135 = DIMENSIONAL_EXPONENTS ( 1.000000000000000000, 0.000000000000000000, 0.000000000000000000, 0.000000000000000000, 0.000000000000000000, 0.000000000000000000, 0.000000000000000000 ) ;
#1136 = ORIENTED_EDGE ( 'NONE', *, *, #3178, .T. ) ;
#1137 = ORIENTED_EDGE ( 'NONE', *, *, #739, .T. ) ;
#1138 = VECTOR ( 'NONE', #3642, 39.37007874015748143 ) ;
#1139 = CARTESIAN_POINT ( 'NONE',  ( 0.03307087177366720837, -0.2314960629921287427, 0.01968503933728338665 ) ) ;
#1140 = VECTOR ( 'NONE', #44, 39.37007874015748143 ) ;
#1141 = STYLED_ITEM ( 'NONE', ( #1062 ), #1187 ) ;
#1142 = CARTESIAN_POINT ( 'NONE',  ( 0.1162589478739076976, 0.1224394518624393607, 0.03544349925162156717 ) ) ;
#1143 = DIRECTION ( 'NONE',  ( 0.000000000000000000, 0.000000000000000000, 1.000000000000000000 ) ) ;
#1144 = SURFACE_STYLE_FILL_AREA ( #2471 ) ;
#1145 = ORIENTED_EDGE ( 'NONE', *, *, #3006, .T. ) ;
#1146 = VERTEX_POINT ( 'NONE', #4531 ) ;
#1147 = FILL_AREA_STYLE_COLOUR ( '', #2513 ) ;
#1148 = LINE ( 'NONE', #3270, #412 ) ;
#1149 = ADVANCED_FACE ( 'NONE', ( #3831 ), #3454, .T. ) ;
#1150 = FILL_AREA_STYLE ('',( #1494 ) ) ;
#1151 =( CONVERSION_BASED_UNIT ( 'INCH', #2178 ) LENGTH_UNIT ( ) NAMED_UNIT ( #1813 ) );
#1152 = FILL_AREA_STYLE ('',( #454 ) ) ;
#1153 = CARTESIAN_POINT ( 'NONE',  ( 0.02133639050056881578, -0.09975939517436678561, 0.09448818897637796532 ) ) ;
#1154 = DIRECTION ( 'NONE',  ( 0.1097642599896889448, -0.1097642599896889448, 0.9878783399072135207 ) ) ;
#1155 =( LENGTH_UNIT ( ) NAMED_UNIT ( * ) SI_UNIT ( $, .METRE. ) );
#1156 = MANIFOLD_SOLID_BREP ( 'Imported1', #3629 ) ;
#1157 = ORIENTED_EDGE ( 'NONE', *, *, #2286, .F. ) ;
#1158 =( LENGTH_UNIT ( ) NAMED_UNIT ( * ) SI_UNIT ( $, .METRE. ) );
#1159 =( NAMED_UNIT ( * ) SI_UNIT ( $, .STERADIAN. ) SOLID_ANGLE_UNIT ( ) );
#1160 = DIRECTION ( 'NONE',  ( 0.000000000000000000, 0.000000000000000000, 1.000000000000000000 ) ) ;
#1161 = LENGTH_MEASURE_WITH_UNIT ( LENGTH_MEASURE( 0.02539999999999999897 ), #1158 );
#1162 = SURFACE_STYLE_FILL_AREA ( #1527 ) ;
#1163 = DIMENSIONAL_EXPONENTS ( 1.000000000000000000, 0.000000000000000000, 0.000000000000000000, 0.000000000000000000, 0.000000000000000000, 0.000000000000000000, 0.000000000000000000 ) ;
#1164 = DIRECTION ( 'NONE',  ( 0.000000000000000000, 0.4472135954999464924, -0.8944271909999215175 ) ) ;
#1165 = VERTEX_POINT ( 'NONE', #2852 ) ;
#1166 = SURFACE_STYLE_FILL_AREA ( #2295 ) ;
#1167 = VERTEX_POINT ( 'NONE', #2880 ) ;
#1168 = CARTESIAN_POINT ( 'NONE',  ( -0.01316683895398728342, -0.02530840995408867658, 0.09842519685039372024 ) ) ;
#1169 = CARTESIAN_POINT ( 'NONE',  ( -0.1240157466235122519, 0.000000000000000000, -4.908789363615472817E-17 ) ) ;
#1170 = FILL_AREA_STYLE ('',( #532 ) ) ;
#1171 = DIRECTION ( 'NONE',  ( 0.000000000000000000, 0.000000000000000000, -1.000000000000000000 ) ) ;
#1172 = UNCERTAINTY_MEASURE_WITH_UNIT (LENGTH_MEASURE( 1.000000000000000082E-05 ), #970, 'distance_accuracy_value', 'NONE');
#1173 = ORIENTED_EDGE ( 'NONE', *, *, #1686, .T. ) ;
#1174 = EDGE_CURVE ( 'NONE', #3504, #2157, #762, .T. ) ;
#1175 = FILL_AREA_STYLE ('',( #2945 ) ) ;
#1176 = CARTESIAN_POINT ( 'NONE',  ( 0.02133639050056881578, -0.05708661417322914017, 0.09448818897637796532 ) ) ;
#1177 = DIRECTION ( 'NONE',  ( 0.5213376868395955821, 0.5213376868395941388, 0.6755842157432936368 ) ) ;
#1178 = LENGTH_MEASURE_WITH_UNIT ( LENGTH_MEASURE( 0.02539999999999999897 ), #1932 );
#1179 = PRESENTATION_LAYER_ASSIGNMENT (  '', '', ( #150 ) ) ;
#1180 = EDGE_LOOP ( 'NONE', ( #4127, #2332, #220, #2122 ) ) ;
#1181 = EDGE_CURVE ( 'NONE', #716, #1669, #2903, .T. ) ;
#1182 = FACE_OUTER_BOUND ( 'NONE', #979, .T. ) ;
#1183 = CARTESIAN_POINT ( 'NONE',  ( 0.04488188976377952694, -0.2109849210383858420, -0.01968503937007870172 ) ) ;
#1184 = PRESENTATION_LAYER_ASSIGNMENT (  '', '', ( #1032 ) ) ;
#1185 = CARTESIAN_POINT ( 'NONE',  ( 0.03409211104589791874, -0.06248990727712293303, 0.09842519685039370636 ) ) ;
#1186 =( GEOMETRIC_REPRESENTATION_CONTEXT ( 3 ) GLOBAL_UNCERTAINTY_ASSIGNED_CONTEXT ( ( #2348 ) ) GLOBAL_UNIT_ASSIGNED_CONTEXT ( ( #3527, #2872, #746 ) ) REPRESENTATION_CONTEXT ( 'NONE', 'WORKASPACE' ) );
#1187 = ADVANCED_FACE ( 'NONE', ( #1404 ), #4565, .T. ) ;
#1188 =( CONVERSION_BASED_UNIT ( 'INCH', #487 ) LENGTH_UNIT ( ) NAMED_UNIT ( #3643 ) );
#1189 = PRESENTATION_STYLE_ASSIGNMENT (( #3284 ) ) ;
#1191 = EDGE_CURVE ( 'NONE', #520, #3896, #2458, .T. ) ;
#1190 = FACE_OUTER_BOUND ( 'NONE', #3503, .T. ) ;
#1192 = DIRECTION ( 'NONE',  ( 0.000000000000000000, 0.000000000000000000, -1.000000000000000000 ) ) ;
#1193 = APPLICATION_CONTEXT ( 'automotive_design' ) ;
#1194 = LENGTH_MEASURE_WITH_UNIT ( LENGTH_MEASURE( 0.02539999999999999897 ), #1532 );
#1195 = CARTESIAN_POINT ( 'NONE',  ( -0.004359888029720236820, -0.02269529312891981759, 0.09842519685039370636 ) ) ;
#1196 = SURFACE_SIDE_STYLE ('',( #4351 ) ) ;
#1197 = DIMENSIONAL_EXPONENTS ( 1.000000000000000000, 0.000000000000000000, 0.000000000000000000, 0.000000000000000000, 0.000000000000000000, 0.000000000000000000, 0.000000000000000000 ) ;
#1198 = CARTESIAN_POINT ( 'NONE',  ( -0.1204025497344726886, -0.1031984200144728525, 0.08828450420752713412 ) ) ;
#1199 = DIRECTION ( 'NONE',  ( -0.000000000000000000, -1.000000000000000000, -0.000000000000000000 ) ) ;
#1200 = STYLED_ITEM ( 'NONE', ( #1048 ), #2900 ) ;
#1201 = VERTEX_POINT ( 'NONE', #1086 ) ;
#1202 = AXIS2_PLACEMENT_3D ( 'NONE', #1588, #590, #2990 ) ;
#1203 = CARTESIAN_POINT ( 'NONE',  ( -0.1223459627109962089, 0.1211315945007099965, 0.03577406260841236446 ) ) ;
#1204 = LINE ( 'NONE', #2604, #3471 ) ;
#1205 = CARTESIAN_POINT ( 'NONE',  ( 0.1204025497344726886, 0.1031984200144728525, 0.08828450420752714800 ) ) ;
#1206 = FILL_AREA_STYLE_COLOUR ( '', #1293 ) ;
#1207 = PRESENTATION_LAYER_ASSIGNMENT (  '', '', ( #3926 ) ) ;
#1208 = FACE_OUTER_BOUND ( 'NONE', #2476, .T. ) ;
#1209 = ORIENTED_EDGE ( 'NONE', *, *, #709, .T. ) ;
#1210 =( NAMED_UNIT ( * ) SI_UNIT ( $, .STERADIAN. ) SOLID_ANGLE_UNIT ( ) );
#1211 = CARTESIAN_POINT ( 'NONE',  ( -0.1129025725955118131, 0.09635974510411671190, 0.1036808280406892602 ) ) ;
#1212 = CARTESIAN_POINT ( 'NONE',  ( 0.01993489580514858084, -0.08529561284632189433, 0.09842519685039370636 ) ) ;
#1213 = LENGTH_MEASURE_WITH_UNIT ( LENGTH_MEASURE( 0.02539999999999999897 ), #1628 );
#1214 = VECTOR ( 'NONE', #317, 39.37007874015748143 ) ;
#1215 = COLOUR_RGB ( '',0.2862745098039215508, 0.2862745098039215508, 0.2862745098039215508 ) ;
#1216 = LINE ( 'NONE', #3282, #1419 ) ;
#1217 = FACE_OUTER_BOUND ( 'NONE', #1477, .T. ) ;
#1218 = SURFACE_STYLE_USAGE ( .BOTH. , #839 ) ;
#1219 = CARTESIAN_POINT ( 'NONE',  ( 0.02981470453520849648, -0.05708661417322914711, 0.09774986155350937067 ) ) ;
#1220 =( LENGTH_UNIT ( ) NAMED_UNIT ( * ) SI_UNIT ( $, .METRE. ) );
#1221 = STYLED_ITEM ( 'NONE', ( #4290 ), #1781 ) ;
#1222 =( NAMED_UNIT ( * ) SI_UNIT ( $, .STERADIAN. ) SOLID_ANGLE_UNIT ( ) );
#1223 = AXIS2_PLACEMENT_3D ( 'NONE', #2810, #1070, #2142 ) ;
#1224 = AXIS2_PLACEMENT_3D ( 'NONE', #1643, #3419, #3843 ) ;
#1225 = ORIENTED_EDGE ( 'NONE', *, *, #1745, .T. ) ;
#1226 = CARTESIAN_POINT ( 'NONE',  ( 0.1129025725955117854, -0.09635974510411672578, 0.1036808280406891769 ) ) ;
#1227 = UNCERTAINTY_MEASURE_WITH_UNIT (LENGTH_MEASURE( 1.000000000000000082E-05 ), #1022, 'distance_accuracy_value', 'NONE');
#1228 = VERTEX_POINT ( 'NONE', #2484 ) ;
#1229 = CARTESIAN_POINT ( 'NONE',  ( 0.1162589478739076976, 0.1224394518624393607, 0.03544349925162156717 ) ) ;
#1230 = CARTESIAN_POINT ( 'NONE',  ( -0.02786517945796130463, -0.05708661417322914017, 0.09645669291338584972 ) ) ;
#1231 = CARTESIAN_POINT ( 'NONE',  ( -0.02133639050056881578, -0.09975939517436678561, 0.09448818897637796532 ) ) ;
#1232 = SURFACE_STYLE_USAGE ( .BOTH. , #138 ) ;
#1233 = SURFACE_STYLE_FILL_AREA ( #2560 ) ;
#1234 = CARTESIAN_POINT ( 'NONE',  ( 0.000000000000000000, -0.04330709576606733141, 0.01968503937007870172 ) ) ;
#1235 = ORIENTED_EDGE ( 'NONE', *, *, #338, .F. ) ;
#1236 = PRESENTATION_LAYER_ASSIGNMENT (  '', '', ( #351 ) ) ;
#1237 = ORIENTED_EDGE ( 'NONE', *, *, #162, .F. ) ;
#1238 = FILL_AREA_STYLE ('',( #2265 ) ) ;
#1239 = LINE ( 'NONE', #273, #3351 ) ;
#1240 = SURFACE_STYLE_FILL_AREA ( #4026 ) ;
#1241 = ADVANCED_FACE ( 'NONE', ( #3892 ), #3298, .F. ) ;
#1242 = CARTESIAN_POINT ( 'NONE',  ( 0.1087102328802070778, -0.1031984200144728386, 0.08661417322834646937 ) ) ;
#1243 =( LENGTH_UNIT ( ) NAMED_UNIT ( * ) SI_UNIT ( $, .METRE. ) );
#1244 = FILL_AREA_STYLE_COLOUR ( '', #1336 ) ;
#1245 = LENGTH_MEASURE_WITH_UNIT ( LENGTH_MEASURE( 0.02539999999999999897 ), #847 );
#1246 = PRESENTATION_STYLE_ASSIGNMENT (( #1850 ) ) ;
#1247 = DIRECTION ( 'NONE',  ( -1.000000000000000000, 0.000000000000000000, 0.000000000000000000 ) ) ;
#1248 = DIRECTION ( 'NONE',  ( 0.000000000000000000, -0.000000000000000000, 1.000000000000000000 ) ) ;
#1249 = DIRECTION ( 'NONE',  ( -0.000000000000000000, -0.000000000000000000, -1.000000000000000000 ) ) ;
#1250 = DIRECTION ( 'NONE',  ( -1.000000000000000000, 0.000000000000000000, -0.000000000000000000 ) ) ;
#1251 = FILL_AREA_STYLE_COLOUR ( '', #3245 ) ;
#1252 = ADVANCED_FACE ( 'NONE', ( #3622 ), #1523, .T. ) ;
#1253 = CARTESIAN_POINT ( 'NONE',  ( 0.1087102328802070639, -0.1031984200144728248, 0.08661417322834634447 ) ) ;
#1254 = ITEM_DEFINED_TRANSFORMATION ( 'NONE', 'NONE', #2548,  #3288 ) ;
#1255 = ORIENTED_EDGE ( 'NONE', *, *, #4261, .T. ) ;
#1256 = AXIS2_PLACEMENT_3D ( 'NONE', #2838, #3631, #4234 ) ;
#1257 = EDGE_LOOP ( 'NONE', ( #1478, #1832, #2950, #346 ) ) ;
#1258 = LENGTH_MEASURE_WITH_UNIT ( LENGTH_MEASURE( 0.02539999999999999897 ), #810 );
#1259 = DIRECTION ( 'NONE',  ( 0.000000000000000000, 1.000000000000000000, 0.000000000000000000 ) ) ;
#1260 = AXIS2_PLACEMENT_3D ( 'NONE', #4137, #2357, #3826 ) ;
#1261 = ORIENTED_EDGE ( 'NONE', *, *, #4082, .F. ) ;
#1262 = AXIS2_PLACEMENT_3D ( 'NONE', #95, #2437, #3512 ) ;
#1263 =( LENGTH_UNIT ( ) NAMED_UNIT ( * ) SI_UNIT ( $, .METRE. ) );
#1264 = CARTESIAN_POINT ( 'NONE',  ( 0.04488188976377952694, -0.1102362204724421230, 0.04527559051451535838 ) ) ;
#1265 = COLOUR_RGB ( '',0.8313725490196077761, 0.8313725490196077761, 0.8313725490196077761 ) ;
#1266 = PRESENTATION_STYLE_ASSIGNMENT (( #3033 ) ) ;
#1267 = LENGTH_MEASURE_WITH_UNIT ( LENGTH_MEASURE( 0.02539999999999999897 ), #2700 );
#1268 =( NAMED_UNIT ( * ) SI_UNIT ( $, .STERADIAN. ) SOLID_ANGLE_UNIT ( ) );
#1269 = UNCERTAINTY_MEASURE_WITH_UNIT (LENGTH_MEASURE( 1.000000000000000082E-05 ), #2315, 'distance_accuracy_value', 'NONE');
#1270 = EDGE_CURVE ( 'NONE', #4043, #4032, #4310, .T. ) ;
#1271 = COLOUR_RGB ( '',0.8313725490196077761, 0.8313725490196077761, 0.8313725490196077761 ) ;
#1272 =( CONVERSION_BASED_UNIT ( 'INCH', #344 ) LENGTH_UNIT ( ) NAMED_UNIT ( #1313 ) );
#1273 = DIRECTION ( 'NONE',  ( 0.5213376868395975805, -0.5213376868395932506, 0.6755842157432928596 ) ) ;
#1274 =( BOUNDED_SURFACE ( )  B_SPLINE_SURFACE ( 3, 3, ( 
 ( #145, #506, #878, #1917 ),
 ( #3697, #1549, #2953, #2613 ),
 ( #200, #898, #2307, #4022 ),
 ( #859, #98, #3332, #2264 ) ),
 .UNSPECIFIED., .F., .F., .F. ) 
 B_SPLINE_SURFACE_WITH_KNOTS ( ( 4, 4 ),
 ( 4, 4 ),
 ( 0.000000000000000000, 1.000000000000000000 ),
 ( 0.000000000000000000, 1.000000000000000000 ),
 .UNSPECIFIED. ) 
 GEOMETRIC_REPRESENTATION_ITEM ( )  RATIONAL_B_SPLINE_SURFACE ( (
 ( 1.000000000000000000, 0.3333333333333317605, 0.3333333333333317605, 1.000000000000000000),
 ( 0.9309765965421643585, 0.3103255321807200096, 0.3103255321807200096, 0.9309765965421643585),
 ( 0.9309765965421643585, 0.3103255321807200096, 0.3103255321807200096, 0.9309765965421643585),
 ( 1.000000000000000000, 0.3333333333333317605, 0.3333333333333317605, 1.000000000000000000) ) ) 
 REPRESENTATION_ITEM ( '' )  SURFACE ( )  );
#1275 =( GEOMETRIC_REPRESENTATION_CONTEXT ( 3 ) GLOBAL_UNCERTAINTY_ASSIGNED_CONTEXT ( ( #497 ) ) GLOBAL_UNIT_ASSIGNED_CONTEXT ( ( #3987, #206, #1222 ) ) REPRESENTATION_CONTEXT ( 'NONE', 'WORKASPACE' ) );
#1276 = ADVANCED_FACE ( 'NONE', ( #2581 ), #3997, .F. ) ;
#1277 = EDGE_LOOP ( 'NONE', ( #4306, #4271, #3345, #367, #3425, #97 ) ) ;
#1278 = FACE_OUTER_BOUND ( 'NONE', #1257, .T. ) ;
#1279 = PRESENTATION_LAYER_ASSIGNMENT (  '', '', ( #2677 ) ) ;
#1280 = ORIENTED_EDGE ( 'NONE', *, *, #4036, .T. ) ;
#1281 = SURFACE_STYLE_USAGE ( .BOTH. , #4437 ) ;
#1282 = STYLED_ITEM ( 'NONE', ( #1024 ), #657 ) ;
#1283 = CARTESIAN_POINT ( 'NONE',  ( -0.03205453832265717923, 0.007022462472085197471, 0.09842519685039369248 ) ) ;
#1284 = DIRECTION ( 'NONE',  ( 0.3185010084789300366, -0.8533504650966922123, 0.4127348922942711273 ) ) ;
#1285 = STYLED_ITEM ( 'NONE', ( #157 ), #2012 ) ;
#1286 =( CONVERSION_BASED_UNIT ( 'INCH', #4443 ) LENGTH_UNIT ( ) NAMED_UNIT ( #1578 ) );
#1287 = DIMENSIONAL_EXPONENTS ( 1.000000000000000000, 0.000000000000000000, 0.000000000000000000, 0.000000000000000000, 0.000000000000000000, 0.000000000000000000, 0.000000000000000000 ) ;
#1288 = CARTESIAN_POINT ( 'NONE',  ( -0.1148677646145330467, 0.1093559517487987937, 0.09459351435917282003 ) ) ;
#1289 =( CONVERSION_BASED_UNIT ( 'INCH', #3776 ) LENGTH_UNIT ( ) NAMED_UNIT ( #3357 ) );
#1290 = DIRECTION ( 'NONE',  ( -0.000000000000000000, 1.000000000000000000, 0.000000000000000000 ) ) ;
#1291 = ORIENTED_EDGE ( 'NONE', *, *, #1569, .T. ) ;
#1292 = AXIS2_PLACEMENT_3D ( 'NONE', #4507, #4094, #610 ) ;
#1293 = COLOUR_RGB ( '',0.7490196078431372584, 0.7490196078431372584, 0.7490196078431372584 ) ;
#1294 = SURFACE_STYLE_USAGE ( .BOTH. , #2716 ) ;
#1295 = EDGE_CURVE ( 'NONE', #2168, #3925, #1506, .T. ) ;
#1296 =( NAMED_UNIT ( * ) SI_UNIT ( $, .STERADIAN. ) SOLID_ANGLE_UNIT ( ) );
#1297 = FILL_AREA_STYLE ('',( #4450 ) ) ;
#1298 = UNCERTAINTY_MEASURE_WITH_UNIT (LENGTH_MEASURE( 1.000000000000000082E-05 ), #542, 'distance_accuracy_value', 'NONE');
#1299 = APPLICATION_CONTEXT ( 'automotive_design' ) ;
#1300 = EDGE_LOOP ( 'NONE', ( #4193, #2300, #214, #2193, #1538, #4525, #1548, #1665, #1897, #1052, #3941, #4120 ) ) ;
#1301 = DIRECTION ( 'NONE',  ( 0.1400280084027977767, 0.1400280084028003025, -0.9801960588196073632 ) ) ;
#1302 = CARTESIAN_POINT ( 'NONE',  ( -0.01706377749839452576, -0.08732541190399575881, 0.09842519685039366473 ) ) ;
#1303 = VERTEX_POINT ( 'NONE', #323 ) ;
#1304 = EDGE_CURVE ( 'NONE', #1053, #1669, #194, .T. ) ;
#1305 = CARTESIAN_POINT ( 'NONE',  ( 0.1148677646145330050, 0.1093559517487987659, 0.09459351435917270901 ) ) ;
#1306 = CARTESIAN_POINT ( 'NONE',  ( -0.1240157466235122380, 0.1106299180097468499, -2.507751087933991742E-17 ) ) ;
#1307 = CARTESIAN_POINT ( 'NONE',  ( 0.1279527544975279651, -0.1107021573639952738, 0.03543307086614173873 ) ) ;
#1308 = FILL_AREA_STYLE_COLOUR ( '', #4205 ) ;
#1309 = ORIENTED_EDGE ( 'NONE', *, *, #89, .F. ) ;
#1310 = CARTESIAN_POINT ( 'NONE',  ( 0.1087102328802070778, -0.1083410571495866531, 0.09724683810113851634 ) ) ;
#1311 = FILL_AREA_STYLE ('',( #654 ) ) ;
#1312 =( NAMED_UNIT ( * ) PLANE_ANGLE_UNIT ( ) SI_UNIT ( $, .RADIAN. ) );
#1313 = DIMENSIONAL_EXPONENTS ( 1.000000000000000000, 0.000000000000000000, 0.000000000000000000, 0.000000000000000000, 0.000000000000000000, 0.000000000000000000, 0.000000000000000000 ) ;
#1314 = EDGE_CURVE ( 'NONE', #1829, #1121, #4100, .T. ) ;
#1315 = ORIENTED_EDGE ( 'NONE', *, *, #752, .F. ) ;
#1316 = COLOUR_RGB ( '',0.2862745098039215508, 0.2862745098039215508, 0.2862745098039215508 ) ;
#1317 = SURFACE_STYLE_USAGE ( .BOTH. , #1573 ) ;
#1318 = FILL_AREA_STYLE ('',( #4476 ) ) ;
#1319 = DIRECTION ( 'NONE',  ( 1.000000000000000000, 0.000000000000000000, 0.000000000000000000 ) ) ;
#1320 = VERTEX_POINT ( 'NONE', #3084 ) ;
#1321 = FACE_OUTER_BOUND ( 'NONE', #425, .T. ) ;
#1322 = DIRECTION ( 'NONE',  ( 1.000000000000000000, 0.000000000000000000, -0.000000000000000000 ) ) ;
#1323 = PRESENTATION_LAYER_ASSIGNMENT (  '', '', ( #585 ) ) ;
#1324 = CARTESIAN_POINT ( 'NONE',  ( 0.1191900411027776996, -0.1081780264468411440, 0.08882266103619476660 ) ) ;
#1325 = LENGTH_MEASURE_WITH_UNIT ( LENGTH_MEASURE( 0.02539999999999999897 ), #4481 );
#1326 = ADVANCED_FACE ( 'NONE', ( #4172 ), #3818, .T. ) ;
#1327 = AXIS2_PLACEMENT_3D ( 'NONE', #3804, #603, #3053 ) ;
#1328 = EDGE_CURVE ( 'NONE', #627, #2144, #111, .T. ) ;
#1329 = CARTESIAN_POINT ( 'NONE',  ( 0.04488188976377952694, -0.1865431732726409719, -0.02455144873031454497 ) ) ;
#1330 = MECHANICAL_DESIGN_GEOMETRIC_PRESENTATION_REPRESENTATION (  '', ( #2010 ), #2867 ) ;
#1331 = CIRCLE ( 'NONE', #2148, 0.01968503937007870172 ) ;
#1332 = VERTEX_POINT ( 'NONE', #3394 ) ;
#1333 = VECTOR ( 'NONE', #3068, 39.37007874015748854 ) ;
#1334 = SURFACE_STYLE_FILL_AREA ( #1701 ) ;
#1335 = SURFACE_STYLE_FILL_AREA ( #3418 ) ;
#1336 = COLOUR_RGB ( '',0.8313725490196077761, 0.8313725490196077761, 0.8313725490196077761 ) ;
#1337 = ORIENTED_EDGE ( 'NONE', *, *, #2648, .T. ) ;
#1338 = UNCERTAINTY_MEASURE_WITH_UNIT (LENGTH_MEASURE( 1.000000000000000082E-05 ), #1668, 'distance_accuracy_value', 'NONE');
#1339 = PRESENTATION_STYLE_ASSIGNMENT (( #4432 ) ) ;
#1340 = CARTESIAN_POINT ( 'NONE',  ( 0.1095133667695493002, 0.1157522861284661364, 0.09378946836436213852 ) ) ;
#1341 = PLANE ( 'NONE',  #3536 ) ;
#1342 =( NAMED_UNIT ( * ) PLANE_ANGLE_UNIT ( ) SI_UNIT ( $, .RADIAN. ) );
#1343 = VECTOR ( 'NONE', #4506, 39.37007874015748143 ) ;
#1344 = VERTEX_POINT ( 'NONE', #237 ) ;
#1345 = STYLED_ITEM ( 'NONE', ( #3682 ), #75 ) ;
#1346 = LENGTH_MEASURE_WITH_UNIT ( LENGTH_MEASURE( 0.02539999999999999897 ), #4503 );
#1347 = CARTESIAN_POINT ( 'NONE',  ( 0.1109982243313397399, 0.09092297189210907238, 0.1049385442844434635 ) ) ;
#1348 = CIRCLE ( 'NONE', #314, 0.01181102362204723699 ) ;
#1349 = LINE ( 'NONE', #609, #3819 ) ;
#1350 = EDGE_CURVE ( 'NONE', #1733, #2352, #3203, .T. ) ;
#1351 = LENGTH_MEASURE_WITH_UNIT ( LENGTH_MEASURE( 0.02539999999999999897 ), #2336 );
#1352 = VECTOR ( 'NONE', #566, 39.37007874015748143 ) ;
#1353 = PLANE ( 'NONE',  #1866 ) ;
#1354 = LINE ( 'NONE', #4165, #1000 ) ;
#1355 = STYLED_ITEM ( 'NONE', ( #4258 ), #1747 ) ;
#1356 = AXIS2_PLACEMENT_3D ( 'NONE', #631, #2809, #4228 ) ;
#1357 = ORIENTED_EDGE ( 'NONE', *, *, #1067, .F. ) ;
#1358 =( GEOMETRIC_REPRESENTATION_CONTEXT ( 3 ) GLOBAL_UNCERTAINTY_ASSIGNED_CONTEXT ( ( #849 ) ) GLOBAL_UNIT_ASSIGNED_CONTEXT ( ( #1581, #3312, #2963 ) ) REPRESENTATION_CONTEXT ( 'NONE', 'WORKASPACE' ) );
#1359 = MECHANICAL_DESIGN_GEOMETRIC_PRESENTATION_REPRESENTATION (  '', ( #185 ), #2530 ) ;
#1360 = FACE_OUTER_BOUND ( 'NONE', #197, .T. ) ;
#1361 = CARTESIAN_POINT ( 'NONE',  ( 0.1122047230601311008, 0.05905510485172283525, 0.000000000000000000 ) ) ;
#1362 = COLOUR_RGB ( '',0.7490196078431372584, 0.7490196078431372584, 0.7490196078431372584 ) ;
#1363 = CARTESIAN_POINT ( 'NONE',  ( 0.02133639050056881925, -0.05708661417322914017, 0.09448818897637796532 ) ) ;
#1364 =( REPRESENTATION_RELATIONSHIP ('NONE','NONE', #1735, #304 ) REPRESENTATION_RELATIONSHIP_WITH_TRANSFORMATION ( #3356 )SHAPE_REPRESENTATION_RELATIONSHIP( ) );
#1365 = CARTESIAN_POINT ( 'NONE',  ( -0.1087102328802070639, 0.1083410571495866809, 0.09724683810113851634 ) ) ;
#1366 = CARTESIAN_POINT ( 'NONE',  ( -0.02097000517896757329, -0.08475289810909485133, 0.09842519685039370636 ) ) ;
#1367 = ORIENTED_EDGE ( 'NONE', *, *, #569, .T. ) ;
#1368 = SURFACE_SIDE_STYLE ('',( #2443 ) ) ;
#1369 = SURFACE_SIDE_STYLE ('',( #3875 ) ) ;
#1370 = CARTESIAN_POINT ( 'NONE',  ( 0.01237059810162282475, -0.03958965362790184406, 0.09448818897637795144 ) ) ;
#1371 =( CONVERSION_BASED_UNIT ( 'INCH', #4060 ) LENGTH_UNIT ( ) NAMED_UNIT ( #2672 ) );
#1372 =( LENGTH_UNIT ( ) NAMED_UNIT ( * ) SI_UNIT ( $, .METRE. ) );
#1373 = ORIENTED_EDGE ( 'NONE', *, *, #4392, .T. ) ;
#1374 = ORIENTED_EDGE ( 'NONE', *, *, #3726, .F. ) ;
#1375 = LENGTH_MEASURE_WITH_UNIT ( LENGTH_MEASURE( 0.02539999999999999897 ), #633 );
#1376 = CARTESIAN_POINT ( 'NONE',  ( 0.02981470453520849648, -0.05708661417322914711, 0.09774986155350937067 ) ) ;
#1377 = EDGE_CURVE ( 'NONE', #1394, #1733, #3130, .T. ) ;
#1378 = LINE ( 'NONE', #2455, #1659 ) ;
#1379 = APPLICATION_CONTEXT ( 'automotive_design' ) ;
#1380 = SURFACE_SIDE_STYLE ('',( #2431 ) ) ;
#1381 = EDGE_CURVE ( 'NONE', #360, #4406, #1378, .T. ) ;
#1382 = EDGE_CURVE ( 'NONE', #3634, #3860, #1821, .T. ) ;
#1383 = CARTESIAN_POINT ( 'NONE',  ( -0.1148677646145330189, -0.1093559517487987520, 0.09459351435917275064 ) ) ;
#1384 = AXIS2_PLACEMENT_3D ( 'NONE', #242, #3820, #2741 ) ;
#1385 = PRESENTATION_STYLE_ASSIGNMENT (( #2112 ) ) ;
#1386 = DIRECTION ( 'NONE',  ( 1.000000000000000000, 0.000000000000000000, -0.000000000000000000 ) ) ;
#1387 = CARTESIAN_POINT ( 'NONE',  ( 0.01181101799011228387, -0.1539370138579468639, 0.03543307086614220364 ) ) ;
#1388 = CIRCLE ( 'NONE', #2778, 0.01968503937007870866 ) ;
#1389 = SURFACE_STYLE_FILL_AREA ( #4142 ) ;
#1390 = CARTESIAN_POINT ( 'NONE',  ( -0.1148677646145330050, -0.1093559517487987659, 0.09459351435917275064 ) ) ;
#1391 = DIRECTION ( 'NONE',  ( -0.000000000000000000, -0.000000000000000000, 1.000000000000000000 ) ) ;
#1392 =( GEOMETRIC_REPRESENTATION_CONTEXT ( 3 ) GLOBAL_UNCERTAINTY_ASSIGNED_CONTEXT ( ( #1704 ) ) GLOBAL_UNIT_ASSIGNED_CONTEXT ( ( #4182, #3470, #3809 ) ) REPRESENTATION_CONTEXT ( 'NONE', 'WORKASPACE' ) );
#1393 = VERTEX_POINT ( 'NONE', #3863 ) ;
#1394 = VERTEX_POINT ( 'NONE', #698 ) ;
#1395 = VERTEX_POINT ( 'NONE', #2871 ) ;
#1396 = CARTESIAN_POINT ( 'NONE',  ( 0.1204025497344728413, 0.000000000000000000, 0.08828450420752716188 ) ) ;
#1397 = DIRECTION ( 'NONE',  ( -1.000000000000000000, -0.000000000000000000, 0.000000000000000000 ) ) ;
#1398 = SURFACE_SIDE_STYLE ('',( #4560 ) ) ;
#1399 = EDGE_CURVE ( 'NONE', #1040, #143, #352, .T. ) ;
#1400 = PRESENTATION_LAYER_ASSIGNMENT (  '', '', ( #3398 ) ) ;
#1401 = CARTESIAN_POINT ( 'NONE',  ( 0.04488188976377952694, -0.1102362204724421230, 0.03543307086614220364 ) ) ;
#1402 = PRESENTATION_STYLE_ASSIGNMENT (( #4564 ) ) ;
#1403 = EDGE_CURVE ( 'NONE', #3543, #4363, #3944, .T. ) ;
#1404 = FACE_OUTER_BOUND ( 'NONE', #1997, .T. ) ;
#1405 =( LENGTH_UNIT ( ) NAMED_UNIT ( * ) SI_UNIT ( $, .METRE. ) );
#1406 = DIRECTION ( 'NONE',  ( 1.000000000000000000, 0.000000000000000000, 0.000000000000000000 ) ) ;
#1407 = ORIENTED_EDGE ( 'NONE', *, *, #1830, .T. ) ;
#1408 = AXIS2_PLACEMENT_3D ( 'NONE', #4513, #2345, #3800 ) ;
#1409 =( LENGTH_UNIT ( ) NAMED_UNIT ( * ) SI_UNIT ( $, .METRE. ) );
#1410 = FILL_AREA_STYLE_COLOUR ( '', #2285 ) ;
#1411 = FILL_AREA_STYLE_COLOUR ( '', #3711 ) ;
#1412 = LENGTH_MEASURE_WITH_UNIT ( LENGTH_MEASURE( 0.02539999999999999897 ), #279 );
#1413 =( LENGTH_UNIT ( ) NAMED_UNIT ( * ) SI_UNIT ( $, .METRE. ) );
#1414 =( NAMED_UNIT ( * ) PLANE_ANGLE_UNIT ( ) SI_UNIT ( $, .RADIAN. ) );
#1415 = VERTEX_POINT ( 'NONE', #3548 ) ;
#1416 = COLOUR_RGB ( '',0.2862745098039215508, 0.2862745098039215508, 0.2862745098039215508 ) ;
#1417 = ORIENTED_EDGE ( 'NONE', *, *, #4474, .T. ) ;
#1418 = ORIENTED_EDGE ( 'NONE', *, *, #3301, .F. ) ;
#1419 = VECTOR ( 'NONE', #3955, 39.37007874015748143 ) ;
#1420 =( NAMED_UNIT ( * ) SI_UNIT ( $, .STERADIAN. ) SOLID_ANGLE_UNIT ( ) );
#1421 = VECTOR ( 'NONE', #4, 39.37007874015748143 ) ;
#1422 = UNCERTAINTY_MEASURE_WITH_UNIT (LENGTH_MEASURE( 1.000000000000000082E-05 ), #3733, 'distance_accuracy_value', 'NONE');
#1423 = CARTESIAN_POINT ( 'NONE',  ( -0.01405147980082604303, -0.07321140724117682075, 0.09448818897637792369 ) ) ;
#1424 =( NAMED_UNIT ( * ) PLANE_ANGLE_UNIT ( ) SI_UNIT ( $, .RADIAN. ) );
#1425 = PLANE ( 'NONE',  #1112 ) ;
#1426 = DIRECTION ( 'NONE',  ( 0.000000000000000000, 0.000000000000000000, 1.000000000000000000 ) ) ;
#1427 = VECTOR ( 'NONE', #4361, 39.37007874015748143 ) ;
#1428 =( NAMED_UNIT ( * ) SI_UNIT ( $, .STERADIAN. ) SOLID_ANGLE_UNIT ( ) );
#1429 = APPLICATION_PROTOCOL_DEFINITION ( 'draft international standard', 'automotive_design', 1998, #818 ) ;
#1430 = ORIENTED_EDGE ( 'NONE', *, *, #1115, .T. ) ;
#1431 = MECHANICAL_DESIGN_GEOMETRIC_PRESENTATION_REPRESENTATION (  '', ( #3202 ), #2313 ) ;
#1432 = COLOUR_RGB ( '',0.2862745098039215508, 0.2862745098039215508, 0.2862745098039215508 ) ;
#1434 = EDGE_CURVE ( 'NONE', #1754, #2054, #2253, .T. ) ;
#1433 = DIRECTION ( 'NONE',  ( 0.000000000000000000, 1.000000000000000000, -0.000000000000000000 ) ) ;
#1435 = CARTESIAN_POINT ( 'NONE',  ( 0.05669290775389173448, -0.1689363388041381919, -0.01574803149606350539 ) ) ;
#1436 = CARTESIAN_POINT ( 'NONE',  ( 0.01049855372200241693, -0.03849402991709224148, 0.09448818897637796532 ) ) ;
#1437 =( NAMED_UNIT ( * ) SI_UNIT ( $, .STERADIAN. ) SOLID_ANGLE_UNIT ( ) );
#1438 = FILL_AREA_STYLE ('',( #3192 ) ) ;
#1439 = SURFACE_STYLE_FILL_AREA ( #2407 ) ;
#1440 =( BOUNDED_SURFACE ( )  B_SPLINE_SURFACE ( 3, 3, ( 
 ( #436, #2586, #1502, #2914 ),
 ( #2563, #144, #858, #3234 ),
 ( #72, #2952, #1211, #2250 ),
 ( #2886, #3976, #1916, #3928 ) ),
 .UNSPECIFIED., .F., .F., .F. ) 
 B_SPLINE_SURFACE_WITH_KNOTS ( ( 4, 4 ),
 ( 4, 4 ),
 ( 0.000000000000000000, 1.000000000000000000 ),
 ( 0.000000000000000000, 1.000000000000000000 ),
 .UNSPECIFIED. ) 
 GEOMETRIC_REPRESENTATION_ITEM ( )  RATIONAL_B_SPLINE_SURFACE ( (
 ( 1.000000000000000000, 0.3333333333333326487, 0.3333333333333326487, 1.000000000000000000),
 ( 0.9309765965421654688, 0.3103255321807211753, 0.3103255321807211753, 0.9309765965421654688),
 ( 0.9309765965421654688, 0.3103255321807211753, 0.3103255321807211753, 0.9309765965421654688),
 ( 1.000000000000000000, 0.3333333333333326487, 0.3333333333333326487, 1.000000000000000000) ) ) 
 REPRESENTATION_ITEM ( '' )  SURFACE ( )  );
#1441 = EDGE_LOOP ( 'NONE', ( #354, #916, #578, #2003 ) ) ;
#1442 = DIRECTION ( 'NONE',  ( 0.000000000000000000, 0.000000000000000000, -1.000000000000000000 ) ) ;
#1443 = EDGE_LOOP ( 'NONE', ( #259, #683, #3359, #2343 ) ) ;
#1444 = CARTESIAN_POINT ( 'NONE',  ( 0.01706377749840074301, -0.02684781644246343746, 0.09842519685039366473 ) ) ;
#1445 = CARTESIAN_POINT ( 'NONE',  ( 0.1142880497018699537, -0.1029596173691314370, 0.09997682160139584329 ) ) ;
#1446 = DIRECTION ( 'NONE',  ( -1.000000000000000000, 0.000000000000000000, 0.000000000000000000 ) ) ;
#1447 = UNCERTAINTY_MEASURE_WITH_UNIT (LENGTH_MEASURE( 1.000000000000000082E-05 ), #4358, 'distance_accuracy_value', 'NONE');
#1448 = DIRECTION ( 'NONE',  ( -0.1400280084028000249, 0.1400280084028000249, 0.9801960588196071411 ) ) ;
#1449 = CARTESIAN_POINT ( 'NONE',  ( 0.04488188976377952694, -0.1102362204724421230, -0.03543307086614220364 ) ) ;
#1450 =( NAMED_UNIT ( * ) SI_UNIT ( $, .STERADIAN. ) SOLID_ANGLE_UNIT ( ) );
#1451 =( NAMED_UNIT ( * ) PLANE_ANGLE_UNIT ( ) SI_UNIT ( $, .RADIAN. ) );
#1452 = PRODUCT_CONTEXT ( 'NONE', #1379, 'mechanical' ) ;
#1453 = DIMENSIONAL_EXPONENTS ( 1.000000000000000000, 0.000000000000000000, 0.000000000000000000, 0.000000000000000000, 0.000000000000000000, 0.000000000000000000, 0.000000000000000000 ) ;
#1454 = EDGE_CURVE ( 'NONE', #3066, #1165, #2503, .T. ) ;
#1455 = ORIENTED_EDGE ( 'NONE', *, *, #4175, .F. ) ;
#1456 = VERTEX_POINT ( 'NONE', #4541 ) ;
#1457 = DIRECTION ( 'NONE',  ( 0.000000000000000000, 1.000000000000000000, -0.000000000000000000 ) ) ;
#1458 = VECTOR ( 'NONE', #1290, 39.37007874015748143 ) ;
#1459 = EDGE_CURVE ( 'NONE', #3066, #1744, #373, .T. ) ;
#1460 = DIRECTION ( 'NONE',  ( -0.000000000000000000, 1.000000000000000000, 0.000000000000000000 ) ) ;
#1461 = CARTESIAN_POINT ( 'NONE',  ( -0.01301173309109499195, -0.03992825454789087486, 0.09448818897637795144 ) ) ;
#1462 = CARTESIAN_POINT ( 'NONE',  ( 0.000000000000000000, -0.1539370138579468639, 0.03543307086614220364 ) ) ;
#1463 = DIRECTION ( 'NONE',  ( 0.000000000000000000, 0.000000000000000000, -1.000000000000000000 ) ) ;
#1464 = ORIENTED_EDGE ( 'NONE', *, *, #3854, .T. ) ;
#1465 = STYLED_ITEM ( 'NONE', ( #2506 ), #3410 ) ;
#1466 = ORIENTED_EDGE ( 'NONE', *, *, #2232, .T. ) ;
#1467 = ADVANCED_FACE ( 'NONE', ( #719 ), #2330, .T. ) ;
#1468 = EDGE_LOOP ( 'NONE', ( #2951, #2843, #1109, #71, #807, #2675, #1652 ) ) ;
#1469 =( LENGTH_UNIT ( ) NAMED_UNIT ( * ) SI_UNIT ( $, .METRE. ) );
#1470 = CARTESIAN_POINT ( 'NONE',  ( 0.1082677151861153597, 0.1614173054695129950, 0.000000000000000000 ) ) ;
#1471 = LENGTH_MEASURE_WITH_UNIT ( LENGTH_MEASURE( 0.02539999999999999897 ), #1035 );
#1472 = UNCERTAINTY_MEASURE_WITH_UNIT (LENGTH_MEASURE( 1.000000000000000082E-05 ), #3597, 'distance_accuracy_value', 'NONE');
#1473 = AXIS2_PLACEMENT_3D ( 'NONE', #4412, #1259, #4002 ) ;
#1474 = FILL_AREA_STYLE ('',( #1775 ) ) ;
#1475 = LINE ( 'NONE', #1083, #3651 ) ;
#1476 = AXIS2_PLACEMENT_3D ( 'NONE', #4034, #868, #1563 ) ;
#1477 = EDGE_LOOP ( 'NONE', ( #573, #3885, #1020, #3456 ) ) ;
#1478 = ORIENTED_EDGE ( 'NONE', *, *, #2621, .T. ) ;
#1479 = CARTESIAN_POINT ( 'NONE',  ( 0.1122047230601311008, -0.04330709576606731753, 0.000000000000000000 ) ) ;
#1480 = MECHANICAL_DESIGN_GEOMETRIC_PRESENTATION_REPRESENTATION (  '', ( #3103 ), #2668 ) ;
#1481 = CARTESIAN_POINT ( 'NONE',  ( 0.1122047230601311008, 0.05905510485172283525, 0.01968503937007870172 ) ) ;
#1482 = DIMENSIONAL_EXPONENTS ( 1.000000000000000000, 0.000000000000000000, 0.000000000000000000, 0.000000000000000000, 0.000000000000000000, 0.000000000000000000, 0.000000000000000000 ) ;
#1483 = EDGE_CURVE ( 'NONE', #1303, #3799, #2259, .T. ) ;
#1484 = FILL_AREA_STYLE_COLOUR ( '', #4384 ) ;
#1485 = ORIENTED_EDGE ( 'NONE', *, *, #3367, .T. ) ;
#1486 = VERTEX_POINT ( 'NONE', #1198 ) ;
#1487 = ORIENTED_EDGE ( 'NONE', *, *, #3358, .F. ) ;
#1488 = CARTESIAN_POINT ( 'NONE',  ( 0.002179944014860124048, -0.02269132207235306786, 0.09842519685039366473 ) ) ;
#1489 = FACE_OUTER_BOUND ( 'NONE', #469, .T. ) ;
#1490 = DIRECTION ( 'NONE',  ( 6.439335343560869610E-32, 1.000000000000000000, -1.824854394960610109E-29 ) ) ;
#1491 =( NAMED_UNIT ( * ) SI_UNIT ( $, .STERADIAN. ) SOLID_ANGLE_UNIT ( ) );
#1492 = UNCERTAINTY_MEASURE_WITH_UNIT (LENGTH_MEASURE( 1.000000000000000082E-05 ), #2225, 'distance_accuracy_value', 'NONE');
#1493 = ORIENTED_EDGE ( 'NONE', *, *, #630, .F. ) ;
#1494 = FILL_AREA_STYLE_COLOUR ( '', #3812 ) ;
#1495 = VECTOR ( 'NONE', #3516, 39.37007874015748143 ) ;
#1496 = DIRECTION ( 'NONE',  ( 1.000000000000000000, 0.000000000000000000, -0.000000000000000000 ) ) ;
#1497 = LINE ( 'NONE', #4314, #4046 ) ;
#1498 =( LENGTH_UNIT ( ) NAMED_UNIT ( * ) SI_UNIT ( $, .METRE. ) );
#1499 = CARTESIAN_POINT ( 'NONE',  ( -0.04488188976377952694, 1.753176951659535589E-33, 2.048090182855559062E-18 ) ) ;
#1500 =( GEOMETRIC_REPRESENTATION_CONTEXT ( 3 ) GLOBAL_UNCERTAINTY_ASSIGNED_CONTEXT ( ( #1926 ) ) GLOBAL_UNIT_ASSIGNED_CONTEXT ( ( #371, #3862, #1798 ) ) REPRESENTATION_CONTEXT ( 'NONE', 'WORKASPACE' ) );
#1501 = PRESENTATION_LAYER_ASSIGNMENT (  '', '', ( #1141 ) ) ;
#1502 = CARTESIAN_POINT ( 'NONE',  ( -0.1148677646145330467, 0.1093559517487987659, 0.09459351435917276452 ) ) ;
#1503 = CARTESIAN_POINT ( 'NONE',  ( -0.1122047230601311008, 0.1224409416317941007, 0.01968503937007870172 ) ) ;
#1504 = SURFACE_STYLE_USAGE ( .BOTH. , #3257 ) ;
#1505 = AXIS2_PLACEMENT_3D ( 'NONE', #2339, #912, #3751 ) ;
#1506 = CIRCLE ( 'NONE', #4088, 0.01181102362204724046 ) ;
#1507 = CARTESIAN_POINT ( 'NONE',  ( -0.1279524187820743897, 0.1107482890620748450, 0.03543542087431389431 ) ) ;
#1508 = FILL_AREA_STYLE_COLOUR ( '', #2302 ) ;
#1509 = PLANE ( 'NONE',  #3389 ) ;
#1510 = FILL_AREA_STYLE_COLOUR ( '', #4226 ) ;
#1511 = ORIENTED_EDGE ( 'NONE', *, *, #3850, .T. ) ;
#1512 = EDGE_CURVE ( 'NONE', #1669, #183, #100, .T. ) ;
#1513 = DIRECTION ( 'NONE',  ( -1.000000000000000000, -0.000000000000000000, 0.000000000000000000 ) ) ;
#1514 = ORIENTED_EDGE ( 'NONE', *, *, #3368, .T. ) ;
#1515 = DIMENSIONAL_EXPONENTS ( 1.000000000000000000, 0.000000000000000000, 0.000000000000000000, 0.000000000000000000, 0.000000000000000000, 0.000000000000000000, 0.000000000000000000 ) ;
#1516 = LINE ( 'NONE', #3990, #3025 ) ;
#1517 = EDGE_CURVE ( 'NONE', #726, #1961, #4224, .T. ) ;
#1518 = VERTEX_POINT ( 'NONE', #4352 ) ;
#1519 =( GEOMETRIC_REPRESENTATION_CONTEXT ( 3 ) GLOBAL_UNCERTAINTY_ASSIGNED_CONTEXT ( ( #3551 ) ) GLOBAL_UNIT_ASSIGNED_CONTEXT ( ( #3881, #4553, #3480 ) ) REPRESENTATION_CONTEXT ( 'NONE', 'WORKASPACE' ) );
#1520 = LINE ( 'NONE', #211, #2956 ) ;
#1521 = SURFACE_SIDE_STYLE ('',( #3275 ) ) ;
#1522 = FILL_AREA_STYLE ('',( #1955 ) ) ;
#1523 = PLANE ( 'NONE',  #3276 ) ;
#1524 =( NAMED_UNIT ( * ) PLANE_ANGLE_UNIT ( ) SI_UNIT ( $, .RADIAN. ) );
#1525 = EDGE_CURVE ( 'NONE', #1228, #1870, #2273, .T. ) ;
#1526 =( NAMED_UNIT ( * ) SI_UNIT ( $, .STERADIAN. ) SOLID_ANGLE_UNIT ( ) );
#1527 = FILL_AREA_STYLE ('',( #837 ) ) ;
#1528 = DIRECTION ( 'NONE',  ( 0.000000000000000000, 1.000000000000000000, 0.000000000000000000 ) ) ;
#1529 = DIRECTION ( 'NONE',  ( -0.000000000000000000, -1.000000000000000000, -0.000000000000000000 ) ) ;
#1530 = DIRECTION ( 'NONE',  ( 0.000000000000000000, 0.000000000000000000, 1.000000000000000000 ) ) ;
#1531 = UNCERTAINTY_MEASURE_WITH_UNIT (LENGTH_MEASURE( 1.000000000000000082E-05 ), #3934, 'distance_accuracy_value', 'NONE');
#1532 =( LENGTH_UNIT ( ) NAMED_UNIT ( * ) SI_UNIT ( $, .METRE. ) );
#1533 = CARTESIAN_POINT ( 'NONE',  ( -0.008607428698870779257, -0.02350026278899241053, 0.09842519685039369248 ) ) ;
#1534 = FILL_AREA_STYLE_COLOUR ( '', #681 ) ;
#1535 =( LENGTH_UNIT ( ) NAMED_UNIT ( * ) SI_UNIT ( $, .METRE. ) );
#1536 = FILL_AREA_STYLE ('',( #848 ) ) ;
#1537 = UNCERTAINTY_MEASURE_WITH_UNIT (LENGTH_MEASURE( 1.000000000000000082E-05 ), #2960, 'distance_accuracy_value', 'NONE');
#1538 = ORIENTED_EDGE ( 'NONE', *, *, #3237, .F. ) ;
#1539 = CIRCLE ( 'NONE', #2418, 0.01181102362204724393 ) ;
#1540 = PRESENTATION_STYLE_ASSIGNMENT (( #135 ) ) ;
#1541 =( NAMED_UNIT ( * ) PLANE_ANGLE_UNIT ( ) SI_UNIT ( $, .RADIAN. ) );
#1542 = CARTESIAN_POINT ( 'NONE',  ( 0.02786517945796132892, -0.05708661417322914017, 0.09645669291338582196 ) ) ;
#1543 = ADVANCED_FACE ( 'NONE', ( #3322 ), #4010, .T. ) ;
#1544 = DIRECTION ( 'NONE',  ( -1.000000000000000000, 0.000000000000000000, 0.000000000000000000 ) ) ;
#1545 = PLANE ( 'NONE',  #725 ) ;
#1546 = DIMENSIONAL_EXPONENTS ( 1.000000000000000000, 0.000000000000000000, 0.000000000000000000, 0.000000000000000000, 0.000000000000000000, 0.000000000000000000, 0.000000000000000000 ) ;
#1547 = AXIS2_PLACEMENT_3D ( 'NONE', #4206, #251, #958 ) ;
#1548 = ORIENTED_EDGE ( 'NONE', *, *, #3578, .F. ) ;
#1549 = CARTESIAN_POINT ( 'NONE',  ( 0.1095133667695493418, -0.1157522861284661642, 0.09378946836436216627 ) ) ;
#1550 = CARTESIAN_POINT ( 'NONE',  ( 0.03439396841535381777, -0.05926990753155918917, 0.09842519685039369248 ) ) ;
#1551 = CARTESIAN_POINT ( 'NONE',  ( 0.05669290775389173448, -0.1102362204724421230, 1.707404996040164512E-17 ) ) ;
#1552 = AXIS2_PLACEMENT_3D ( 'NONE', #3012, #477, #1248 ) ;
#1553 = CARTESIAN_POINT ( 'NONE',  ( 0.1122047230601311008, 0.1224409416317941007, 0.01968503937007870172 ) ) ;
#1554 = SURFACE_STYLE_FILL_AREA ( #2254 ) ;
#1555 = PLANE ( 'NONE',  #30 ) ;
#1556 = CARTESIAN_POINT ( 'NONE',  ( 0.04488188976377952694, -0.2109849210383858420, -2.775557561562889810E-17 ) ) ;
#1557 = PRESENTATION_LAYER_ASSIGNMENT (  '', '', ( #307 ) ) ;
#1558 = PRODUCT_DEFINITION_SHAPE ( 'NONE', 'NONE',  #4282 ) ;
#1559 = STYLED_ITEM ( 'NONE', ( #1978 ), #2834 ) ;
#1560 =( GEOMETRIC_REPRESENTATION_CONTEXT ( 3 ) GLOBAL_UNCERTAINTY_ASSIGNED_CONTEXT ( ( #209 ) ) GLOBAL_UNIT_ASSIGNED_CONTEXT ( ( #3457, #2367, #616 ) ) REPRESENTATION_CONTEXT ( 'NONE', 'WORKASPACE' ) );
#1561 = ORIENTED_EDGE ( 'NONE', *, *, #1403, .T. ) ;
#1562 = DIRECTION ( 'NONE',  ( -0.000000000000000000, -0.000000000000000000, -1.000000000000000000 ) ) ;
#1563 = DIRECTION ( 'NONE',  ( 0.000000000000000000, 0.000000000000000000, 1.000000000000000000 ) ) ;
#1564 = SURFACE_STYLE_USAGE ( .BOTH. , #4357 ) ;
#1565 =( LENGTH_UNIT ( ) NAMED_UNIT ( * ) SI_UNIT ( $, .METRE. ) );
#1566 = CARTESIAN_POINT ( 'NONE',  ( 0.08661417663097362163, 0.1614173054695129950, 0.000000000000000000 ) ) ;
#1567 = CARTESIAN_POINT ( 'NONE',  ( 0.1082677151861153597, 0.1574802975954972539, 0.000000000000000000 ) ) ;
#1568 = STYLED_ITEM ( 'NONE', ( #1189 ), #258 ) ;
#1569 = EDGE_CURVE ( 'NONE', #924, #3896, #1148, .T. ) ;
#1570 = ORIENTED_EDGE ( 'NONE', *, *, #3156, .F. ) ;
#1571 = LENGTH_MEASURE_WITH_UNIT ( LENGTH_MEASURE( 0.02539999999999999897 ), #688 );
#1572 =( REPRESENTATION_RELATIONSHIP ('NONE','NONE', #1735, #2195 ) REPRESENTATION_RELATIONSHIP_WITH_TRANSFORMATION ( #703 )SHAPE_REPRESENTATION_RELATIONSHIP( ) );
#1573 = SURFACE_SIDE_STYLE ('',( #171 ) ) ;
#1574 = CARTESIAN_POINT ( 'NONE',  ( -0.008536277064286454733, -0.09042590186308256672, 0.09842519685039370636 ) ) ;
#1575 = PRESENTATION_LAYER_ASSIGNMENT (  '', '', ( #758 ) ) ;
#1576 = PRESENTATION_LAYER_ASSIGNMENT (  '', '', ( #3428 ) ) ;
#1577 = SURFACE_STYLE_USAGE ( .BOTH. , #2566 ) ;
#1578 = DIMENSIONAL_EXPONENTS ( 1.000000000000000000, 0.000000000000000000, 0.000000000000000000, 0.000000000000000000, 0.000000000000000000, 0.000000000000000000, 0.000000000000000000 ) ;
#1579 = LINE ( 'NONE', #2567, #3487 ) ;
#1580 = SURFACE_STYLE_FILL_AREA ( #2934 ) ;
#1581 =( CONVERSION_BASED_UNIT ( 'INCH', #3633 ) LENGTH_UNIT ( ) NAMED_UNIT ( #1163 ) );
#1582 = PRESENTATION_LAYER_ASSIGNMENT (  '', '', ( #2390 ) ) ;
#1583 = EDGE_CURVE ( 'NONE', #1841, #3524, #886, .T. ) ;
#1584 = PRESENTATION_LAYER_ASSIGNMENT (  '', '', ( #4454 ) ) ;
#1585 = PRESENTATION_LAYER_ASSIGNMENT (  '', '', ( #3575 ) ) ;
#1586 = ADVANCED_FACE ( 'NONE', ( #450 ), #2898, .T. ) ;
#1587 = ORIENTED_EDGE ( 'NONE', *, *, #4220, .T. ) ;
#1588 = CARTESIAN_POINT ( 'NONE',  ( 0.1087102328802070778, -0.1031984200144728386, 0.08661417322834646937 ) ) ;
#1589 = DIRECTION ( 'NONE',  ( -0.1104315260748450073, 0.000000000000000000, -0.9938837346736191236 ) ) ;
#1590 = DIRECTION ( 'NONE',  ( 0.000000000000000000, -1.000000000000000000, 0.000000000000000000 ) ) ;
#1591 = FACE_OUTER_BOUND ( 'NONE', #1300, .T. ) ;
#1592 = UNCERTAINTY_MEASURE_WITH_UNIT (LENGTH_MEASURE( 1.000000000000000082E-05 ), #3246, 'distance_accuracy_value', 'NONE');
#1593 = VERTEX_POINT ( 'NONE', #3370 ) ;
#1594 =( LENGTH_UNIT ( ) NAMED_UNIT ( * ) SI_UNIT ( $, .METRE. ) );
#1595 = PRESENTATION_STYLE_ASSIGNMENT (( #4014 ) ) ;
#1596 = CONTEXT_DEPENDENT_SHAPE_REPRESENTATION ( #949, #4181 ) ;
#1597 =( BOUNDED_SURFACE ( )  B_SPLINE_SURFACE ( 3, 3, ( 
 ( #3502, #2119, #33, #4212 ),
 ( #1051, #3858, #692, #1988 ),
 ( #3379, #2690, #3401, #80 ),
 ( #1964, #3027, #2291, #244 ) ),
 .UNSPECIFIED., .F., .F., .F. ) 
 B_SPLINE_SURFACE_WITH_KNOTS ( ( 4, 4 ),
 ( 4, 4 ),
 ( 0.000000000000000000, 1.000000000000000000 ),
 ( 0.000000000000000000, 1.000000000000000000 ),
 .UNSPECIFIED. ) 
 GEOMETRIC_REPRESENTATION_ITEM ( )  RATIONAL_B_SPLINE_SURFACE ( (
 ( 1.000000000000000000, 0.3333333333333322046, 0.3333333333333322046, 1.000000000000000000),
 ( 0.9309765965421643585, 0.3103255321807203981, 0.3103255321807203981, 0.9309765965421643585),
 ( 0.9309765965421643585, 0.3103255321807203981, 0.3103255321807203981, 0.9309765965421643585),
 ( 1.000000000000000000, 0.3333333333333322046, 0.3333333333333322046, 1.000000000000000000) ) ) 
 REPRESENTATION_ITEM ( '' )  SURFACE ( )  );
#1598 = DIRECTION ( 'NONE',  ( -0.000000000000000000, -0.000000000000000000, -1.000000000000000000 ) ) ;
#1599 = ORIENTED_EDGE ( 'NONE', *, *, #1045, .T. ) ;
#1600 = SURFACE_STYLE_FILL_AREA ( #198 ) ;
#1601 =( CONVERSION_BASED_UNIT ( 'INCH', #199 ) LENGTH_UNIT ( ) NAMED_UNIT ( #731 ) );
#1602 = LENGTH_MEASURE_WITH_UNIT ( LENGTH_MEASURE( 0.02539999999999999897 ), #2244 );
#1603 =( NAMED_UNIT ( * ) PLANE_ANGLE_UNIT ( ) SI_UNIT ( $, .RADIAN. ) );
#1604 = ORIENTED_EDGE ( 'NONE', *, *, #4063, .F. ) ;
#1605 = CARTESIAN_POINT ( 'NONE',  ( 0.000000000000000000, -0.1224409416317936844, 0.03543307086614173873 ) ) ;
#1606 = SURFACE_STYLE_FILL_AREA ( #3365 ) ;
#1607 = DIRECTION ( 'NONE',  ( 0.000000000000000000, 0.000000000000000000, 1.000000000000000000 ) ) ;
#1608 = EDGE_CURVE ( 'NONE', #1936, #1657, #4166, .T. ) ;
#1609 = CARTESIAN_POINT ( 'NONE',  ( -0.02591565438071413360, -0.05708661417322914711, 0.09516352427326228713 ) ) ;
#1610 = SURFACE_SIDE_STYLE ('',( #4073 ) ) ;
#1611 = PRESENTATION_STYLE_ASSIGNMENT (( #3730 ) ) ;
#1612 = DIMENSIONAL_EXPONENTS ( 1.000000000000000000, 0.000000000000000000, 0.000000000000000000, 0.000000000000000000, 0.000000000000000000, 0.000000000000000000, 0.000000000000000000 ) ;
#1613 = DIRECTION ( 'NONE',  ( -0.9938837346736191236, 0.000000000000000000, -0.1104315260748450073 ) ) ;
#1614 = COLOUR_RGB ( '',0.7490196078431372584, 0.7490196078431372584, 0.7490196078431372584 ) ;
#1615 = ORIENTED_EDGE ( 'NONE', *, *, #3449, .F. ) ;
#1616 = CARTESIAN_POINT ( 'NONE',  ( 0.1162371784798632152, -0.1224409161751614100, 0.03543324906256842960 ) ) ;
#1617 = CARTESIAN_POINT ( 'NONE',  ( 0.000000000000000000, -0.1204724376947858278, 0.01771653543307078957 ) ) ;
#1618 = PRESENTATION_LAYER_ASSIGNMENT (  '', '', ( #1465 ) ) ;
#1619 = LINE ( 'NONE', #4042, #4302 ) ;
#1620 = ORIENTED_EDGE ( 'NONE', *, *, #2615, .F. ) ;
#1621 = STYLED_ITEM ( 'NONE', ( #3 ), #3610 ) ;
#1622 = APPLICATION_CONTEXT ( 'automotive_design' ) ;
#1623 = DIRECTION ( 'NONE',  ( -1.000000000000000000, 0.000000000000000000, 0.000000000000000000 ) ) ;
#1624 = ORIENTED_EDGE ( 'NONE', *, *, #2335, .T. ) ;
#1625 = CARTESIAN_POINT ( 'NONE',  ( 0.04488188976377952694, -0.1689363388041381919, -0.03543307086614221058 ) ) ;
#1626 = SURFACE_STYLE_USAGE ( .BOTH. , #562 ) ;
#1627 = MECHANICAL_DESIGN_GEOMETRIC_PRESENTATION_REPRESENTATION (  '', ( #2863 ), #2939 ) ;
#1628 =( LENGTH_UNIT ( ) NAMED_UNIT ( * ) SI_UNIT ( $, .METRE. ) );
#1629 = ORIENTED_EDGE ( 'NONE', *, *, #3046, .F. ) ;
#1630 = FILL_AREA_STYLE ('',( #221 ) ) ;
#1631 = MECHANICAL_DESIGN_GEOMETRIC_PRESENTATION_REPRESENTATION (  '', ( #1032 ), #2783 ) ;
#1632 = FILL_AREA_STYLE_COLOUR ( '', #1933 ) ;
#1633 = AXIS2_PLACEMENT_3D ( 'NONE', #2968, #2577, #799 ) ;
#1634 = DIRECTION ( 'NONE',  ( 0.5213376868395961372, 0.5213376868395946939, 0.6755842157432928596 ) ) ;
#1635 = EDGE_CURVE ( 'NONE', #2365, #90, #4465, .T. ) ;
#1636 = CARTESIAN_POINT ( 'NONE',  ( 0.03358901543013811941, -0.04848590311241225692, 0.09842519685039370636 ) ) ;
#1637 =( NAMED_UNIT ( * ) PLANE_ANGLE_UNIT ( ) SI_UNIT ( $, .RADIAN. ) );
#1638 =( NAMED_UNIT ( * ) SI_UNIT ( $, .STERADIAN. ) SOLID_ANGLE_UNIT ( ) );
#1639 = SURFACE_SIDE_STYLE ('',( #2388 ) ) ;
#1640 = ORIENTED_EDGE ( 'NONE', *, *, #223, .T. ) ;
#1641 = AXIS2_PLACEMENT_3D ( 'NONE', #4308, #3841, #2793 ) ;
#1642 =( GEOMETRIC_REPRESENTATION_CONTEXT ( 3 ) GLOBAL_UNCERTAINTY_ASSIGNED_CONTEXT ( ( #4347 ) ) GLOBAL_UNIT_ASSIGNED_CONTEXT ( ( #845, #2523, #3268 ) ) REPRESENTATION_CONTEXT ( 'NONE', 'WORKASPACE' ) );
#1643 = CARTESIAN_POINT ( 'NONE',  ( -0.1082677151861153597, 0.1574802975954972539, 0.01968503937007870172 ) ) ;
#1644 = CARTESIAN_POINT ( 'NONE',  ( 0.000000000000000000, -0.1185039337577779850, -6.402768735150616918E-18 ) ) ;
#1645 = DIMENSIONAL_EXPONENTS ( 1.000000000000000000, 0.000000000000000000, 0.000000000000000000, 0.000000000000000000, 0.000000000000000000, 0.000000000000000000, 0.000000000000000000 ) ;
#1646 = ADVANCED_FACE ( 'NONE', ( #3710 ), #2384, .T. ) ;
#1647 = CARTESIAN_POINT ( 'NONE',  ( -0.1148677646145330328, 0.1093559517487987520, 0.09459351435917275064 ) ) ;
#1648 = ORIENTED_EDGE ( 'NONE', *, *, #1666, .T. ) ;
#1649 = LINE ( 'NONE', #3764, #3691 ) ;
#1650 =( CONVERSION_BASED_UNIT ( 'INCH', #1213 ) LENGTH_UNIT ( ) NAMED_UNIT ( #3702 ) );
#1651 = VECTOR ( 'NONE', #3451, 39.37007874015748143 ) ;
#1652 = ORIENTED_EDGE ( 'NONE', *, *, #3368, .F. ) ;
#1653 = MECHANICAL_DESIGN_GEOMETRIC_PRESENTATION_REPRESENTATION (  '', ( #1055 ), #2808 ) ;
#1654 = MECHANICAL_DESIGN_GEOMETRIC_PRESENTATION_REPRESENTATION (  '', ( #3641 ), #993 ) ;
#1655 = CARTESIAN_POINT ( 'NONE',  ( -0.02786517945796132892, -0.001356255257306489487, 0.09645669291338583584 ) ) ;
#1656 = MECHANICAL_DESIGN_GEOMETRIC_PRESENTATION_REPRESENTATION (  '', ( #1723 ), #4382 ) ;
#1657 = VERTEX_POINT ( 'NONE', #3078 ) ;
#1658 = PRESENTATION_LAYER_ASSIGNMENT (  '', '', ( #3202 ) ) ;
#1659 = VECTOR ( 'NONE', #2774, 39.37007874015748143 ) ;
#1660 = CARTESIAN_POINT ( 'NONE',  ( -0.03439396841535381083, -0.05708661417322914017, 0.09842519685039370636 ) ) ;
#1661 =( CONVERSION_BASED_UNIT ( 'INCH', #265 ) LENGTH_UNIT ( ) NAMED_UNIT ( #3019 ) );
#1662 = SURFACE_SIDE_STYLE ('',( #637 ) ) ;
#1663 = EDGE_CURVE ( 'NONE', #3683, #1344, #3169, .T. ) ;
#1664 = LENGTH_MEASURE_WITH_UNIT ( LENGTH_MEASURE( 0.02539999999999999897 ), #3761 );
#1665 = ORIENTED_EDGE ( 'NONE', *, *, #1709, .F. ) ;
#1666 = EDGE_CURVE ( 'NONE', #3815, #1320, #3562, .T. ) ;
#1667 =( CONVERSION_BASED_UNIT ( 'INCH', #1019 ) LENGTH_UNIT ( ) NAMED_UNIT ( #1672 ) );
#1668 =( CONVERSION_BASED_UNIT ( 'INCH', #2053 ) LENGTH_UNIT ( ) NAMED_UNIT ( #3731 ) );
#1669 = VERTEX_POINT ( 'NONE', #4188 ) ;
#1670 = EDGE_CURVE ( 'NONE', #583, #520, #2426, .T. ) ;
#1671 =( CONVERSION_BASED_UNIT ( 'INCH', #1690 ) LENGTH_UNIT ( ) NAMED_UNIT ( #3320 ) );
#1672 = DIMENSIONAL_EXPONENTS ( 1.000000000000000000, 0.000000000000000000, 0.000000000000000000, 0.000000000000000000, 0.000000000000000000, 0.000000000000000000, 0.000000000000000000 ) ;
#1673 = DIRECTION ( 'NONE',  ( -1.000000000000000000, -0.000000000000000000, 0.000000000000000000 ) ) ;
#1674 =( NAMED_UNIT ( * ) SI_UNIT ( $, .STERADIAN. ) SOLID_ANGLE_UNIT ( ) );
#1675 = CARTESIAN_POINT ( 'NONE',  ( 0.02591565438071413360, -0.005255305411800882502, 0.09516352427326230101 ) ) ;
#1676 = PRODUCT_DEFINITION_SHAPE ( 'NONE', 'NONE',  #4570 ) ;
#1677 = DIRECTION ( 'NONE',  ( -0.1400280084028002192, 0.1400280084028024397, -0.9801960588196065860 ) ) ;
#1678 = FILL_AREA_STYLE_COLOUR ( '', #333 ) ;
#1679 = CARTESIAN_POINT ( 'NONE',  ( -0.1198785008695569254, 0.1069378805101795782, 0.08572732244063106799 ) ) ;
#1680 = ORIENTED_EDGE ( 'NONE', *, *, #1994, .T. ) ;
#1681 = DIRECTION ( 'NONE',  ( -1.000000000000000000, 0.000000000000000000, 0.000000000000000000 ) ) ;
#1682 = CARTESIAN_POINT ( 'NONE',  ( 0.000000000000000000, -0.04330709576606731753, 0.000000000000000000 ) ) ;
#1683 = PRESENTATION_STYLE_ASSIGNMENT (( #618 ) ) ;
#1684 = CARTESIAN_POINT ( 'NONE',  ( 0.1087102328802070778, -0.1031984200144728386, 0.08661417322834646937 ) ) ;
#1685 = AXIS2_PLACEMENT_3D ( 'NONE', #2824, #1084, #1021 ) ;
#1686 = EDGE_CURVE ( 'NONE', #2561, #716, #2839, .T. ) ;
#1687 = CARTESIAN_POINT ( 'NONE',  ( 0.03439396841535381083, -0.05708661417322914017, 0.09842519685039370636 ) ) ;
#1688 = PLANE ( 'NONE',  #883 ) ;
#1689 = DIRECTION ( 'NONE',  ( 1.000000000000000000, 0.000000000000000000, 0.000000000000000000 ) ) ;
#1690 = LENGTH_MEASURE_WITH_UNIT ( LENGTH_MEASURE( 0.02539999999999999897 ), #628 );
#1691 =( GEOMETRIC_REPRESENTATION_CONTEXT ( 3 ) GLOBAL_UNCERTAINTY_ASSIGNED_CONTEXT ( ( #4153 ) ) GLOBAL_UNIT_ASSIGNED_CONTEXT ( ( #205, #1943, #1992 ) ) REPRESENTATION_CONTEXT ( 'NONE', 'WORKASPACE' ) );
#1692 = CARTESIAN_POINT ( 'NONE',  ( 0.08661417663097362163, 0.1614173054695129950, 0.000000000000000000 ) ) ;
#1693 =( NAMED_UNIT ( * ) SI_UNIT ( $, .STERADIAN. ) SOLID_ANGLE_UNIT ( ) );
#1694 =( GEOMETRIC_REPRESENTATION_CONTEXT ( 3 ) GLOBAL_UNCERTAINTY_ASSIGNED_CONTEXT ( ( #2395 ) ) GLOBAL_UNIT_ASSIGNED_CONTEXT ( ( #292, #629, #1693 ) ) REPRESENTATION_CONTEXT ( 'NONE', 'WORKASPACE' ) );
#1695 = COLOUR_RGB ( '',0.8313725490196077761, 0.8313725490196077761, 0.8313725490196077761 ) ;
#1696 = MECHANICAL_DESIGN_GEOMETRIC_PRESENTATION_REPRESENTATION (  '', ( #3900 ), #4273 ) ;
#1697 = SURFACE_SIDE_STYLE ('',( #3774 ) ) ;
#1698 = SURFACE_SIDE_STYLE ('',( #3797 ) ) ;
#1699 = ORIENTED_EDGE ( 'NONE', *, *, #1382, .F. ) ;
#1700 = CARTESIAN_POINT ( 'NONE',  ( 0.1122047227617090775, 0.1224409416317940869, 0.0004361038350552540253 ) ) ;
#1701 = FILL_AREA_STYLE ('',( #617 ) ) ;
#1702 = DIRECTION ( 'NONE',  ( -0.5213376868395971364, 0.5213376868395942498, 0.6755842157432923045 ) ) ;
#1703 = DIRECTION ( 'NONE',  ( 0.000000000000000000, 0.000000000000000000, -1.000000000000000000 ) ) ;
#1704 = UNCERTAINTY_MEASURE_WITH_UNIT (LENGTH_MEASURE( 1.000000000000000082E-05 ), #4182, 'distance_accuracy_value', 'NONE');
#1705 = CARTESIAN_POINT ( 'NONE',  ( 0.01859258425613580581, -0.06758516789523406898, 0.09448818897637792369 ) ) ;
#1706 = MECHANICAL_DESIGN_GEOMETRIC_PRESENTATION_REPRESENTATION (  '', ( #3833 ), #240 ) ;
#1707 = CARTESIAN_POINT ( 'NONE',  ( 0.1083750633130067254, 0.1084901687106427648, 0.09781377893776743715 ) ) ;
#1708 = CARTESIAN_POINT ( 'NONE',  ( 0.000000000000000000, 0.000000000000000000, 0.000000000000000000 ) ) ;
#1709 = EDGE_CURVE ( 'NONE', #1844, #1990, #2247, .T. ) ;
#1710 = EDGE_LOOP ( 'NONE', ( #2970, #3225, #1629, #1315 ) ) ;
#1711 = VECTOR ( 'NONE', #2815, 39.37007874015748143 ) ;
#1712 = VECTOR ( 'NONE', #3808, 39.37007874015748143 ) ;
#1713 = CARTESIAN_POINT ( 'NONE',  ( 0.000000000000000000, -0.1102362204724421230, 0.05511811016288858944 ) ) ;
#1714 = MECHANICAL_DESIGN_GEOMETRIC_PRESENTATION_REPRESENTATION (  '', ( #1282 ), #2526 ) ;
#1715 = DIRECTION ( 'NONE',  ( -0.000000000000000000, 0.000000000000000000, 1.000000000000000000 ) ) ;
#1716 = CARTESIAN_POINT ( 'NONE',  ( 0.005344855166728455613, -0.03625224797480203209, 0.09448818897637796532 ) ) ;
#1717 = SURFACE_STYLE_USAGE ( .BOTH. , #1027 ) ;
#1718 = AXIS2_PLACEMENT_3D ( 'NONE', #3302, #4293, #3671 ) ;
#1719 = ORIENTED_EDGE ( 'NONE', *, *, #850, .T. ) ;
#1720 = ORIENTED_EDGE ( 'NONE', *, *, #1525, .T. ) ;
#1721 = EDGE_CURVE ( 'NONE', #583, #2500, #2406, .T. ) ;
#1722 = MECHANICAL_DESIGN_GEOMETRIC_PRESENTATION_REPRESENTATION (  '', ( #416 ), #328 ) ;
#1723 = STYLED_ITEM ( 'NONE', ( #2507 ), #1156 ) ;
#1724 = LINE ( 'NONE', #3067, #3331 ) ;
#1725 = SURFACE_STYLE_USAGE ( .BOTH. , #3176 ) ;
#1726 =( CONVERSION_BASED_UNIT ( 'INCH', #1471 ) LENGTH_UNIT ( ) NAMED_UNIT ( #1645 ) );
#1727 =( GEOMETRIC_REPRESENTATION_CONTEXT ( 3 ) GLOBAL_UNCERTAINTY_ASSIGNED_CONTEXT ( ( #888 ) ) GLOBAL_UNIT_ASSIGNED_CONTEXT ( ( #2568, #152, #2986 ) ) REPRESENTATION_CONTEXT ( 'NONE', 'WORKASPACE' ) );
#1728 = ORIENTED_EDGE ( 'NONE', *, *, #3442, .T. ) ;
#1729 = CARTESIAN_POINT ( 'NONE',  ( -0.02133639050056881925, -0.05708661417322914711, 0.09448818897637796532 ) ) ;
#1730 =( CONVERSION_BASED_UNIT ( 'INCH', #2483 ) LENGTH_UNIT ( ) NAMED_UNIT ( #266 ) );
#1731 = CARTESIAN_POINT ( 'NONE',  ( 0.1196288998397472686, 0.1084901687106427925, 0.08912937073787066677 ) ) ;
#1732 = CARTESIAN_POINT ( 'NONE',  ( 0.1148677646145330189, 0.1093559517487987520, 0.09459351435917275064 ) ) ;
#1733 = VERTEX_POINT ( 'NONE', #365 ) ;
#1734 = FACE_OUTER_BOUND ( 'NONE', #2091, .T. ) ;
#1735 = SHAPE_REPRESENTATION ( 'TLS850C2TEV50ATMA1', ( #2473, #4171, #3954, #1984, #4540, #2548, #567, #3072 ), #939 ) ;
#1736 = CARTESIAN_POINT ( 'NONE',  ( -0.1191900411027776996, -0.1081780264468411856, 0.08882266103619476660 ) ) ;
#1737 = MECHANICAL_DESIGN_GEOMETRIC_PRESENTATION_REPRESENTATION (  '', ( #2468 ), #1908 ) ;
#1738 = LENGTH_MEASURE_WITH_UNIT ( LENGTH_MEASURE( 0.02539999999999999897 ), #2859 );
#1739 = LINE ( 'NONE', #1329, #1343 ) ;
#1740 = EDGE_CURVE ( 'NONE', #3402, #627, #3427, .T. ) ;
#1741 = CARTESIAN_POINT ( 'NONE',  ( 0.02010749810842127686, -0.04991461281389714816, 0.09448818897637797920 ) ) ;
#1742 = DIRECTION ( 'NONE',  ( -0.000000000000000000, 1.000000000000000000, 0.000000000000000000 ) ) ;
#1743 = SURFACE_SIDE_STYLE ('',( #1439 ) ) ;
#1744 = VERTEX_POINT ( 'NONE', #3501 ) ;
#1745 = EDGE_CURVE ( 'NONE', #2451, #1119, #3540, .T. ) ;
#1746 = EDGE_LOOP ( 'NONE', ( #1074, #1367, #2835, #370 ) ) ;
#1747 = ADVANCED_FACE ( 'NONE', ( #2080 ), #4235, .T. ) ;
#1748 = ORIENTED_EDGE ( 'NONE', *, *, #1181, .T. ) ;
#1749 = PRODUCT_DEFINITION_CONTEXT ( 'detailed design', #1622, 'design' ) ;
#1750 = DIRECTION ( 'NONE',  ( 1.000000000000000000, -0.000000000000000000, 0.000000000000000000 ) ) ;
#1751 = CYLINDRICAL_SURFACE ( 'NONE', #954, 0.01181102362204724046 ) ;
#1752 = SURFACE_SIDE_STYLE ('',( #3157 ) ) ;
#1753 = PRODUCT_CONTEXT ( 'NONE', #1862, 'mechanical' ) ;
#1754 = VERTEX_POINT ( 'NONE', #1050 ) ;
#1755 = MECHANICAL_DESIGN_GEOMETRIC_PRESENTATION_REPRESENTATION (  '', ( #3749 ), #4185 ) ;
#1756 =( CONVERSION_BASED_UNIT ( 'INCH', #1346 ) LENGTH_UNIT ( ) NAMED_UNIT ( #4318 ) );
#1757 = LINE ( 'NONE', #387, #806 ) ;
#1758 = CARTESIAN_POINT ( 'NONE',  ( 0.04488188976377952694, -0.2158513303330307220, 0.01968503933728342828 ) ) ;
#1759 = PRESENTATION_LAYER_ASSIGNMENT (  '', '', ( #1621 ) ) ;
#1760 = CARTESIAN_POINT ( 'NONE',  ( -0.01958931629330366506, -0.04860556238440409682, 0.09448818897637799308 ) ) ;
#1761 =( LENGTH_UNIT ( ) NAMED_UNIT ( * ) SI_UNIT ( $, .METRE. ) );
#1762 = CARTESIAN_POINT ( 'NONE',  ( -0.1162589478739075588, 0.1224394518624392220, 0.03544349925162292719 ) ) ;
#1763 = MECHANICAL_DESIGN_GEOMETRIC_PRESENTATION_REPRESENTATION (  '', ( #150 ), #2723 ) ;
#1764 = ORIENTED_EDGE ( 'NONE', *, *, #2016, .F. ) ;
#1765 = ADVANCED_FACE ( 'NONE', ( #2449 ), #3857, .T. ) ;
#1766 = ORIENTED_EDGE ( 'NONE', *, *, #2394, .T. ) ;
#1767 = ORIENTED_EDGE ( 'NONE', *, *, #1994, .F. ) ;
#1768 = STYLED_ITEM ( 'NONE', ( #4428 ), #4198 ) ;
#1769 = DIRECTION ( 'NONE',  ( -1.000000000000000000, 0.000000000000000000, 0.000000000000000000 ) ) ;
#1770 = CARTESIAN_POINT ( 'NONE',  ( 0.1148677646145330050, -0.1093559517487987937, 0.09459351435917269513 ) ) ;
#1771 = UNCERTAINTY_MEASURE_WITH_UNIT (LENGTH_MEASURE( 1.000000000000000082E-05 ), #4549, 'distance_accuracy_value', 'NONE');
#1772 = CIRCLE ( 'NONE', #1633, 0.03937007866682492446 ) ;
#1773 = ADVANCED_FACE ( 'NONE', ( #4029 ), #3263, .T. ) ;
#1774 = CARTESIAN_POINT ( 'NONE',  ( -0.1122047230601311008, -0.04330709576606733141, 0.01968503937007870172 ) ) ;
#1775 = FILL_AREA_STYLE_COLOUR ( '', #972 ) ;
#1776 = DIRECTION ( 'NONE',  ( 0.000000000000000000, -1.000000000000000000, -0.000000000000000000 ) ) ;
#1777 = CARTESIAN_POINT ( 'NONE',  ( 0.1122047230601311008, 0.1574802975954972539, 0.000000000000000000 ) ) ;
#1778 = CARTESIAN_POINT ( 'NONE',  ( -0.1240157466235122102, -0.1067651494899796855, -2.347681869555226049E-17 ) ) ;
#1779 =( CONVERSION_BASED_UNIT ( 'INCH', #682 ) LENGTH_UNIT ( ) NAMED_UNIT ( #410 ) );
#1780 = SURFACE_STYLE_USAGE ( .BOTH. , #1752 ) ;
#1781 = ADVANCED_FACE ( 'NONE', ( #3608 ), #105, .T. ) ;
#1782 = APPLICATION_PROTOCOL_DEFINITION ( 'draft international standard', 'automotive_design', 1998, #1379 ) ;
#1783 = ORIENTED_EDGE ( 'NONE', *, *, #1721, .T. ) ;
#1784 = COLOUR_RGB ( '',0.7490196078431372584, 0.7490196078431372584, 0.7490196078431372584 ) ;
#1785 = FACE_OUTER_BOUND ( 'NONE', #267, .T. ) ;
#1786 = CARTESIAN_POINT ( 'NONE',  ( 0.02786517945796132545, -0.05708661417322914017, 0.09645669291338584972 ) ) ;
#1787 = PRESENTATION_LAYER_ASSIGNMENT (  '', '', ( #2027 ) ) ;
#1788 = CARTESIAN_POINT ( 'NONE',  ( 0.1204025497344725359, -0.1031984200144728803, 0.08828450420752712025 ) ) ;
#1789 = CARTESIAN_POINT ( 'NONE',  ( 0.1148677646145329356, 0.1093559517487987937, 0.09459351435917279227 ) ) ;
#1790 =( NAMED_UNIT ( * ) SI_UNIT ( $, .STERADIAN. ) SOLID_ANGLE_UNIT ( ) );
#1791 = SURFACE_STYLE_USAGE ( .BOTH. , #1814 ) ;
#1792 = CARTESIAN_POINT ( 'NONE',  ( -0.1122047230601311008, -0.04330709576606733835, 0.000000000000000000 ) ) ;
#1793 = ORIENTED_EDGE ( 'NONE', *, *, #2113, .T. ) ;
#1794 = ORIENTED_EDGE ( 'NONE', *, *, #1434, .F. ) ;
#1795 = VERTEX_POINT ( 'NONE', #539 ) ;
#1796 = CARTESIAN_POINT ( 'NONE',  ( 0.03307087177366720837, -0.1102362204724421230, -1.707404996040164512E-17 ) ) ;
#1797 = CIRCLE ( 'NONE', #99, 0.03937007866682492446 ) ;
#1798 =( NAMED_UNIT ( * ) SI_UNIT ( $, .STERADIAN. ) SOLID_ANGLE_UNIT ( ) );
#1799 = EDGE_CURVE ( 'NONE', #726, #3952, #4083, .T. ) ;
#1800 = PRESENTATION_LAYER_ASSIGNMENT (  '', '', ( #3786 ) ) ;
#1801 = COLOUR_RGB ( '',0.2862745098039215508, 0.2862745098039215508, 0.2862745098039215508 ) ;
#1802 = UNCERTAINTY_MEASURE_WITH_UNIT (LENGTH_MEASURE( 1.000000000000000082E-05 ), #384, 'distance_accuracy_value', 'NONE');
#1803 = CARTESIAN_POINT ( 'NONE',  ( 0.04488188976377952694, -0.2314960629921287427, 1.067128122525102820E-17 ) ) ;
#1804 = EDGE_CURVE ( 'NONE', #1011, #4078, #2949, .T. ) ;
#1805 = AXIS2_PLACEMENT_3D ( 'NONE', #464, #2570, #491 ) ;
#1806 = FILL_AREA_STYLE_COLOUR ( '', #911 ) ;
#1807 = PRESENTATION_LAYER_ASSIGNMENT (  '', '', ( #1723 ) ) ;
#1808 = ITEM_DEFINED_TRANSFORMATION ( 'NONE', 'NONE', #1984,  #3288 ) ;
#1809 = ORIENTED_EDGE ( 'NONE', *, *, #438, .F. ) ;
#1810 = VECTOR ( 'NONE', #4559, 39.37007874015748143 ) ;
#1811 = EDGE_CURVE ( 'NONE', #1011, #4236, #1619, .T. ) ;
#1812 = CARTESIAN_POINT ( 'NONE',  ( -0.01181101799011228387, -0.1539370138579468639, 0.03543307086614220364 ) ) ;
#1813 = DIMENSIONAL_EXPONENTS ( 1.000000000000000000, 0.000000000000000000, 0.000000000000000000, 0.000000000000000000, 0.000000000000000000, 0.000000000000000000, 0.000000000000000000 ) ;
#1814 = SURFACE_SIDE_STYLE ('',( #392 ) ) ;
#1815 = ORIENTED_EDGE ( 'NONE', *, *, #3261, .T. ) ;
#1816 = UNCERTAINTY_MEASURE_WITH_UNIT (LENGTH_MEASURE( 1.000000000000000082E-05 ), #3122, 'distance_accuracy_value', 'NONE');
#1817 = ORIENTED_EDGE ( 'NONE', *, *, #1434, .T. ) ;
#1818 = ORIENTED_EDGE ( 'NONE', *, *, #3493, .T. ) ;
#1819 = SURFACE_SIDE_STYLE ('',( #4285 ) ) ;
#1820 = CARTESIAN_POINT ( 'NONE',  ( -0.08661417663097362163, 0.1614173054695129950, 0.000000000000000000 ) ) ;
#1821 = LINE ( 'NONE', #3887, #1810 ) ;
#1822 = PLANE ( 'NONE',  #530 ) ;
#1823 = UNCERTAINTY_MEASURE_WITH_UNIT (LENGTH_MEASURE( 1.000000000000000082E-05 ), #2594, 'distance_accuracy_value', 'NONE');
#1824 = DIRECTION ( 'NONE',  ( 1.000000000000000000, -6.439335343560869610E-32, 1.175084940232224264E-60 ) ) ;
#1825 = DIRECTION ( 'NONE',  ( -1.000000000000000000, 0.000000000000000000, -0.000000000000000000 ) ) ;
#1826 = SURFACE_STYLE_FILL_AREA ( #4247 ) ;
#1827 = DIRECTION ( 'NONE',  ( 0.9938837346736191236, 0.000000000000000000, -0.1104315260748450073 ) ) ;
#1828 = DIRECTION ( 'NONE',  ( 0.000000000000000000, 0.000000000000000000, -1.000000000000000000 ) ) ;
#1829 = VERTEX_POINT ( 'NONE', #2283 ) ;
#1830 = EDGE_CURVE ( 'NONE', #792, #2157, #4381, .T. ) ;
#1831 =( NAMED_UNIT ( * ) SI_UNIT ( $, .STERADIAN. ) SOLID_ANGLE_UNIT ( ) );
#1832 = ORIENTED_EDGE ( 'NONE', *, *, #3920, .T. ) ;
#1833 = MECHANICAL_DESIGN_GEOMETRIC_PRESENTATION_REPRESENTATION (  '', ( #4110 ), #4335 ) ;
#1834 = SURFACE_STYLE_USAGE ( .BOTH. , #1662 ) ;
#1835 = CARTESIAN_POINT ( 'NONE',  ( 0.1279524187820825776, 0.1107482890620774402, 0.03543542087429302906 ) ) ;
#1836 = DIRECTION ( 'NONE',  ( -0.9899494936611668017, 0.000000000000000000, 0.1414213562373083100 ) ) ;
#1837 = EDGE_CURVE ( 'NONE', #3431, #1167, #3775, .T. ) ;
#1838 = CIRCLE ( 'NONE', #2275, 0.01181102362204724393 ) ;
#1839 =( LENGTH_UNIT ( ) NAMED_UNIT ( * ) SI_UNIT ( $, .METRE. ) );
#1840 =( NAMED_UNIT ( * ) SI_UNIT ( $, .STERADIAN. ) SOLID_ANGLE_UNIT ( ) );
#1841 = VERTEX_POINT ( 'NONE', #3525 ) ;
#1842 = VECTOR ( 'NONE', #1164, 39.37007874015748854 ) ;
#1843 = EDGE_LOOP ( 'NONE', ( #2166, #1237, #529, #3303 ) ) ;
#1844 = VERTEX_POINT ( 'NONE', #2149 ) ;
#1845 = PRESENTATION_STYLE_ASSIGNMENT (( #3290 ) ) ;
#1846 = SURFACE_STYLE_FILL_AREA ( #350 ) ;
#1847 = DIMENSIONAL_EXPONENTS ( 1.000000000000000000, 0.000000000000000000, 0.000000000000000000, 0.000000000000000000, 0.000000000000000000, 0.000000000000000000, 0.000000000000000000 ) ;
#1848 = COLOUR_RGB ( '',0.7490196078431372584, 0.7490196078431372584, 0.7490196078431372584 ) ;
#1849 = FILL_AREA_STYLE_COLOUR ( '', #1962 ) ;
#1850 = SURFACE_STYLE_USAGE ( .BOTH. , #3323 ) ;
#1851 = CARTESIAN_POINT ( 'NONE',  ( -0.1279527544975276043, 0.1106299180098063439, 0.03543307086614283508 ) ) ;
#1852 = PRESENTATION_LAYER_ASSIGNMENT (  '', '', ( #3900 ) ) ;
#1853 = CARTESIAN_POINT ( 'NONE',  ( 0.04488188976377952694, -0.2314960629921287427, 0.01968503933728338665 ) ) ;
#1854 = PRESENTATION_STYLE_ASSIGNMENT (( #4563 ) ) ;
#1855 =( GEOMETRIC_REPRESENTATION_CONTEXT ( 3 ) GLOBAL_UNCERTAINTY_ASSIGNED_CONTEXT ( ( #777 ) ) GLOBAL_UNIT_ASSIGNED_CONTEXT ( ( #4011, #3663, #1924 ) ) REPRESENTATION_CONTEXT ( 'NONE', 'WORKASPACE' ) );
#1856 = SHAPE_DEFINITION_REPRESENTATION ( #4030, #2501 ) ;
#1857 = ORIENTED_EDGE ( 'NONE', *, *, #3817, .T. ) ;
#1858 = LENGTH_MEASURE_WITH_UNIT ( LENGTH_MEASURE( 0.02539999999999999897 ), #458 );
#1859 = SURFACE_STYLE_FILL_AREA ( #3602 ) ;
#1860 = LENGTH_MEASURE_WITH_UNIT ( LENGTH_MEASURE( 0.02539999999999999897 ), #1263 );
#1861 = FACE_OUTER_BOUND ( 'NONE', #4515, .T. ) ;
#1862 = APPLICATION_CONTEXT ( 'automotive_design' ) ;
#1863 = PRESENTATION_LAYER_ASSIGNMENT (  '', '', ( #3833 ) ) ;
#1864 = LINE ( 'NONE', #1507, #4075 ) ;
#1865 =( CONVERSION_BASED_UNIT ( 'INCH', #2208 ) LENGTH_UNIT ( ) NAMED_UNIT ( #774 ) );
#1866 = AXIS2_PLACEMENT_3D ( 'NONE', #3903, #440, #2836 ) ;
#1867 = DIRECTION ( 'NONE',  ( 0.000000000000000000, 1.824854394960610109E-29, -1.000000000000000000 ) ) ;
#1868 = SURFACE_SIDE_STYLE ('',( #1144 ) ) ;
#1869 = EDGE_CURVE ( 'NONE', #2454, #3524, #3943, .T. ) ;
#1870 = VERTEX_POINT ( 'NONE', #4195 ) ;
#1871 = AXIS2_PLACEMENT_3D ( 'NONE', #85, #3198, #471 ) ;
#1872 = CARTESIAN_POINT ( 'NONE',  ( 0.04488188976377952694, -0.2041500076755519699, -0.03335486593177049153 ) ) ;
#1873 = PRESENTATION_LAYER_ASSIGNMENT (  '', '', ( #3704 ) ) ;
#1874 = ORIENTED_EDGE ( 'NONE', *, *, #899, .T. ) ;
#1875 = CARTESIAN_POINT ( 'NONE',  ( -0.03439396841535381083, -0.05708661417322912629, 0.09842519685039370636 ) ) ;
#1876 = SURFACE_STYLE_FILL_AREA ( #1170 ) ;
#1877 = AXIS2_PLACEMENT_3D ( 'NONE', #1713, #4548, #1386 ) ;
#1878 = UNCERTAINTY_MEASURE_WITH_UNIT (LENGTH_MEASURE( 1.000000000000000082E-05 ), #1779, 'distance_accuracy_value', 'NONE');
#1879 = ADVANCED_FACE ( 'NONE', ( #1489 ), #2477, .T. ) ;
#1880 = COLOUR_RGB ( '',0.8313725490196077761, 0.8313725490196077761, 0.8313725490196077761 ) ;
#1881 = CARTESIAN_POINT ( 'NONE',  ( 0.1148677646145330328, -0.1093559517487987381, 0.09459351435917275064 ) ) ;
#1882 = PRESENTATION_STYLE_ASSIGNMENT (( #1957 ) ) ;
#1883 = B_SPLINE_CURVE_WITH_KNOTS ( 'NONE', 3,
 ( #1875, #113, #3942, #3590, #3220, #2923, #772, #3912, #3988, #2194, #448, #2170, #4350, #1168, #1533, #1195, #1488, #2894, #2240, #37, #2595, #1444, #2844, #4263, #1100, #742, #3317, #254, #4115, #1636, #228, #2272 ),
 .UNSPECIFIED., .F., .F.,
 ( 4, 1, 2, 2, 2, 1, 1, 2, 2, 2, 1, 2, 2, 2, 1, 1, 2, 2, 4 ),
 ( 0.5000000000000000000, 0.5312500000000001110, 0.5468750000000001110, 0.5625000000000002220, 0.6250000000000002220, 0.6562500000000003331, 0.6718750000000003331, 0.6796875000000003331, 0.6875000000000003331, 0.7500000000000004441, 0.7812500000000004441, 0.7968750000000005551, 0.8125000000000005551, 0.8750000000000008882, 0.9062500000000008882, 0.9218750000000009992, 0.9296875000000008882, 0.9375000000000008882, 1.000000000000000000 ),
 .UNSPECIFIED. ) ;
#1884 = COLOUR_RGB ( '',0.2862745098039215508, 0.2862745098039215508, 0.2862745098039215508 ) ;
#1885 = COLOUR_RGB ( '',0.7490196078431372584, 0.7490196078431372584, 0.7490196078431372584 ) ;
#1886 = DIMENSIONAL_EXPONENTS ( 1.000000000000000000, 0.000000000000000000, 0.000000000000000000, 0.000000000000000000, 0.000000000000000000, 0.000000000000000000, 0.000000000000000000 ) ;
#1887 = VERTEX_POINT ( 'NONE', #1125 ) ;
#1888 = PLANE ( 'NONE',  #907 ) ;
#1889 = AXIS2_PLACEMENT_3D ( 'NONE', #17, #2181, #94 ) ;
#1890 = PRESENTATION_STYLE_ASSIGNMENT (( #2229 ) ) ;
#1891 = CARTESIAN_POINT ( 'NONE',  ( 0.03439396841535381083, -0.05708661417322914017, 0.09842519685039370636 ) ) ;
#1892 = STYLED_ITEM ( 'NONE', ( #250 ), #2153 ) ;
#1893 =( GEOMETRIC_REPRESENTATION_CONTEXT ( 3 ) GLOBAL_UNCERTAINTY_ASSIGNED_CONTEXT ( ( #2599 ) ) GLOBAL_UNIT_ASSIGNED_CONTEXT ( ( #502, #802, #4385 ) ) REPRESENTATION_CONTEXT ( 'NONE', 'WORKASPACE' ) );
#1894 = LINE ( 'NONE', #4024, #2682 ) ;
#1895 = MECHANICAL_DESIGN_GEOMETRIC_PRESENTATION_REPRESENTATION (  '', ( #919 ), #4207 ) ;
#1896 =( LENGTH_UNIT ( ) NAMED_UNIT ( * ) SI_UNIT ( $, .METRE. ) );
#1897 = ORIENTED_EDGE ( 'NONE', *, *, #1038, .F. ) ;
#1898 = LINE ( 'NONE', #1872, #984 ) ;
#1899 = EDGE_CURVE ( 'NONE', #3218, #1486, #2846, .T. ) ;
#1900 = ORIENTED_EDGE ( 'NONE', *, *, #644, .T. ) ;
#1901 = DIRECTION ( 'NONE',  ( -0.000000000000000000, -1.000000000000000000, -0.000000000000000000 ) ) ;
#1902 = PRESENTATION_STYLE_ASSIGNMENT (( #2649 ) ) ;
#1903 = LINE ( 'NONE', #1169, #3119 ) ;
#1904 = SURFACE_STYLE_USAGE ( .BOTH. , #2993 ) ;
#1905 = DIRECTION ( 'NONE',  ( -0.000000000000000000, -0.000000000000000000, 1.000000000000000000 ) ) ;
#1906 = VERTEX_POINT ( 'NONE', #2870 ) ;
#1907 =( BOUNDED_SURFACE ( )  B_SPLINE_SURFACE ( 3, 3, ( 
 ( #1176, #1153, #1231, #2634 ),
 ( #4039, #2223, #3252, #93 ),
 ( #2997, #3297, #516, #4403 ),
 ( #1542, #2657, #780, #2200 ) ),
 .UNSPECIFIED., .F., .F., .F. ) 
 B_SPLINE_SURFACE_WITH_KNOTS ( ( 4, 4 ),
 ( 4, 4 ),
 ( 0.000000000000000000, 1.000000000000000000 ),
 ( 0.000000000000000000, 1.000000000000000000 ),
 .UNSPECIFIED. ) 
 GEOMETRIC_REPRESENTATION_ITEM ( )  RATIONAL_B_SPLINE_SURFACE ( (
 ( 1.000000000000000000, 0.3333333333333334259, 0.3333333333333334259, 1.000000000000000000),
 ( 0.9716180718375586611, 0.3238726906125196647, 0.3238726906125196647, 0.9716180718375586611),
 ( 0.9716180718375586611, 0.3238726906125196647, 0.3238726906125196647, 0.9716180718375586611),
 ( 1.000000000000000000, 0.3333333333333334259, 0.3333333333333334259, 1.000000000000000000) ) ) 
 REPRESENTATION_ITEM ( '' )  SURFACE ( )  );
#1908 =( GEOMETRIC_REPRESENTATION_CONTEXT ( 3 ) GLOBAL_UNCERTAINTY_ASSIGNED_CONTEXT ( ( #2847 ) ) GLOBAL_UNIT_ASSIGNED_CONTEXT ( ( #1289, #2701, #1268 ) ) REPRESENTATION_CONTEXT ( 'NONE', 'WORKASPACE' ) );
#1909 = DIRECTION ( 'NONE',  ( 1.000000000000000000, 0.000000000000000000, -0.000000000000000000 ) ) ;
#1910 = EDGE_CURVE ( 'NONE', #3860, #1593, #4286, .T. ) ;
#1911 = DIRECTION ( 'NONE',  ( 0.000000000000000000, 0.000000000000000000, -1.000000000000000000 ) ) ;
#1912 = DIRECTION ( 'NONE',  ( 0.000000000000000000, 0.000000000000000000, -1.000000000000000000 ) ) ;
#1913 = ITEM_DEFINED_TRANSFORMATION ( 'NONE', 'NONE', #4540,  #3288 ) ;
#1914 =( CONVERSION_BASED_UNIT ( 'INCH', #2462 ) LENGTH_UNIT ( ) NAMED_UNIT ( #2173 ) );
#1915 = ORIENTED_EDGE ( 'NONE', *, *, #4399, .F. ) ;
#1916 = CARTESIAN_POINT ( 'NONE',  ( -0.1109982243313398648, 0.09092297189210923891, 0.1049385442844435051 ) ) ;
#1917 = CARTESIAN_POINT ( 'NONE',  ( 0.1148677646145330467, -0.1093559517487987243, 0.09459351435917273676 ) ) ;
#1918 = CARTESIAN_POINT ( 'NONE',  ( 0.03236900856192054948, -0.06872616985233859221, 0.09842519685039370636 ) ) ;
#1919 = DIRECTION ( 'NONE',  ( -0.000000000000000000, 1.000000000000000000, 0.000000000000000000 ) ) ;
#1920 = DIMENSIONAL_EXPONENTS ( 1.000000000000000000, 0.000000000000000000, 0.000000000000000000, 0.000000000000000000, 0.000000000000000000, 0.000000000000000000, 0.000000000000000000 ) ;
#1921 = CARTESIAN_POINT ( 'NONE',  ( 0.03307087177366720837, -0.2158513303330307220, -0.02755905508531492076 ) ) ;
#1922 = ORIENTED_EDGE ( 'NONE', *, *, #2260, .F. ) ;
#1923 = CARTESIAN_POINT ( 'NONE',  ( 0.04488188976377952694, -0.1102362204724421230, -0.05511811016288858944 ) ) ;
#1924 =( NAMED_UNIT ( * ) SI_UNIT ( $, .STERADIAN. ) SOLID_ANGLE_UNIT ( ) );
#1925 = AXIS2_PLACEMENT_3D ( 'NONE', #2129, #1426, #2825 ) ;
#1926 = UNCERTAINTY_MEASURE_WITH_UNIT (LENGTH_MEASURE( 1.000000000000000082E-05 ), #371, 'distance_accuracy_value', 'NONE');
#1927 = ORIENTED_EDGE ( 'NONE', *, *, #1663, .F. ) ;
#1928 = COLOUR_RGB ( '',0.8313725490196077761, 0.8313725490196077761, 0.8313725490196077761 ) ;
#1930 = DIRECTION ( 'NONE',  ( 0.1400280084028000249, 0.1400280084028000249, -0.9801960588196071411 ) ) ;
#1929 = APPLICATION_CONTEXT ( 'automotive_design' ) ;
#1931 = CARTESIAN_POINT ( 'NONE',  ( 0.05669290775389173448, -0.1865431732726409719, 0.02455144873031458660 ) ) ;
#1932 =( LENGTH_UNIT ( ) NAMED_UNIT ( * ) SI_UNIT ( $, .METRE. ) );
#1933 = COLOUR_RGB ( '',0.2862745098039215508, 0.2862745098039215508, 0.2862745098039215508 ) ;
#1934 =( BOUNDED_SURFACE ( )  B_SPLINE_SURFACE ( 3, 3, ( 
 ( #3405, #983, #1305, #4109 ),
 ( #546, #4480, #2711, #2381 ),
 ( #2312, #1970, #2038, #204 ),
 ( #2356, #1347, #3703, #4416 ) ),
 .UNSPECIFIED., .F., .F., .F. ) 
 B_SPLINE_SURFACE_WITH_KNOTS ( ( 4, 4 ),
 ( 4, 4 ),
 ( 0.000000000000000000, 1.000000000000000000 ),
 ( 0.000000000000000000, 1.000000000000000000 ),
 .UNSPECIFIED. ) 
 GEOMETRIC_REPRESENTATION_ITEM ( )  RATIONAL_B_SPLINE_SURFACE ( (
 ( 1.000000000000000000, 0.3333333333333322046, 0.3333333333333322046, 1.000000000000000000),
 ( 0.9309765965421643585, 0.3103255321807203981, 0.3103255321807203981, 0.9309765965421643585),
 ( 0.9309765965421643585, 0.3103255321807203981, 0.3103255321807203981, 0.9309765965421643585),
 ( 1.000000000000000000, 0.3333333333333322046, 0.3333333333333322046, 1.000000000000000000) ) ) 
 REPRESENTATION_ITEM ( '' )  SURFACE ( )  );
#1935 = LINE ( 'NONE', #4452, #3193 ) ;
#1936 = VERTEX_POINT ( 'NONE', #3842 ) ;
#1937 = FILL_AREA_STYLE ('',( #521 ) ) ;
#1938 = COLOUR_RGB ( '',0.8313725490196077761, 0.8313725490196077761, 0.8313725490196077761 ) ;
#1939 = CARTESIAN_POINT ( 'NONE',  ( -0.002179944014857909240, -0.09148190627410678066, 0.09842519685039369248 ) ) ;
#1940 = CARTESIAN_POINT ( 'NONE',  ( 0.1223378418363906261, 0.1211365604461715206, 0.03577402184607954977 ) ) ;
#1941 = DIRECTION ( 'NONE',  ( 1.000000000000000000, 0.000000000000000000, 0.000000000000000000 ) ) ;
#1942 =( NAMED_UNIT ( * ) PLANE_ANGLE_UNIT ( ) SI_UNIT ( $, .RADIAN. ) );
#1943 =( NAMED_UNIT ( * ) PLANE_ANGLE_UNIT ( ) SI_UNIT ( $, .RADIAN. ) );
#1944 = B_SPLINE_CURVE_WITH_KNOTS ( 'NONE', 3,
 ( #118, #534, #4013, #1203, #3373, #851 ),
 .UNSPECIFIED., .F., .F.,
 ( 4, 2, 4 ),
 ( 1.586224461454267300E-16, 0.0002316113910337702804, 0.0004632227820673819421 ),
 .UNSPECIFIED. ) ;
#1945 = CARTESIAN_POINT ( 'NONE',  ( -0.1082677151861153597, 0.1614173054695129950, 0.000000000000000000 ) ) ;
#1946 = ORIENTED_EDGE ( 'NONE', *, *, #1381, .T. ) ;
#1947 = DIMENSIONAL_EXPONENTS ( 1.000000000000000000, 0.000000000000000000, 0.000000000000000000, 0.000000000000000000, 0.000000000000000000, 0.000000000000000000, 0.000000000000000000 ) ;
#1948 = CARTESIAN_POINT ( 'NONE',  ( 0.1083750633130068641, -0.1084901687106427787, 0.09781377893776740939 ) ) ;
#1949 =( NAMED_UNIT ( * ) PLANE_ANGLE_UNIT ( ) SI_UNIT ( $, .RADIAN. ) );
#1950 = COLOUR_RGB ( '',0.8313725490196077761, 0.8313725490196077761, 0.8313725490196077761 ) ;
#1951 = CARTESIAN_POINT ( 'NONE',  ( 0.04488188976377952694, -0.2158513303330307220, 0.02755905508531492076 ) ) ;
#1952 = EDGE_CURVE ( 'NONE', #2157, #2454, #3647, .T. ) ;
#1953 = VECTOR ( 'NONE', #2832, 39.37007874015748143 ) ;
#1954 = CARTESIAN_POINT ( 'NONE',  ( -0.1279527290408953299, -0.1107253656141293230, 0.03543324906256842266 ) ) ;
#1955 = FILL_AREA_STYLE_COLOUR ( '', #4049 ) ;
#1956 = PRESENTATION_STYLE_ASSIGNMENT (( #3375 ) ) ;
#1957 = SURFACE_STYLE_USAGE ( .BOTH. , #3999 ) ;
#1958 = DIRECTION ( 'NONE',  ( 0.9899494936611668017, 0.000000000000000000, 0.1414213562373083100 ) ) ;
#1959 = ORIENTED_EDGE ( 'NONE', *, *, #2397, .F. ) ;
#1960 = MECHANICAL_DESIGN_GEOMETRIC_PRESENTATION_REPRESENTATION (  '', ( #2677 ), #2597 ) ;
#1961 = VERTEX_POINT ( 'NONE', #2502 ) ;
#1962 = COLOUR_RGB ( '',0.2862745098039215508, 0.2862745098039215508, 0.2862745098039215508 ) ;
#1963 = AXIS2_PLACEMENT_3D ( 'NONE', #4298, #3307, #462 ) ;
#1964 = CARTESIAN_POINT ( 'NONE',  ( -0.1050208858822707647, -0.1069378805101796198, 0.09719270965501837500 ) ) ;
#1965 = ADVANCED_FACE ( 'NONE', ( #3914 ), #3175, .T. ) ;
#1966 = PRESENTATION_LAYER_ASSIGNMENT (  '', '', ( #416 ) ) ;
#1967 = PRESENTATION_LAYER_ASSIGNMENT (  '', '', ( #4522 ) ) ;
#1968 = CARTESIAN_POINT ( 'NONE',  ( 0.03307087177366720837, -0.1689363388041381919, 0.03543307086614220364 ) ) ;
#1969 = ORIENTED_EDGE ( 'NONE', *, *, #4399, .T. ) ;
#1970 = CARTESIAN_POINT ( 'NONE',  ( 0.1129025725955118131, 0.09635974510411650373, 0.1036808280406892740 ) ) ;
#1972 = EDGE_CURVE ( 'NONE', #2790, #874, #4376, .T. ) ;
#1971 = PLANE ( 'NONE',  #3686 ) ;
#1973 = FILL_AREA_STYLE_COLOUR ( '', #826 ) ;
#1974 = VECTOR ( 'NONE', #2679, 39.37007874015748143 ) ;
#1975 = DIRECTION ( 'NONE',  ( -0.1104315260748449934, 0.000000000000000000, 0.9938837346736190126 ) ) ;
#1976 = PLANE ( 'NONE',  #2055 ) ;
#1977 = UNCERTAINTY_MEASURE_WITH_UNIT (LENGTH_MEASURE( 1.000000000000000082E-05 ), #3279, 'distance_accuracy_value', 'NONE');
#1978 = PRESENTATION_STYLE_ASSIGNMENT (( #2928 ) ) ;
#1979 =( NAMED_UNIT ( * ) PLANE_ANGLE_UNIT ( ) SI_UNIT ( $, .RADIAN. ) );
#1980 = FILL_AREA_STYLE_COLOUR ( '', #1432 ) ;
#1981 =( NAMED_UNIT ( * ) SI_UNIT ( $, .STERADIAN. ) SOLID_ANGLE_UNIT ( ) );
#1982 = DIMENSIONAL_EXPONENTS ( 1.000000000000000000, 0.000000000000000000, 0.000000000000000000, 0.000000000000000000, 0.000000000000000000, 0.000000000000000000, 0.000000000000000000 ) ;
#1983 = ORIENTED_EDGE ( 'NONE', *, *, #3046, .T. ) ;
#1984 = AXIS2_PLACEMENT_3D ( 'NONE', #3430, #4477, #1319 ) ;
#1985 = ORIENTED_EDGE ( 'NONE', *, *, #3767, .T. ) ;
#1986 = LINE ( 'NONE', #3865, #2293 ) ;
#1987 = DIRECTION ( 'NONE',  ( -1.000000000000000000, 0.000000000000000000, 0.000000000000000000 ) ) ;
#1988 = CARTESIAN_POINT ( 'NONE',  ( -0.1178348209933564039, -0.1093559517487987381, 0.09230388373546644099 ) ) ;
#1989 = EDGE_CURVE ( 'NONE', #4019, #3431, #1903, .T. ) ;
#1990 = VERTEX_POINT ( 'NONE', #4400 ) ;
#1991 = SURFACE_SIDE_STYLE ('',( #3659 ) ) ;
#1992 =( NAMED_UNIT ( * ) SI_UNIT ( $, .STERADIAN. ) SOLID_ANGLE_UNIT ( ) );
#1993 =( NAMED_UNIT ( * ) PLANE_ANGLE_UNIT ( ) SI_UNIT ( $, .RADIAN. ) );
#1994 = EDGE_CURVE ( 'NONE', #1518, #2451, #2650, .T. ) ;
#1995 = DIRECTION ( 'NONE',  ( 0.1104315260748449934, -0.000000000000000000, -0.9938837346736190126 ) ) ;
#1996 = VECTOR ( 'NONE', #3182, 39.37007874015748143 ) ;
#1997 = EDGE_LOOP ( 'NONE', ( #652, #3695, #2102, #3380, #4496, #3587, #2996 ) ) ;
#1998 = FILL_AREA_STYLE_COLOUR ( '', #718 ) ;
#1999 = DIRECTION ( 'NONE',  ( -0.9899494936611668017, 0.000000000000000000, 0.1414213562373083100 ) ) ;
#2000 = FACE_OUTER_BOUND ( 'NONE', #4237, .T. ) ;
#2001 = VERTEX_POINT ( 'NONE', #3709 ) ;
#2002 =( GEOMETRIC_REPRESENTATION_CONTEXT ( 3 ) GLOBAL_UNCERTAINTY_ASSIGNED_CONTEXT ( ( #3509 ) ) GLOBAL_UNIT_ASSIGNED_CONTEXT ( ( #1272, #557, #1049 ) ) REPRESENTATION_CONTEXT ( 'NONE', 'WORKASPACE' ) );
#2003 = ORIENTED_EDGE ( 'NONE', *, *, #3006, .F. ) ;
#2004 = DIRECTION ( 'NONE',  ( -1.000000000000000000, -0.000000000000000000, -0.000000000000000000 ) ) ;
#2005 = CARTESIAN_POINT ( 'NONE',  ( -0.03152771989915936074, -0.07084521491127450388, 0.09842519685039369248 ) ) ;
#2006 = CIRCLE ( 'NONE', #4490, 0.01181102362204723699 ) ;
#2007 = STYLED_ITEM ( 'NONE', ( #1385 ), #3802 ) ;
#2008 = SHAPE_REPRESENTATION_RELATIONSHIP ( 'NONE' , 'NONE' ,  #2195, #3035 ) ;
#2009 = ORIENTED_EDGE ( 'NONE', *, *, #2692, .T. ) ;
#2010 = STYLED_ITEM ( 'NONE', ( #2347 ), #4276 ) ;
#2011 = CARTESIAN_POINT ( 'NONE',  ( 0.1082677151861153597, 0.1574802975954972539, 0.000000000000000000 ) ) ;
#2012 = ADVANCED_FACE ( 'NONE', ( #495 ), #131, .T. ) ;
#2013 = CARTESIAN_POINT ( 'NONE',  ( -0.03205453832265717229, -0.05708661417322914711, 0.09842519685039367860 ) ) ;
#2014 = UNCERTAINTY_MEASURE_WITH_UNIT (LENGTH_MEASURE( 1.000000000000000082E-05 ), #541, 'distance_accuracy_value', 'NONE');
#2015 = DIRECTION ( 'NONE',  ( 0.000000000000000000, 0.000000000000000000, 1.000000000000000000 ) ) ;
#2016 = EDGE_CURVE ( 'NONE', #2744, #632, #1354, .T. ) ;
#2017 =( LENGTH_UNIT ( ) NAMED_UNIT ( * ) SI_UNIT ( $, .METRE. ) );
#2018 = CARTESIAN_POINT ( 'NONE',  ( -0.1095133667695493834, 0.1157522861284661642, 0.09378946836436213852 ) ) ;
#2019 = LENGTH_MEASURE_WITH_UNIT ( LENGTH_MEASURE( 0.02539999999999999897 ), #914 );
#2020 = EDGE_LOOP ( 'NONE', ( #4262, #1123, #411, #3233, #3672, #4424, #299, #2486, #1793, #2427, #3148, #4214 ) ) ;
#2021 = MECHANICAL_DESIGN_GEOMETRIC_PRESENTATION_REPRESENTATION (  '', ( #4502 ), #1560 ) ;
#2022 = ADVANCED_FACE ( 'NONE', ( #2749 ), #2362, .F. ) ;
#2023 = FILL_AREA_STYLE_COLOUR ( '', #2432 ) ;
#2024 = LINE ( 'NONE', #1682, #468 ) ;
#2025 = DIRECTION ( 'NONE',  ( 0.1400280084028000249, 0.1400280084028000249, 0.9801960588196071411 ) ) ;
#2026 = ADVANCED_FACE ( 'NONE', ( #255 ), #4249, .T. ) ;
#2027 = STYLED_ITEM ( 'NONE', ( #2317 ), #3010 ) ;
#2028 = CARTESIAN_POINT ( 'NONE',  ( -0.1122047230601311008, -0.04330709576606733141, 0.01968503937007870172 ) ) ;
#2029 = ORIENTED_EDGE ( 'NONE', *, *, #2795, .T. ) ;
#2030 =( NAMED_UNIT ( * ) PLANE_ANGLE_UNIT ( ) SI_UNIT ( $, .RADIAN. ) );
#2031 = DIRECTION ( 'NONE',  ( -0.1400280084028000249, -0.1400280084028000249, 0.9801960588196071411 ) ) ;
#2032 = FACE_OUTER_BOUND ( 'NONE', #1746, .T. ) ;
#2033 = DIRECTION ( 'NONE',  ( 1.000000000000000000, 0.000000000000000000, 0.000000000000000000 ) ) ;
#2034 =( GEOMETRIC_REPRESENTATION_CONTEXT ( 3 ) GLOBAL_UNCERTAINTY_ASSIGNED_CONTEXT ( ( #1977 ) ) GLOBAL_UNIT_ASSIGNED_CONTEXT ( ( #3279, #4321, #1159 ) ) REPRESENTATION_CONTEXT ( 'NONE', 'WORKASPACE' ) );
#2035 = ORIENTED_EDGE ( 'NONE', *, *, #3700, .F. ) ;
#2036 = CARTESIAN_POINT ( 'NONE',  ( -0.1160690469671636776, 0.1224409416317939897, 0.03543307086614025381 ) ) ;
#2037 = AXIS2_PLACEMENT_3D ( 'NONE', #2353, #2642, #3766 ) ;
#2038 = CARTESIAN_POINT ( 'NONE',  ( 0.1241564091222522731, 0.09635974510411662863, 0.09499641984079247592 ) ) ;
#2039 = FILL_AREA_STYLE ('',( #337 ) ) ;
#2040 = AXIS2_PLACEMENT_3D ( 'NONE', #393, #2767, #4211 ) ;
#2041 = AXIS2_PLACEMENT_3D ( 'NONE', #1033, #1769, #38 ) ;
#2042 = DIMENSIONAL_EXPONENTS ( 1.000000000000000000, 0.000000000000000000, 0.000000000000000000, 0.000000000000000000, 0.000000000000000000, 0.000000000000000000, 0.000000000000000000 ) ;
#2043 = CARTESIAN_POINT ( 'NONE',  ( -0.1050208858822707786, 0.1069378805101795921, 0.09719270965501841664 ) ) ;
#2044 = EDGE_CURVE ( 'NONE', #3755, #3613, #2689, .T. ) ;
#2045 = ORIENTED_EDGE ( 'NONE', *, *, #1709, .T. ) ;
#2046 = PRESENTATION_LAYER_ASSIGNMENT (  '', '', ( #4017 ) ) ;
#2047 = CARTESIAN_POINT ( 'NONE',  ( -0.03205453832265717923, -0.1211956908185434639, 0.09842519685039369248 ) ) ;
#2048 = DIRECTION ( 'NONE',  ( 1.000000000000000000, 0.000000000000000000, 0.000000000000000000 ) ) ;
#2049 =( NAMED_UNIT ( * ) SI_UNIT ( $, .STERADIAN. ) SOLID_ANGLE_UNIT ( ) );
#2050 = UNCERTAINTY_MEASURE_WITH_UNIT (LENGTH_MEASURE( 1.000000000000000082E-05 ), #4045, 'distance_accuracy_value', 'NONE');
#2051 = CARTESIAN_POINT ( 'NONE',  ( -0.02010749810842095073, -0.06425861553256199954, 0.09448818897637796532 ) ) ;
#2052 =( NAMED_UNIT ( * ) SI_UNIT ( $, .STERADIAN. ) SOLID_ANGLE_UNIT ( ) );
#2053 = LENGTH_MEASURE_WITH_UNIT ( LENGTH_MEASURE( 0.02539999999999999897 ), #977 );
#2054 = VERTEX_POINT ( 'NONE', #3832 ) ;
#2055 = AXIS2_PLACEMENT_3D ( 'NONE', #967, #3455, #2750 ) ;
#2056 = SURFACE_STYLE_FILL_AREA ( #2378 ) ;
#2057 = EDGE_LOOP ( 'NONE', ( #1099, #3588, #2081, #3376, #3908 ) ) ;
#2058 = SURFACE_STYLE_USAGE ( .BOTH. , #4208 ) ;
#2059 =( CONVERSION_BASED_UNIT ( 'INCH', #4421 ) LENGTH_UNIT ( ) NAMED_UNIT ( #3547 ) );
#2060 = PRESENTATION_STYLE_ASSIGNMENT (( #913 ) ) ;
#2061 = SURFACE_STYLE_USAGE ( .BOTH. , #1698 ) ;
#2062 = VERTEX_POINT ( 'NONE', #666 ) ;
#2063 = FILL_AREA_STYLE ('',( #2023 ) ) ;
#2064 =( NAMED_UNIT ( * ) SI_UNIT ( $, .STERADIAN. ) SOLID_ANGLE_UNIT ( ) );
#2065 =( GEOMETRIC_REPRESENTATION_CONTEXT ( 3 ) GLOBAL_UNCERTAINTY_ASSIGNED_CONTEXT ( ( #3828 ) ) GLOBAL_UNIT_ASSIGNED_CONTEXT ( ( #3655, #3626, #1526 ) ) REPRESENTATION_CONTEXT ( 'NONE', 'WORKASPACE' ) );
#2066 = CARTESIAN_POINT ( 'NONE',  ( 0.05669290775389173448, -0.1865431732726409719, -0.02455144873031458660 ) ) ;
#2067 = CARTESIAN_POINT ( 'NONE',  ( -0.02820899867308881634, -0.07702150997838502766, 0.09842519685039373412 ) ) ;
#2068 =( GEOMETRIC_REPRESENTATION_CONTEXT ( 3 ) GLOBAL_UNCERTAINTY_ASSIGNED_CONTEXT ( ( #1472 ) ) GLOBAL_UNIT_ASSIGNED_CONTEXT ( ( #3597, #2906, #192 ) ) REPRESENTATION_CONTEXT ( 'NONE', 'WORKASPACE' ) );
#2069 = ORIENTED_EDGE ( 'NONE', *, *, #1804, .T. ) ;
#2070 = DIRECTION ( 'NONE',  ( 0.000000000000000000, 0.000000000000000000, -1.000000000000000000 ) ) ;
#2071 = CIRCLE ( 'NONE', #65, 0.01968503937007870172 ) ;
#2072 = EDGE_CURVE ( 'NONE', #1486, #2110, #3567, .T. ) ;
#2073 = CIRCLE ( 'NONE', #1327, 0.01181102362204724046 ) ;
#2074 = CARTESIAN_POINT ( 'NONE',  ( 0.02133639050056881578, -0.05708661417322914017, 0.09448818897637796532 ) ) ;
#2075 = SHAPE_REPRESENTATION ( 'Part_97', ( #3288 ), #4244 ) ;
#2076 = CARTESIAN_POINT ( 'NONE',  ( 0.1122769623557134944, -0.1185039337577782487, -1.360588356219506076E-17 ) ) ;
#2077 = FILL_AREA_STYLE ('',( #1678 ) ) ;
#2078 = DIRECTION ( 'NONE',  ( -1.000000000000000000, 0.000000000000000000, 0.000000000000000000 ) ) ;
#2079 = COLOUR_RGB ( '',0.8313725490196077761, 0.8313725490196077761, 0.8313725490196077761 ) ;
#2080 = FACE_OUTER_BOUND ( 'NONE', #2408, .T. ) ;
#2081 = ORIENTED_EDGE ( 'NONE', *, *, #1512, .F. ) ;
#2082 =( LENGTH_UNIT ( ) NAMED_UNIT ( * ) SI_UNIT ( $, .METRE. ) );
#2083 = CARTESIAN_POINT ( 'NONE',  ( -0.03439396841535381083, -0.1258745510039367410, 0.09842519685039372024 ) ) ;
#2084 = LENGTH_MEASURE_WITH_UNIT ( LENGTH_MEASURE( 0.02539999999999999897 ), #264 );
#2085 = CARTESIAN_POINT ( 'NONE',  ( 0.1122047230601311008, -0.04330709576606733141, 0.000000000000000000 ) ) ;
#2086 = STYLED_ITEM ( 'NONE', ( #29 ), #2925 ) ;
#2087 =( NAMED_UNIT ( * ) PLANE_ANGLE_UNIT ( ) SI_UNIT ( $, .RADIAN. ) );
#2088 = CARTESIAN_POINT ( 'NONE',  ( 0.1154474795271960424, 0.1157522861284661364, 0.08921020711694958860 ) ) ;
#2089 = CARTESIAN_POINT ( 'NONE',  ( 0.05669290775389173448, -0.2109849210383858420, 0.01968503937007870172 ) ) ;
#2090 = DIRECTION ( 'NONE',  ( 1.000000000000000000, 0.000000000000000000, 0.000000000000000000 ) ) ;
#2091 = EDGE_LOOP ( 'NONE', ( #3486, #3959, #579, #3391 ) ) ;
#2092 = EDGE_CURVE ( 'NONE', #183, #1486, #3538, .T. ) ;
#2093 = STYLED_ITEM ( 'NONE', ( #3654 ), #498 ) ;
#2094 = VECTOR ( 'NONE', #1715, 39.37007874015748143 ) ;
#2095 = SURFACE_STYLE_USAGE ( .BOTH. , #4229 ) ;
#2096 = CARTESIAN_POINT ( 'NONE',  ( -0.1151013905572423196, -0.1206205923171689565, 0.08326232163494887151 ) ) ;
#2097 = SURFACE_SIDE_STYLE ('',( #3013 ) ) ;
#2098 = DIRECTION ( 'NONE',  ( 0.3185010084789300366, -0.8533504650966922123, -0.4127348922942711273 ) ) ;
#2099 = LENGTH_MEASURE_WITH_UNIT ( LENGTH_MEASURE( 0.02539999999999999897 ), #2813 );
#2100 = EDGE_LOOP ( 'NONE', ( #4020, #2521, #540, #4501 ) ) ;
#2101 = ORIENTED_EDGE ( 'NONE', *, *, #4175, .T. ) ;
#2102 = ORIENTED_EDGE ( 'NONE', *, *, #3825, .T. ) ;
#2103 =( LENGTH_UNIT ( ) NAMED_UNIT ( * ) SI_UNIT ( $, .METRE. ) );
#2104 =( LENGTH_UNIT ( ) NAMED_UNIT ( * ) SI_UNIT ( $, .METRE. ) );
#2105 = SURFACE_STYLE_USAGE ( .BOTH. , #1398 ) ;
#2106 = VECTOR ( 'NONE', #92, 39.37007874015748143 ) ;
#2107 = CARTESIAN_POINT ( 'NONE',  ( 0.001349727119808143659, -0.07842432601093969613, 0.09448818897637796532 ) ) ;
#2108 =( NAMED_UNIT ( * ) SI_UNIT ( $, .STERADIAN. ) SOLID_ANGLE_UNIT ( ) );
#2109 = LENGTH_MEASURE_WITH_UNIT ( LENGTH_MEASURE( 0.02539999999999999897 ), #2760 );
#2110 = VERTEX_POINT ( 'NONE', #489 ) ;
#2111 = ADVANCED_BREP_SHAPE_REPRESENTATION ( '', ( #2669, #3288 ), #1075 ) ;
#2112 = SURFACE_STYLE_USAGE ( .BOTH. , #2712 ) ;
#2113 = EDGE_CURVE ( 'NONE', #1870, #4478, #4326, .T. ) ;
#2114 = CARTESIAN_POINT ( 'NONE',  ( 0.02133639050056881925, -0.05708661417322914017, 0.1062992125984252023 ) ) ;
#2115 = PRODUCT_DEFINITION ( 'UNKNOWN', '', #1080, #2531 ) ;
#2116 = CARTESIAN_POINT ( 'NONE',  ( -0.1148677646145330189, -0.1093559517487987520, 0.09459351435917275064 ) ) ;
#2117 = DIRECTION ( 'NONE',  ( 0.000000000000000000, -0.000000000000000000, -1.000000000000000000 ) ) ;
#2118 = SURFACE_SIDE_STYLE ('',( #422 ) ) ;
#2119 = CARTESIAN_POINT ( 'NONE',  ( -0.1148677646145329495, -0.1093559517487987659, 0.09459351435917279227 ) ) ;
#2120 = ORIENTED_EDGE ( 'NONE', *, *, #3825, .F. ) ;
#2121 = ORIENTED_EDGE ( 'NONE', *, *, #2874, .T. ) ;
#2122 = ORIENTED_EDGE ( 'NONE', *, *, #4036, .F. ) ;
#2123 = FILL_AREA_STYLE ('',( #3569 ) ) ;
#2124 = CARTESIAN_POINT ( 'NONE',  ( 0.1087102328802070639, -0.1031984200144728248, 0.08661417322834634447 ) ) ;
#2125 = DIRECTION ( 'NONE',  ( -0.000000000000000000, 0.000000000000000000, -1.000000000000000000 ) ) ;
#2126 = PRODUCT_DEFINITION_CONTEXT ( 'detailed design', #818, 'design' ) ;
#2127 = SURFACE_STYLE_USAGE ( .BOTH. , #2877 ) ;
#2128 = CARTESIAN_POINT ( 'NONE',  ( 0.1122047230601311008, 0.000000000000000000, 0.000000000000000000 ) ) ;
#2129 = CARTESIAN_POINT ( 'NONE',  ( 0.04488188976377952694, -0.2109849209727960861, 0.01968503933728338665 ) ) ;
#2130 = LENGTH_MEASURE_WITH_UNIT ( LENGTH_MEASURE( 0.02539999999999999897 ), #3531 );
#2131 =( NAMED_UNIT ( * ) SI_UNIT ( $, .STERADIAN. ) SOLID_ANGLE_UNIT ( ) );
#2132 = CONTEXT_DEPENDENT_SHAPE_REPRESENTATION ( #1572, #635 ) ;
#2133 = ORIENTED_EDGE ( 'NONE', *, *, #1328, .F. ) ;
#2134 =( GEOMETRIC_REPRESENTATION_CONTEXT ( 3 ) GLOBAL_UNCERTAINTY_ASSIGNED_CONTEXT ( ( #2014 ) ) GLOBAL_UNIT_ASSIGNED_CONTEXT ( ( #541, #3280, #4322 ) ) REPRESENTATION_CONTEXT ( 'NONE', 'WORKASPACE' ) );
#2135 = DIRECTION ( 'NONE',  ( -1.000000000000000000, -0.000000000000000000, 0.000000000000000000 ) ) ;
#2136 = DIRECTION ( 'NONE',  ( 0.000000000000000000, 0.000000000000000000, 1.000000000000000000 ) ) ;
#2137 = DIMENSIONAL_EXPONENTS ( 1.000000000000000000, 0.000000000000000000, 0.000000000000000000, 0.000000000000000000, 0.000000000000000000, 0.000000000000000000, 0.000000000000000000 ) ;
#2138 =( GEOMETRIC_REPRESENTATION_CONTEXT ( 3 ) GLOBAL_UNCERTAINTY_ASSIGNED_CONTEXT ( ( #720 ) ) GLOBAL_UNIT_ASSIGNED_CONTEXT ( ( #54, #4278, #3311 ) ) REPRESENTATION_CONTEXT ( 'NONE', 'WORKASPACE' ) );
#2139 = EDGE_CURVE ( 'NONE', #512, #1906, #948, .T. ) ;
#2140 = FILL_AREA_STYLE ('',( #732 ) ) ;
#2141 = SURFACE_STYLE_FILL_AREA ( #3877 ) ;
#2142 = DIRECTION ( 'NONE',  ( 0.000000000000000000, 0.000000000000000000, 1.000000000000000000 ) ) ;
#2143 = DIRECTION ( 'NONE',  ( -1.000000000000000000, 0.000000000000000000, -0.000000000000000000 ) ) ;
#2144 = VERTEX_POINT ( 'NONE', #4050 ) ;
#2145 = ORIENTED_EDGE ( 'NONE', *, *, #2237, .T. ) ;
#2146 = ADVANCED_FACE ( 'NONE', ( #3310 ), #1555, .F. ) ;
#2147 = ORIENTED_EDGE ( 'NONE', *, *, #686, .T. ) ;
#2148 = AXIS2_PLACEMENT_3D ( 'NONE', #2089, #3071, #3489 ) ;
#2149 = CARTESIAN_POINT ( 'NONE',  ( 0.05669290775389173448, -0.2041500076755519144, 0.03335486593177074133 ) ) ;
#2150 = CARTESIAN_POINT ( 'NONE',  ( 0.03307087177366720837, -0.2088085965456303039, 0.02403768819161461109 ) ) ;
#2151 = FACE_OUTER_BOUND ( 'NONE', #3746, .T. ) ;
#2152 =( NAMED_UNIT ( * ) PLANE_ANGLE_UNIT ( ) SI_UNIT ( $, .RADIAN. ) );
#2153 = ADVANCED_FACE ( 'NONE', ( #3262 ), #1934, .T. ) ;
#2154 = STYLED_ITEM ( 'NONE', ( #4123 ), #2558 ) ;
#2155 =( NAMED_UNIT ( * ) PLANE_ANGLE_UNIT ( ) SI_UNIT ( $, .RADIAN. ) );
#2156 = DIRECTION ( 'NONE',  ( 1.000000000000000000, 0.000000000000000000, 0.000000000000000000 ) ) ;
#2157 = VERTEX_POINT ( 'NONE', #1324 ) ;
#2158 = PRESENTATION_LAYER_ASSIGNMENT (  '', '', ( #1559 ) ) ;
#2159 = MECHANICAL_DESIGN_GEOMETRIC_PRESENTATION_REPRESENTATION (  '', ( #4210 ), #3998 ) ;
#2160 = SURFACE_SIDE_STYLE ('',( #728 ) ) ;
#2161 = DIRECTION ( 'NONE',  ( -1.000000000000000000, -0.000000000000000000, -0.000000000000000000 ) ) ;
#2162 = VECTOR ( 'NONE', #1513, 39.37007874015748143 ) ;
#2163 = CARTESIAN_POINT ( 'NONE',  ( -0.001349727119806448834, -0.03574890233551788338, 0.09448818897637792369 ) ) ;
#2164 = FILL_AREA_STYLE ('',( #3880 ) ) ;
#2165 = CARTESIAN_POINT ( 'NONE',  ( 0.1122047230601311008, -0.04330709576606733141, 0.000000000000000000 ) ) ;
#2166 = ORIENTED_EDGE ( 'NONE', *, *, #1350, .F. ) ;
#2167 = MECHANICAL_DESIGN_GEOMETRIC_PRESENTATION_REPRESENTATION (  '', ( #3926 ), #2743 ) ;
#2168 = VERTEX_POINT ( 'NONE', #3452 ) ;
#2169 = VERTEX_POINT ( 'NONE', #2333 ) ;
#2170 = CARTESIAN_POINT ( 'NONE',  ( -0.01483162391825365925, -0.02604765427519528664, 0.09842519685039370636 ) ) ;
#2171 = MECHANICAL_DESIGN_GEOMETRIC_PRESENTATION_REPRESENTATION (  '', ( #1355 ), #2895 ) ;
#2172 = LENGTH_MEASURE_WITH_UNIT ( LENGTH_MEASURE( 0.02539999999999999897 ), #4239 );
#2173 = DIMENSIONAL_EXPONENTS ( 1.000000000000000000, 0.000000000000000000, 0.000000000000000000, 0.000000000000000000, 0.000000000000000000, 0.000000000000000000, 0.000000000000000000 ) ;
#2174 = FILL_AREA_STYLE_COLOUR ( '', #1695 ) ;
#2175 = VECTOR ( 'NONE', #399, 39.37007874015748143 ) ;
#2176 = COLOUR_RGB ( '',0.2862745098039215508, 0.2862745098039215508, 0.2862745098039215508 ) ;
#2177 = UNCERTAINTY_MEASURE_WITH_UNIT (LENGTH_MEASURE( 1.000000000000000082E-05 ), #47, 'distance_accuracy_value', 'NONE');
#2178 = LENGTH_MEASURE_WITH_UNIT ( LENGTH_MEASURE( 0.02539999999999999897 ), #4267 );
#2179 = LINE ( 'NONE', #1449, #623 ) ;
#2180 =( LENGTH_UNIT ( ) NAMED_UNIT ( * ) SI_UNIT ( $, .METRE. ) );
#2181 = DIRECTION ( 'NONE',  ( 0.1400280084028000249, -0.1400280084028000249, 0.9801960588196071411 ) ) ;
#2182 = COLOUR_RGB ( '',0.7490196078431372584, 0.7490196078431372584, 0.7490196078431372584 ) ;
#2183 = PRESENTATION_STYLE_ASSIGNMENT (( #3848 ) ) ;
#2184 = APPLICATION_PROTOCOL_DEFINITION ( 'draft international standard', 'automotive_design', 1998, #1299 ) ;
#2185 = ORIENTED_EDGE ( 'NONE', *, *, #2943, .F. ) ;
#2186 = VERTEX_POINT ( 'NONE', #1692 ) ;
#2187 = CARTESIAN_POINT ( 'NONE',  ( -0.1087102328802071055, 0.1148907368687386160, 0.08828450420752716188 ) ) ;
#2188 = LENGTH_MEASURE_WITH_UNIT ( LENGTH_MEASURE( 0.02539999999999999897 ), #764 );
#2189 = CARTESIAN_POINT ( 'NONE',  ( -0.01926154589299410025, -0.04787857063328847251, 0.09448818897637799308 ) ) ;
#2190 = ORIENTED_EDGE ( 'NONE', *, *, #2412, .F. ) ;
#2191 = ORIENTED_EDGE ( 'NONE', *, *, #1899, .T. ) ;
#2192 = COLOUR_RGB ( '',0.2862745098039215508, 0.2862745098039215508, 0.2862745098039215508 ) ;
#2193 = ORIENTED_EDGE ( 'NONE', *, *, #2286, .T. ) ;
#2194 = CARTESIAN_POINT ( 'NONE',  ( -0.01993489580515132170, -0.02887761550013913034, 0.09842519685039372024 ) ) ;
#2195 = SHAPE_REPRESENTATION ( 'Part_393', ( #3288 ), #3211 ) ;
#2196 = CARTESIAN_POINT ( 'NONE',  ( 0.03307087177366720837, -0.1102362204724421230, 0.01968503933728338665 ) ) ;
#2197 = UNCERTAINTY_MEASURE_WITH_UNIT (LENGTH_MEASURE( 1.000000000000000082E-05 ), #1014, 'distance_accuracy_value', 'NONE');
#2198 = ADVANCED_FACE ( 'NONE', ( #3096 ), #224, .T. ) ;
#2199 = DIRECTION ( 'NONE',  ( 1.000000000000000000, -0.000000000000000000, 0.000000000000000000 ) ) ;
#2200 = CARTESIAN_POINT ( 'NONE',  ( -0.02786517945796132892, -0.05708661417322914017, 0.09645669291338582196 ) ) ;
#2201 = CARTESIAN_POINT ( 'NONE',  ( -0.1125050207472448882, 0.1106299180097468499, 0.003356834886870495825 ) ) ;
#2202 = FILL_AREA_STYLE ('',( #781 ) ) ;
#2203 = DIMENSIONAL_EXPONENTS ( 1.000000000000000000, 0.000000000000000000, 0.000000000000000000, 0.000000000000000000, 0.000000000000000000, 0.000000000000000000, 0.000000000000000000 ) ;
#2204 = ORIENTED_EDGE ( 'NONE', *, *, #569, .F. ) ;
#2205 = CARTESIAN_POINT ( 'NONE',  ( 0.1087102328802069945, 0.1148907368687385883, 0.08828450420752727290 ) ) ;
#2206 = EDGE_CURVE ( 'NONE', #4408, #2710, #377, .T. ) ;
#2207 = CARTESIAN_POINT ( 'NONE',  ( 0.04488188976377952694, -0.2158513303330307220, -0.01968503933728342828 ) ) ;
#2208 = LENGTH_MEASURE_WITH_UNIT ( LENGTH_MEASURE( 0.02539999999999999897 ), #3981 );
#2210 = EDGE_CURVE ( 'NONE', #446, #2890, #1475, .T. ) ;
#2209 = CARTESIAN_POINT ( 'NONE',  ( 0.05669290775389173448, -0.2158513303330307220, 0.02755905508531492076 ) ) ;
#2211 = DIRECTION ( 'NONE',  ( -1.000000000000000000, 0.000000000000000000, 0.000000000000000000 ) ) ;
#2212 = EDGE_LOOP ( 'NONE', ( #3836, #325 ) ) ;
#2213 =( GEOMETRIC_REPRESENTATION_CONTEXT ( 3 ) GLOBAL_UNCERTAINTY_ASSIGNED_CONTEXT ( ( #3965 ) ) GLOBAL_UNIT_ASSIGNED_CONTEXT ( ( #3936, #2811, #1437 ) ) REPRESENTATION_CONTEXT ( 'NONE', 'WORKASPACE' ) );
#2214 = DIRECTION ( 'NONE',  ( 0.000000000000000000, 0.000000000000000000, -1.000000000000000000 ) ) ;
#2215 = ORIENTED_EDGE ( 'NONE', *, *, #3735, .F. ) ;
#2216 = DIRECTION ( 'NONE',  ( 0.000000000000000000, 0.8944271909999159664, -0.4472135954999579832 ) ) ;
#2217 =( NAMED_UNIT ( * ) PLANE_ANGLE_UNIT ( ) SI_UNIT ( $, .RADIAN. ) );
#2218 = VECTOR ( 'NONE', #1457, 39.37007874015748143 ) ;
#2219 =( NAMED_UNIT ( * ) SI_UNIT ( $, .STERADIAN. ) SOLID_ANGLE_UNIT ( ) );
#2220 = MECHANICAL_DESIGN_GEOMETRIC_PRESENTATION_REPRESENTATION (  '', ( #3609 ), #76 ) ;
#2221 = FACE_OUTER_BOUND ( 'NONE', #2771, .T. ) ;
#2222 = CARTESIAN_POINT ( 'NONE',  ( 0.05669290775389174142, -0.1102362204724421230, 0.05511811016288858944 ) ) ;
#2223 = CARTESIAN_POINT ( 'NONE',  ( 0.02367582059326545085, -0.1044382553597600211, 0.09448818897637792369 ) ) ;
#2224 = CARTESIAN_POINT ( 'NONE',  ( -0.1240157466235118217, 0.000000000000000000, 0.06299212598425196763 ) ) ;
#2225 =( CONVERSION_BASED_UNIT ( 'INCH', #3972 ) LENGTH_UNIT ( ) NAMED_UNIT ( #4025 ) );
#2226 = DIRECTION ( 'NONE',  ( 0.000000000000000000, 0.000000000000000000, -1.000000000000000000 ) ) ;
#2227 = ORIENTED_EDGE ( 'NONE', *, *, #4204, .F. ) ;
#2228 =( NAMED_UNIT ( * ) PLANE_ANGLE_UNIT ( ) SI_UNIT ( $, .RADIAN. ) );
#2229 = SURFACE_STYLE_USAGE ( .BOTH. , #2540 ) ;
#2230 = PLANE ( 'NONE',  #1473 ) ;
#2231 = PRESENTATION_LAYER_ASSIGNMENT (  '', '', ( #1041 ) ) ;
#2232 = EDGE_CURVE ( 'NONE', #661, #2885, #2823, .T. ) ;
#2233 = STYLED_ITEM ( 'NONE', ( #1902 ), #2629 ) ;
#2234 =( LENGTH_UNIT ( ) NAMED_UNIT ( * ) SI_UNIT ( $, .METRE. ) );
#2235 = DIMENSIONAL_EXPONENTS ( 1.000000000000000000, 0.000000000000000000, 0.000000000000000000, 0.000000000000000000, 0.000000000000000000, 0.000000000000000000, 0.000000000000000000 ) ;
#2236 = LINE ( 'NONE', #3879, #1842 ) ;
#2237 = EDGE_CURVE ( 'NONE', #1887, #1119, #2799, .T. ) ;
#2238 = ORIENTED_EDGE ( 'NONE', *, *, #349, .T. ) ;
#2239 = SURFACE_SIDE_STYLE ('',( #1166 ) ) ;
#2240 = CARTESIAN_POINT ( 'NONE',  ( 0.008536277064289499172, -0.02374732648337783691, 0.09842519685039369248 ) ) ;
#2241 = CARTESIAN_POINT ( 'NONE',  ( 0.000000000000000000, -0.04330709576606731753, 0.000000000000000000 ) ) ;
#2242 = PRESENTATION_STYLE_ASSIGNMENT (( #1904 ) ) ;
#2243 = CIRCLE ( 'NONE', #403, 0.007874015748031495954 ) ;
#2244 =( LENGTH_UNIT ( ) NAMED_UNIT ( * ) SI_UNIT ( $, .METRE. ) );
#2245 = DIRECTION ( 'NONE',  ( -1.000000000000000000, 0.000000000000000000, 0.000000000000000000 ) ) ;
#2246 = SURFACE_STYLE_FILL_AREA ( #2305 ) ;
#2247 = CIRCLE ( 'NONE', #3052, 0.03937007866682492446 ) ;
#2248 = EDGE_LOOP ( 'NONE', ( #1136, #2191, #564, #2121, #1137 ) ) ;
#2249 = MECHANICAL_DESIGN_GEOMETRIC_PRESENTATION_REPRESENTATION (  '', ( #758 ), #1500 ) ;
#2250 = CARTESIAN_POINT ( 'NONE',  ( -0.1083750633130068641, 0.1084901687106428342, 0.09781377893776746490 ) ) ;
#2251 = CARTESIAN_POINT ( 'NONE',  ( 0.03272117549295242012, -0.06769862018042674401, 0.09842519685039370636 ) ) ;
#2252 =( GEOMETRIC_REPRESENTATION_CONTEXT ( 3 ) GLOBAL_UNCERTAINTY_ASSIGNED_CONTEXT ( ( #2969 ) ) GLOBAL_UNIT_ASSIGNED_CONTEXT ( ( #2059, #1637, #4074 ) ) REPRESENTATION_CONTEXT ( 'NONE', 'WORKASPACE' ) );
#2253 = CIRCLE ( 'NONE', #268, 0.01968503937007870172 ) ;
#2254 = FILL_AREA_STYLE ('',( #1508 ) ) ;
#2255 = FILL_AREA_STYLE_COLOUR ( '', #761 ) ;
#2256 = ORIENTED_EDGE ( 'NONE', *, *, #207, .T. ) ;
#2257 = FILL_AREA_STYLE_COLOUR ( '', #3477 ) ;
#2258 = DIMENSIONAL_EXPONENTS ( 1.000000000000000000, 0.000000000000000000, 0.000000000000000000, 0.000000000000000000, 0.000000000000000000, 0.000000000000000000, 0.000000000000000000 ) ;
#2259 = LINE ( 'NONE', #2940, #1058 ) ;
#2260 = EDGE_CURVE ( 'NONE', #3634, #1795, #700, .T. ) ;
#2261 = PRODUCT ( 'Part_464_MIR', 'Part_464_MIR', '', ( #1753 ) ) ;
#2262 = SURFACE_STYLE_FILL_AREA ( #2974 ) ;
#2263 = ORIENTED_EDGE ( 'NONE', *, *, #1799, .T. ) ;
#2264 = CARTESIAN_POINT ( 'NONE',  ( 0.1198785008695569254, -0.1069378805101795227, 0.08572732244063105411 ) ) ;
#2265 = FILL_AREA_STYLE_COLOUR ( '', #3466 ) ;
#2266 = DIRECTION ( 'NONE',  ( -0.1104315260748449934, 0.000000000000000000, -0.9938837346736190126 ) ) ;
#2267 = SURFACE_SIDE_STYLE ('',( #79 ) ) ;
#2268 = UNCERTAINTY_MEASURE_WITH_UNIT (LENGTH_MEASURE( 1.000000000000000082E-05 ), #829, 'distance_accuracy_value', 'NONE');
#2269 = EDGE_CURVE ( 'NONE', #3815, #4478, #2179, .T. ) ;
#2270 = CARTESIAN_POINT ( 'NONE',  ( 0.05669290775389174142, -0.2314960629921287427, 0.01968503933728338665 ) ) ;
#2271 = EDGE_LOOP ( 'NONE', ( #2009, #4355, #168, #233 ) ) ;
#2272 = CARTESIAN_POINT ( 'NONE',  ( 0.03439396841535381083, -0.05708661417322914017, 0.09842519685039370636 ) ) ;
#2273 = LINE ( 'NONE', #1923, #339 ) ;
#2274 = DIRECTION ( 'NONE',  ( 1.000000000000000000, 0.000000000000000000, 0.000000000000000000 ) ) ;
#2275 = AXIS2_PLACEMENT_3D ( 'NONE', #3530, #380, #3577 ) ;
#2276 = ORIENTED_EDGE ( 'NONE', *, *, #467, .T. ) ;
#2277 = COLOUR_RGB ( '',0.7490196078431372584, 0.7490196078431372584, 0.7490196078431372584 ) ;
#2278 = CARTESIAN_POINT ( 'NONE',  ( 0.05669290775389174142, -0.1102362204724421230, 0.03543307086614220364 ) ) ;
#2279 = CARTESIAN_POINT ( 'NONE',  ( -0.1162372039084646619, -0.1224409266738803320, 0.03543307253463206380 ) ) ;
#2280 = PRESENTATION_STYLE_ASSIGNMENT (( #1564 ) ) ;
#2281 = SURFACE_STYLE_FILL_AREA ( #2606 ) ;
#2282 = SURFACE_SIDE_STYLE ('',( #1233 ) ) ;
#2283 = CARTESIAN_POINT ( 'NONE',  ( 0.03307087177366720837, -0.2109849210383858420, 2.347681869555226049E-17 ) ) ;
#2284 = DIMENSIONAL_EXPONENTS ( 1.000000000000000000, 0.000000000000000000, 0.000000000000000000, 0.000000000000000000, 0.000000000000000000, 0.000000000000000000, 0.000000000000000000 ) ;
#2285 = COLOUR_RGB ( '',0.2862745098039215508, 0.2862745098039215508, 0.2862745098039215508 ) ;
#2286 = EDGE_CURVE ( 'NONE', #3537, #3184, #2907, .T. ) ;
#2287 = VERTEX_POINT ( 'NONE', #4268 ) ;
#2288 =( GEOMETRIC_REPRESENTATION_CONTEXT ( 3 ) GLOBAL_UNCERTAINTY_ASSIGNED_CONTEXT ( ( #3179 ) ) GLOBAL_UNIT_ASSIGNED_CONTEXT ( ( #474, #1949, #1491 ) ) REPRESENTATION_CONTEXT ( 'NONE', 'WORKASPACE' ) );
#2289 = MECHANICAL_DESIGN_GEOMETRIC_PRESENTATION_REPRESENTATION (  '', ( #4422 ), #303 ) ;
#2290 =( NAMED_UNIT ( * ) SI_UNIT ( $, .STERADIAN. ) SOLID_ANGLE_UNIT ( ) );
#2291 = CARTESIAN_POINT ( 'NONE',  ( -0.1258558393186257895, -0.09092297189210911401, 0.09347315707005612873 ) ) ;
#2292 = PRESENTATION_STYLE_ASSIGNMENT (( #4135 ) ) ;
#2293 = VECTOR ( 'NONE', #1082, 39.37007874015748143 ) ;
#2294 = AXIS2_PLACEMENT_3D ( 'NONE', #2392, #235, #3392 ) ;
#2295 = FILL_AREA_STYLE ('',( #2920 ) ) ;
#2296 = SURFACE_SIDE_STYLE ('',( #797 ) ) ;
#2297 = DIRECTION ( 'NONE',  ( -0.1400280084028002192, -0.1400280084028024397, 0.9801960588196065860 ) ) ;
#2298 =( NAMED_UNIT ( * ) SI_UNIT ( $, .STERADIAN. ) SOLID_ANGLE_UNIT ( ) );
#2299 = AXIS2_PLACEMENT_3D ( 'NONE', #4397, #3612, #2622 ) ;
#2300 = ORIENTED_EDGE ( 'NONE', *, *, #4063, .T. ) ;
#2301 = LINE ( 'NONE', #4402, #3550 ) ;
#2302 = COLOUR_RGB ( '',0.8313725490196077761, 0.8313725490196077761, 0.8313725490196077761 ) ;
#2303 = EDGE_CURVE ( 'NONE', #3734, #3537, #3596, .T. ) ;
#2304 = LENGTH_MEASURE_WITH_UNIT ( LENGTH_MEASURE( 0.02539999999999999897 ), #3652 );
#2305 = FILL_AREA_STYLE ('',( #479 ) ) ;
#2306 = EDGE_LOOP ( 'NONE', ( #3000, #4213, #4447, #112 ) ) ;
#2307 = CARTESIAN_POINT ( 'NONE',  ( 0.1151013905572423890, -0.1206205923171690397, 0.08326232163494877436 ) ) ;
#2308 = AXIS2_PLACEMENT_3D ( 'NONE', #215, #4200, #375 ) ;
#2309 = LINE ( 'NONE', #507, #3321 ) ;
#2310 = ORIENTED_EDGE ( 'NONE', *, *, #3721, .F. ) ;
#2311 = DIMENSIONAL_EXPONENTS ( 1.000000000000000000, 0.000000000000000000, 0.000000000000000000, 0.000000000000000000, 0.000000000000000000, 0.000000000000000000, 0.000000000000000000 ) ;
#2312 = CARTESIAN_POINT ( 'NONE',  ( 0.1083750633130067809, 0.1084901687106427648, 0.09781377893776742327 ) ) ;
#2313 =( GEOMETRIC_REPRESENTATION_CONTEXT ( 3 ) GLOBAL_UNCERTAINTY_ASSIGNED_CONTEXT ( ( #2553 ) ) GLOBAL_UNIT_ASSIGNED_CONTEXT ( ( #1286, #4485, #2733 ) ) REPRESENTATION_CONTEXT ( 'NONE', 'WORKASPACE' ) );
#2314 = AXIS2_PLACEMENT_3D ( 'NONE', #4124, #2048, #4493 ) ;
#2315 =( CONVERSION_BASED_UNIT ( 'INCH', #1351 ) LENGTH_UNIT ( ) NAMED_UNIT ( #4001 ) );
#2316 =( GEOMETRIC_REPRESENTATION_CONTEXT ( 3 ) GLOBAL_UNCERTAINTY_ASSIGNED_CONTEXT ( ( #4266 ) ) GLOBAL_UNIT_ASSIGNED_CONTEXT ( ( #2966, #3989, #2219 ) ) REPRESENTATION_CONTEXT ( 'NONE', 'WORKASPACE' ) );
#2317 = PRESENTATION_STYLE_ASSIGNMENT (( #909 ) ) ;
#2318 = SURFACE_SIDE_STYLE ('',( #1006 ) ) ;
#2319 = CARTESIAN_POINT ( 'NONE',  ( 0.05669290775389173448, -0.2041500076755519699, -0.03335486593177047765 ) ) ;
#2320 = UNCERTAINTY_MEASURE_WITH_UNIT (LENGTH_MEASURE( 1.000000000000000082E-05 ), #4148, 'distance_accuracy_value', 'NONE');
#2321 = ORIENTED_EDGE ( 'NONE', *, *, #2539, .T. ) ;
#2322 = LENGTH_MEASURE_WITH_UNIT ( LENGTH_MEASURE( 0.02539999999999999897 ), #1594 );
#2323 = CARTESIAN_POINT ( 'NONE',  ( 0.02786517945796130463, -0.05708661417322914017, 0.09645669291338584972 ) ) ;
#2324 = FACE_OUTER_BOUND ( 'NONE', #201, .T. ) ;
#2325 = DIRECTION ( 'NONE',  ( 0.000000000000000000, 1.000000000000000000, 0.000000000000000000 ) ) ;
#2326 = CARTESIAN_POINT ( 'NONE',  ( -0.1161952659726075143, 0.1224404450315693532, 0.03543654706771213331 ) ) ;
#2327 = DIRECTION ( 'NONE',  ( 1.000000000000000000, 0.000000000000000000, 0.000000000000000000 ) ) ;
#2328 = ORIENTED_EDGE ( 'NONE', *, *, #3493, .F. ) ;
#2329 = CARTESIAN_POINT ( 'NONE',  ( 0.03307087177366720837, -0.1689363388041381919, 0.01574803149606350539 ) ) ;
#2330 =( BOUNDED_SURFACE ( )  B_SPLINE_SURFACE ( 3, 3, ( 
 ( #3572, #4217, #1770, #2819 ),
 ( #4240, #3200, #1445, #4265 ),
 ( #1104, #744, #1226, #1948 ),
 ( #3347, #3248, #4033, #2626 ) ),
 .UNSPECIFIED., .F., .F., .F. ) 
 B_SPLINE_SURFACE_WITH_KNOTS ( ( 4, 4 ),
 ( 4, 4 ),
 ( 0.000000000000000000, 1.000000000000000000 ),
 ( 0.000000000000000000, 1.000000000000000000 ),
 .UNSPECIFIED. ) 
 GEOMETRIC_REPRESENTATION_ITEM ( )  RATIONAL_B_SPLINE_SURFACE ( (
 ( 1.000000000000000000, 0.3333333333333341475, 0.3333333333333341475, 1.000000000000000000),
 ( 0.9309765965421654688, 0.3103255321807225631, 0.3103255321807225631, 0.9309765965421654688),
 ( 0.9309765965421654688, 0.3103255321807225631, 0.3103255321807225631, 0.9309765965421654688),
 ( 1.000000000000000000, 0.3333333333333341475, 0.3333333333333341475, 1.000000000000000000) ) ) 
 REPRESENTATION_ITEM ( '' )  SURFACE ( )  );
#2331 = CARTESIAN_POINT ( 'NONE',  ( 0.1178348209933563900, 0.1093559517487987798, 0.09230388373546641323 ) ) ;
#2332 = ORIENTED_EDGE ( 'NONE', *, *, #1010, .T. ) ;
#2333 = CARTESIAN_POINT ( 'NONE',  ( 0.05669290775389174142, -0.2314960629921287427, 1.493979371535143794E-17 ) ) ;
#2334 = LINE ( 'NONE', #1556, #148 ) ;
#2335 = EDGE_CURVE ( 'NONE', #1906, #1518, #66, .T. ) ;
#2336 =( LENGTH_UNIT ( ) NAMED_UNIT ( * ) SI_UNIT ( $, .METRE. ) );
#2337 = ADVANCED_FACE ( 'NONE', ( #2556 ), #1425, .T. ) ;
#2338 = DIRECTION ( 'NONE',  ( 0.000000000000000000, -1.000000000000000000, -0.000000000000000000 ) ) ;
#2339 = CARTESIAN_POINT ( 'NONE',  ( 0.000000000000000000, 0.05905510485172283525, 0.01968503937007870172 ) ) ;
#2340 = DIMENSIONAL_EXPONENTS ( 1.000000000000000000, 0.000000000000000000, 0.000000000000000000, 0.000000000000000000, 0.000000000000000000, 0.000000000000000000, 0.000000000000000000 ) ;
#2341 =( NAMED_UNIT ( * ) PLANE_ANGLE_UNIT ( ) SI_UNIT ( $, .RADIAN. ) );
#2342 = CIRCLE ( 'NONE', #1685, 0.01181102362204724046 ) ;
#2343 = ORIENTED_EDGE ( 'NONE', *, *, #4052, .F. ) ;
#2344 = CARTESIAN_POINT ( 'NONE',  ( 0.05669290775389173448, -0.1102362204724421230, -0.04527559051451535838 ) ) ;
#2345 = DIRECTION ( 'NONE',  ( 1.000000000000000000, 0.000000000000000000, 0.000000000000000000 ) ) ;
#2346 = COLOUR_RGB ( '',0.2862745098039215508, 0.2862745098039215508, 0.2862745098039215508 ) ;
#2347 = PRESENTATION_STYLE_ASSIGNMENT (( #2738 ) ) ;
#2348 = UNCERTAINTY_MEASURE_WITH_UNIT (LENGTH_MEASURE( 1.000000000000000082E-05 ), #3527, 'distance_accuracy_value', 'NONE');
#2349 = CIRCLE ( 'NONE', #2720, 0.01968503937007870172 ) ;
#2350 = ORIENTED_EDGE ( 'NONE', *, *, #2416, .F. ) ;
#2351 = CARTESIAN_POINT ( 'NONE',  ( 0.1279527395396142797, -0.1107253910427307836, 0.03543307253463204992 ) ) ;
#2352 = VERTEX_POINT ( 'NONE', #3206 ) ;
#2353 = CARTESIAN_POINT ( 'NONE',  ( 0.04488188976377952694, -0.2109849210383858420, -2.775557561562889810E-17 ) ) ;
#2354 = PRESENTATION_LAYER_ASSIGNMENT (  '', '', ( #3609 ) ) ;
#2355 =( BOUNDED_CURVE ( )  B_SPLINE_CURVE ( 3, ( #3085, #655, #2326, #636 ),
 .UNSPECIFIED., .F., .T. ) 
 B_SPLINE_CURVE_WITH_KNOTS ( ( 4, 4 ),
 ( 0.01577462372025389969, 0.03165772524852100700 ),
 .UNSPECIFIED. ) 
 CURVE ( )  GEOMETRIC_REPRESENTATION_ITEM ( )  RATIONAL_B_SPLINE_CURVE ( ( 1.000000000000000000, 0.9999789773676421856, 0.9999789773676421856, 1.000000000000000000 ) ) 
 REPRESENTATION_ITEM ( '' )  );
#2356 = CARTESIAN_POINT ( 'NONE',  ( 0.1050208858822707925, 0.1069378805101795782, 0.09719270965501840276 ) ) ;
#2357 = DIRECTION ( 'NONE',  ( 0.1400280084028000249, 0.1400280084028000249, 0.9801960588196071411 ) ) ;
#2358 = ADVANCED_FACE ( 'NONE', ( #3948 ), #779, .T. ) ;
#2359 = FILL_AREA_STYLE ('',( #960 ) ) ;
#2360 =( NAMED_UNIT ( * ) PLANE_ANGLE_UNIT ( ) SI_UNIT ( $, .RADIAN. ) );
#2361 = PRODUCT_RELATED_PRODUCT_CATEGORY ( 'part', '', ( #81 ) ) ;
#2362 = PLANE ( 'NONE',  #1292 ) ;
#2363 = CARTESIAN_POINT ( 'NONE',  ( -0.1151013905572423890, 0.1206205923171690120, 0.08326232163494884375 ) ) ;
#2364 = CARTESIAN_POINT ( 'NONE',  ( 0.03307087177366720837, -0.2041500076755514981, -0.03335486593177124093 ) ) ;
#2365 = VERTEX_POINT ( 'NONE', #4427 ) ;
#2366 = PRESENTATION_LAYER_ASSIGNMENT (  '', '', ( #4502 ) ) ;
#2367 =( NAMED_UNIT ( * ) PLANE_ANGLE_UNIT ( ) SI_UNIT ( $, .RADIAN. ) );
#2368 = CARTESIAN_POINT ( 'NONE',  ( -0.1087102328802070778, 0.1031984200144728386, 0.08661417322834646937 ) ) ;
#2369 = PRODUCT_DEFINITION_SHAPE ( 'NONE', 'NONE',  #4569 ) ;
#2370 = DIMENSIONAL_EXPONENTS ( 1.000000000000000000, 0.000000000000000000, 0.000000000000000000, 0.000000000000000000, 0.000000000000000000, 0.000000000000000000, 0.000000000000000000 ) ;
#2371 = ORIENTED_EDGE ( 'NONE', *, *, #3442, .F. ) ;
#2372 = MECHANICAL_DESIGN_GEOMETRIC_PRESENTATION_REPRESENTATION (  '', ( #2027 ), #3924 ) ;
#2373 = PRESENTATION_LAYER_ASSIGNMENT (  '', '', ( #1345 ) ) ;
#2374 = FILL_AREA_STYLE_COLOUR ( '', #101 ) ;
#2375 = SURFACE_STYLE_USAGE ( .BOTH. , #976 ) ;
#2376 =( CONVERSION_BASED_UNIT ( 'INCH', #2109 ) LENGTH_UNIT ( ) NAMED_UNIT ( #934 ) );
#2377 = MECHANICAL_DESIGN_GEOMETRIC_PRESENTATION_REPRESENTATION (  '', ( #1568 ), #2805 ) ;
#2378 = FILL_AREA_STYLE ('',( #247 ) ) ;
#2379 = VECTOR ( 'NONE', #763, 39.37007874015748143 ) ;
#2380 = LINE ( 'NONE', #3792, #1651 ) ;
#2381 = CARTESIAN_POINT ( 'NONE',  ( 0.1178348209933563623, 0.1093559517487987659, 0.09230388373546644099 ) ) ;
#2382 = DIRECTION ( 'NONE',  ( 1.000000000000000000, -0.000000000000000000, -0.000000000000000000 ) ) ;
#2383 =( NAMED_UNIT ( * ) SI_UNIT ( $, .STERADIAN. ) SOLID_ANGLE_UNIT ( ) );
#2384 =( BOUNDED_SURFACE ( )  B_SPLINE_SURFACE ( 3, 3, ( 
 ( #3387, #3753, #280, #1288 ),
 ( #593, #2018, #3411, #256 ),
 ( #4116, #966, #2363, #611 ),
 ( #2043, #3436, #4486, #1679 ) ),
 .UNSPECIFIED., .F., .F., .F. ) 
 B_SPLINE_SURFACE_WITH_KNOTS ( ( 4, 4 ),
 ( 4, 4 ),
 ( 0.000000000000000000, 1.000000000000000000 ),
 ( 0.000000000000000000, 1.000000000000000000 ),
 .UNSPECIFIED. ) 
 GEOMETRIC_REPRESENTATION_ITEM ( )  RATIONAL_B_SPLINE_SURFACE ( (
 ( 1.000000000000000000, 0.3333333333333330928, 0.3333333333333330928, 1.000000000000000000),
 ( 0.9309765965421639144, 0.3103255321807210643, 0.3103255321807210643, 0.9309765965421639144),
 ( 0.9309765965421639144, 0.3103255321807210643, 0.3103255321807210643, 0.9309765965421639144),
 ( 1.000000000000000000, 0.3333333333333330928, 0.3333333333333330928, 1.000000000000000000) ) ) 
 REPRESENTATION_ITEM ( '' )  SURFACE ( )  );
#2385 = CARTESIAN_POINT ( 'NONE',  ( -0.1204025497344725359, 0.1031984200144728803, 0.08828450420752712025 ) ) ;
#2386 = PRESENTATION_LAYER_ASSIGNMENT (  '', '', ( #1221 ) ) ;
#2387 = FILL_AREA_STYLE_COLOUR ( '', #1362 ) ;
#2388 = SURFACE_STYLE_FILL_AREA ( #3371 ) ;
#2389 = ORIENTED_EDGE ( 'NONE', *, *, #1517, .F. ) ;
#2390 = STYLED_ITEM ( 'NONE', ( #510 ), #2146 ) ;
#2391 = AXIS2_PLACEMENT_3D ( 'NONE', #892, #1544, #558 ) ;
#2392 = CARTESIAN_POINT ( 'NONE',  ( -0.1122047230601311008, -0.04330709576606731753, 0.000000000000000000 ) ) ;
#2393 = CARTESIAN_POINT ( 'NONE',  ( 0.03205453832265717229, -0.05708661417322914711, 0.09842519685039367860 ) ) ;
#2394 = EDGE_CURVE ( 'NONE', #2352, #3316, #3353, .T. ) ;
#2395 = UNCERTAINTY_MEASURE_WITH_UNIT (LENGTH_MEASURE( 1.000000000000000082E-05 ), #292, 'distance_accuracy_value', 'NONE');
#2396 = CARTESIAN_POINT ( 'NONE',  ( 0.01926154589299369085, -0.06629465771317109846, 0.09448818897637799308 ) ) ;
#2397 = EDGE_CURVE ( 'NONE', #3218, #2287, #2848, .T. ) ;
#2398 = CARTESIAN_POINT ( 'NONE',  ( -0.1122047230601310452, 0.1224409416317940869, 0.0006541557028465163530 ) ) ;
#2399 = ORIENTED_EDGE ( 'NONE', *, *, #1899, .F. ) ;
#2400 = PLANE ( 'NONE',  #4080 ) ;
#2401 = CARTESIAN_POINT ( 'NONE',  ( 0.01181101799011228387, -0.1102362204724421230, 0.05511811016288858944 ) ) ;
#2402 = CARTESIAN_POINT ( 'NONE',  ( 0.05669290775389173448, -0.2158513303330307220, -0.02755905508531492076 ) ) ;
#2403 = CARTESIAN_POINT ( 'NONE',  ( 0.05669290775389173448, -0.1933780865698842555, 0.01088162213582767948 ) ) ;
#2404 =( CONVERSION_BASED_UNIT ( 'INCH', #4164 ) LENGTH_UNIT ( ) NAMED_UNIT ( #1546 ) );
#2405 = DIRECTION ( 'NONE',  ( 1.000000000000000000, 0.000000000000000000, 0.000000000000000000 ) ) ;
#2406 = LINE ( 'NONE', #3906, #4152 ) ;
#2407 = FILL_AREA_STYLE ('',( #3563 ) ) ;
#2408 = EDGE_LOOP ( 'NONE', ( #1959, #1599, #369, #4292 ) ) ;
#2409 = PLANE ( 'NONE',  #1641 ) ;
#2410 = SURFACE_SIDE_STYLE ('',( #1335 ) ) ;
#2411 =( NAMED_UNIT ( * ) PLANE_ANGLE_UNIT ( ) SI_UNIT ( $, .RADIAN. ) );
#2412 = EDGE_CURVE ( 'NONE', #4478, #2062, #4081, .T. ) ;
#2413 = FILL_AREA_STYLE_COLOUR ( '', #1215 ) ;
#2414 = AXIS2_PLACEMENT_3D ( 'NONE', #2580, #3996, #2245 ) ;
#2415 = LENGTH_MEASURE_WITH_UNIT ( LENGTH_MEASURE( 0.02539999999999999897 ), #602 );
#2416 = EDGE_CURVE ( 'NONE', #3683, #2474, #1204, .T. ) ;
#2417 = CARTESIAN_POINT ( 'NONE',  ( 0.000000000000000000, 0.000000000000000000, 0.000000000000000000 ) ) ;
#2418 = AXIS2_PLACEMENT_3D ( 'NONE', #3905, #490, #421 ) ;
#2419 = EDGE_LOOP ( 'NONE', ( #3661, #2865, #4168, #613 ) ) ;
#2420 = VECTOR ( 'NONE', #2135, 39.37007874015748143 ) ;
#2421 = PRESENTATION_STYLE_ASSIGNMENT (( #276 ) ) ;
#2422 =( GEOMETRIC_REPRESENTATION_CONTEXT ( 3 ) GLOBAL_UNCERTAINTY_ASSIGNED_CONTEXT ( ( #2433 ) ) GLOBAL_UNIT_ASSIGNED_CONTEXT ( ( #1667, #4157, #660 ) ) REPRESENTATION_CONTEXT ( 'NONE', 'WORKASPACE' ) );
#2423 = CARTESIAN_POINT ( 'NONE',  ( 0.01405147980082515138, -0.04096182110528164694, 0.09448818897637799308 ) ) ;
#2424 = CARTESIAN_POINT ( 'NONE',  ( 0.03307087177366720837, -0.2314960629921287427, -1.493979371535143794E-17 ) ) ;
#2425 = PRESENTATION_LAYER_ASSIGNMENT (  '', '', ( #656 ) ) ;
#2426 = LINE ( 'NONE', #1462, #753 ) ;
#2427 = ORIENTED_EDGE ( 'NONE', *, *, #2412, .T. ) ;
#2428 = VERTEX_POINT ( 'NONE', #2222 ) ;
#2429 = ORIENTED_EDGE ( 'NONE', *, *, #1830, .F. ) ;
#2430 = DIRECTION ( 'NONE',  ( 0.1400280084028001637, 0.1400280084028058536, 0.9801960588196062529 ) ) ;
#2431 = SURFACE_STYLE_FILL_AREA ( #4197 ) ;
#2432 = COLOUR_RGB ( '',0.7490196078431372584, 0.7490196078431372584, 0.7490196078431372584 ) ;
#2433 = UNCERTAINTY_MEASURE_WITH_UNIT (LENGTH_MEASURE( 1.000000000000000082E-05 ), #1667, 'distance_accuracy_value', 'NONE');
#2434 = CARTESIAN_POINT ( 'NONE',  ( 0.05669290775389173448, -0.2109849210383858420, 2.347681869555226049E-17 ) ) ;
#2435 = ADVANCED_FACE ( 'NONE', ( #3692 ), #513, .T. ) ;
#2436 = DIRECTION ( 'NONE',  ( 0.3185010084789291485, 0.8533504650966927674, 0.4127348922942707943 ) ) ;
#2437 = DIRECTION ( 'NONE',  ( 1.000000000000000000, 0.000000000000000000, 0.000000000000000000 ) ) ;
#2438 = VECTOR ( 'NONE', #1901, 39.37007874015748143 ) ;
#2439 = ORIENTED_EDGE ( 'NONE', *, *, #488, .F. ) ;
#2440 = PRODUCT_DEFINITION_SHAPE ( 'NONE', 'NONE',  #4572 ) ;
#2441 = STYLED_ITEM ( 'NONE', ( #1266 ), #229 ) ;
#2442 = PRODUCT_DEFINITION ( 'UNKNOWN', '', #4098, #429 ) ;
#2443 = SURFACE_STYLE_FILL_AREA ( #3468 ) ;
#2444 = COLOUR_RGB ( '',0.8313725490196077761, 0.8313725490196077761, 0.8313725490196077761 ) ;
#2446 = EDGE_CURVE ( 'NONE', #3734, #1754, #263, .T. ) ;
#2445 = SURFACE_STYLE_FILL_AREA ( #2039 ) ;
#2447 = CARTESIAN_POINT ( 'NONE',  ( 0.009208043539940348465, -0.03782506828023477624, 0.09448818897637796532 ) ) ;
#2448 = DIRECTION ( 'NONE',  ( -0.3185010084789297036, 0.8533504650966923233, 0.4127348922942710718 ) ) ;
#2449 = FACE_OUTER_BOUND ( 'NONE', #83, .T. ) ;
#2450 = MECHANICAL_DESIGN_GEOMETRIC_PRESENTATION_REPRESENTATION (  '', ( #4522 ), #3118 ) ;
#2451 = VERTEX_POINT ( 'NONE', #3107 ) ;
#2452 = ORIENTED_EDGE ( 'NONE', *, *, #2648, .F. ) ;
#2453 = PRESENTATION_LAYER_ASSIGNMENT (  '', '', ( #1285 ) ) ;
#2454 = VERTEX_POINT ( 'NONE', #4149 ) ;
#2455 = CARTESIAN_POINT ( 'NONE',  ( 0.03307087177366720837, -0.2314960629921287427, -0.04527559051451535838 ) ) ;
#2456 = FILL_AREA_STYLE_COLOUR ( '', #386 ) ;
#2457 =( GEOMETRIC_REPRESENTATION_CONTEXT ( 3 ) GLOBAL_UNCERTAINTY_ASSIGNED_CONTEXT ( ( #2197 ) ) GLOBAL_UNIT_ASSIGNED_CONTEXT ( ( #1014, #2411, #2064 ) ) REPRESENTATION_CONTEXT ( 'NONE', 'WORKASPACE' ) );
#2458 = LINE ( 'NONE', #702, #4160 ) ;
#2459 = FACE_OUTER_BOUND ( 'NONE', #1710, .T. ) ;
#2460 = PRODUCT_CONTEXT ( 'NONE', #2601, 'mechanical' ) ;
#2461 = ORIENTED_EDGE ( 'NONE', *, *, #3721, .T. ) ;
#2462 = LENGTH_MEASURE_WITH_UNIT ( LENGTH_MEASURE( 0.02539999999999999897 ), #361 );
#2463 = PRESENTATION_STYLE_ASSIGNMENT (( #1504 ) ) ;
#2464 = AXIS2_PLACEMENT_3D ( 'NONE', #4189, #3194, #3144 ) ;
#2465 = EDGE_CURVE ( 'NONE', #4251, #4065, #3736, .T. ) ;
#2466 = SURFACE_STYLE_USAGE ( .BOTH. , #3077 ) ;
#2467 = CARTESIAN_POINT ( 'NONE',  ( 0.1087102328802070778, 0.1031984200144728386, 0.09842519685039370636 ) ) ;
#2468 = STYLED_ITEM ( 'NONE', ( #4487 ), #4451 ) ;
#2469 = FILL_AREA_STYLE_COLOUR ( '', #4141 ) ;
#2470 = CARTESIAN_POINT ( 'NONE',  ( -0.02083436619842767012, -0.05174175900650135329, 0.09448818897637796532 ) ) ;
#2471 = FILL_AREA_STYLE ('',( #4300 ) ) ;
#2472 = SURFACE_STYLE_USAGE ( .BOTH. , #1743 ) ;
#2473 = AXIS2_PLACEMENT_3D ( 'NONE', #3676, #2853, #2156 ) ;
#2474 = VERTEX_POINT ( 'NONE', #596 ) ;
#2475 = EDGE_CURVE ( 'NONE', #4406, #2001, #4539, .T. ) ;
#2476 = EDGE_LOOP ( 'NONE', ( #2238, #1728, #876, #3264 ) ) ;
#2477 = PLANE ( 'NONE',  #2041 ) ;
#2478 = DIMENSIONAL_EXPONENTS ( 1.000000000000000000, 0.000000000000000000, 0.000000000000000000, 0.000000000000000000, 0.000000000000000000, 0.000000000000000000, 0.000000000000000000 ) ;
#2479 = FILL_AREA_STYLE_COLOUR ( '', #844 ) ;
#2480 = VERTEX_POINT ( 'NONE', #1310 ) ;
#2481 = UNCERTAINTY_MEASURE_WITH_UNIT (LENGTH_MEASURE( 1.000000000000000082E-05 ), #4062, 'distance_accuracy_value', 'NONE');
#2482 =( NAMED_UNIT ( * ) SI_UNIT ( $, .STERADIAN. ) SOLID_ANGLE_UNIT ( ) );
#2483 = LENGTH_MEASURE_WITH_UNIT ( LENGTH_MEASURE( 0.02539999999999999897 ), #3229 );
#2484 = CARTESIAN_POINT ( 'NONE',  ( 0.03307087177366720837, -0.1102362204724421230, -0.05511811016288858944 ) ) ;
#2485 = DIRECTION ( 'NONE',  ( -1.000000000000000000, 0.000000000000000000, 0.000000000000000000 ) ) ;
#2486 = ORIENTED_EDGE ( 'NONE', *, *, #338, .T. ) ;
#2487 = STYLED_ITEM ( 'NONE', ( #3977 ), #3139 ) ;
#2488 = CARTESIAN_POINT ( 'NONE',  ( 0.04488188976377952694, -0.1689363388041381919, 0.01574803149606350539 ) ) ;
#2489 = FILL_AREA_STYLE_COLOUR ( '', #3011 ) ;
#2490 =( GEOMETRIC_REPRESENTATION_CONTEXT ( 3 ) GLOBAL_UNCERTAINTY_ASSIGNED_CONTEXT ( ( #1105 ) ) GLOBAL_UNIT_ASSIGNED_CONTEXT ( ( #3921, #2087, #680 ) ) REPRESENTATION_CONTEXT ( 'NONE', 'WORKASPACE' ) );
#2491 = CARTESIAN_POINT ( 'NONE',  ( 0.03307087177366720837, -0.1689363388041381919, 0.01574803149606350539 ) ) ;
#2492 = MECHANICAL_DESIGN_GEOMETRIC_PRESENTATION_REPRESENTATION (  '', ( #4488 ), #1691 ) ;
#2493 = CARTESIAN_POINT ( 'NONE',  ( -0.1101750469587291364, -0.1046632340929948973, 0.07636047467869173933 ) ) ;
#2494 = DIRECTION ( 'NONE',  ( 1.000000000000000000, 0.000000000000000000, -0.000000000000000000 ) ) ;
#2495 =( NAMED_UNIT ( * ) PLANE_ANGLE_UNIT ( ) SI_UNIT ( $, .RADIAN. ) );
#2496 = SURFACE_STYLE_USAGE ( .BOTH. , #394 ) ;
#2497 = VECTOR ( 'NONE', #1433, 39.37007874015748143 ) ;
#2498 = ORIENTED_EDGE ( 'NONE', *, *, #638, .T. ) ;
#2499 = ORIENTED_EDGE ( 'NONE', *, *, #808, .F. ) ;
#2500 = VERTEX_POINT ( 'NONE', #4170 ) ;
#2501 = SHAPE_REPRESENTATION ( 'Part_464', ( #3288 ), #430 ) ;
#2502 = CARTESIAN_POINT ( 'NONE',  ( -0.03439396841535381083, -0.05708661417322912629, 0.09842519685039370636 ) ) ;
#2503 = LINE ( 'NONE', #2150, #2983 ) ;
#2504 = UNCERTAINTY_MEASURE_WITH_UNIT (LENGTH_MEASURE( 1.000000000000000082E-05 ), #3140, 'distance_accuracy_value', 'NONE');
#2505 = SURFACE_STYLE_USAGE ( .BOTH. , #2554 ) ;
#2506 = PRESENTATION_STYLE_ASSIGNMENT (( #3207 ) ) ;
#2507 = PRESENTATION_STYLE_ASSIGNMENT (( #3950 ) ) ;
#2508 = SURFACE_STYLE_FILL_AREA ( #2827 ) ;
#2509 =( NAMED_UNIT ( * ) PLANE_ANGLE_UNIT ( ) SI_UNIT ( $, .RADIAN. ) );
#2510 = DIMENSIONAL_EXPONENTS ( 1.000000000000000000, 0.000000000000000000, 0.000000000000000000, 0.000000000000000000, 0.000000000000000000, 0.000000000000000000, 0.000000000000000000 ) ;
#2511 = ORIENTED_EDGE ( 'NONE', *, *, #1295, .F. ) ;
#2512 = SURFACE_SIDE_STYLE ('',( #3601 ) ) ;
#2513 = COLOUR_RGB ( '',0.7490196078431372584, 0.7490196078431372584, 0.7490196078431372584 ) ;
#2514 = AXIS2_PLACEMENT_3D ( 'NONE', #4281, #3884, #1442 ) ;
#2515 = DIRECTION ( 'NONE',  ( -0.1400280084027956118, -0.1400280084028003580, -0.9801960588196076962 ) ) ;
#2516 = CIRCLE ( 'NONE', #3929, 0.03937007866682492446 ) ;
#2517 = CARTESIAN_POINT ( 'NONE',  ( -0.01749696054532673406, -0.04471601607160566316, 0.09448818897637795144 ) ) ;
#2518 =( NAMED_UNIT ( * ) SI_UNIT ( $, .STERADIAN. ) SOLID_ANGLE_UNIT ( ) );
#2519 = ORIENTED_EDGE ( 'NONE', *, *, #3153, .T. ) ;
#2520 = COLOUR_RGB ( '',0.2862745098039215508, 0.2862745098039215508, 0.2862745098039215508 ) ;
#2521 = ORIENTED_EDGE ( 'NONE', *, *, #3178, .F. ) ;
#2522 = ORIENTED_EDGE ( 'NONE', *, *, #902, .T. ) ;
#2523 =( NAMED_UNIT ( * ) PLANE_ANGLE_UNIT ( ) SI_UNIT ( $, .RADIAN. ) );
#2524 = AXIS2_PLACEMENT_3D ( 'NONE', #867, #1590, #3291 ) ;
#2525 = PRESENTATION_STYLE_ASSIGNMENT (( #3913 ) ) ;
#2526 =( GEOMETRIC_REPRESENTATION_CONTEXT ( 3 ) GLOBAL_UNCERTAINTY_ASSIGNED_CONTEXT ( ( #3618 ) ) GLOBAL_UNIT_ASSIGNED_CONTEXT ( ( #2785, #1046, #388 ) ) REPRESENTATION_CONTEXT ( 'NONE', 'WORKASPACE' ) );
#2527 = DIRECTION ( 'NONE',  ( 0.000000000000000000, -1.000000000000000000, -0.000000000000000000 ) ) ;
#2528 = ORIENTED_EDGE ( 'NONE', *, *, #2232, .F. ) ;
#2529 = MECHANICAL_DESIGN_GEOMETRIC_PRESENTATION_REPRESENTATION (  '', ( #3273 ), #3056 ) ;
#2530 =( GEOMETRIC_REPRESENTATION_CONTEXT ( 3 ) GLOBAL_UNCERTAINTY_ASSIGNED_CONTEXT ( ( #1079 ) ) GLOBAL_UNIT_ASSIGNED_CONTEXT ( ( #1756, #727, #1674 ) ) REPRESENTATION_CONTEXT ( 'NONE', 'WORKASPACE' ) );
#2531 = PRODUCT_DEFINITION_CONTEXT ( 'detailed design', #3313, 'design' ) ;
#2532 = SHAPE_REPRESENTATION ( 'Part_67', ( #3288 ), #1075 ) ;
#2533 = CARTESIAN_POINT ( 'NONE',  ( 0.04488188976377952694, -0.1102362204724421230, 0.05511811016288858944 ) ) ;
#2534 = CARTESIAN_POINT ( 'NONE',  ( -1.656129479922637774E-18, -0.05708661417322914017, 0.09448818897637795144 ) ) ;
#2535 = MECHANICAL_DESIGN_GEOMETRIC_PRESENTATION_REPRESENTATION (  '', ( #3940 ), #4159 ) ;
#2536 = FILL_AREA_STYLE_COLOUR ( '', #2748 ) ;
#2537 = ORIENTED_EDGE ( 'NONE', *, *, #2397, .T. ) ;
#2538 = AXIS2_PLACEMENT_3D ( 'NONE', #4337, #2658, #1177 ) ;
#2539 = EDGE_CURVE ( 'NONE', #4236, #4251, #2024, .T. ) ;
#2540 = SURFACE_SIDE_STYLE ('',( #1859 ) ) ;
#2541 = PRESENTATION_STYLE_ASSIGNMENT (( #786 ) ) ;
#2542 = CARTESIAN_POINT ( 'NONE',  ( -0.1087102328802070778, -0.1031984200144728386, 0.08661417322834646937 ) ) ;
#2543 = DIMENSIONAL_EXPONENTS ( 1.000000000000000000, 0.000000000000000000, 0.000000000000000000, 0.000000000000000000, 0.000000000000000000, 0.000000000000000000, 0.000000000000000000 ) ;
#2544 = DIRECTION ( 'NONE',  ( -0.000000000000000000, 1.000000000000000000, 0.000000000000000000 ) ) ;
#2545 = LENGTH_MEASURE_WITH_UNIT ( LENGTH_MEASURE( 0.02539999999999999897 ), #1839 );
#2546 = PRODUCT_DEFINITION_SHAPE ( 'NONE', 'NONE',  #2115 ) ;
#2547 = CARTESIAN_POINT ( 'NONE',  ( 0.1240157466235122380, -0.1067651494899796161, -2.507751087933991742E-17 ) ) ;
#2548 = AXIS2_PLACEMENT_3D ( 'NONE', #4524, #1108, #1406 ) ;
#2549 = VERTEX_POINT ( 'NONE', #2773 ) ;
#2550 = LENGTH_MEASURE_WITH_UNIT ( LENGTH_MEASURE( 0.02539999999999999897 ), #1469 );
#2551 = SURFACE_STYLE_FILL_AREA ( #4309 ) ;
#2552 = PLANE ( 'NONE',  #4425 ) ;
#2553 = UNCERTAINTY_MEASURE_WITH_UNIT (LENGTH_MEASURE( 1.000000000000000082E-05 ), #1286, 'distance_accuracy_value', 'NONE');
#2554 = SURFACE_SIDE_STYLE ('',( #2902 ) ) ;
#2555 =( NAMED_UNIT ( * ) PLANE_ANGLE_UNIT ( ) SI_UNIT ( $, .RADIAN. ) );
#2556 = FACE_OUTER_BOUND ( 'NONE', #2212, .T. ) ;
#2557 = DIRECTION ( 'NONE',  ( -0.000000000000000000, 1.000000000000000000, 0.000000000000000000 ) ) ;
#2558 = ADVANCED_FACE ( 'NONE', ( #2717 ), #945, .F. ) ;
#2559 = FILL_AREA_STYLE ('',( #1980 ) ) ;
#2560 = FILL_AREA_STYLE ('',( #1251 ) ) ;
#2561 = VERTEX_POINT ( 'NONE', #3779 ) ;
#2562 = ADVANCED_FACE ( 'NONE', ( #634 ), #4449, .F. ) ;
#2563 = CARTESIAN_POINT ( 'NONE',  ( -0.1178348209933563900, 0.1093559517487987659, 0.09230388373546642711 ) ) ;
#2564 = SURFACE_SIDE_STYLE ('',( #4411 ) ) ;
#2565 = ADVANCED_FACE ( 'NONE', ( #3041 ), #282, .F. ) ;
#2566 = SURFACE_SIDE_STYLE ('',( #1162 ) ) ;
#2567 = CARTESIAN_POINT ( 'NONE',  ( 0.03307087177366720837, -0.1102362204724421230, 1.707404996040164512E-17 ) ) ;
#2568 =( CONVERSION_BASED_UNIT ( 'INCH', #4299 ) LENGTH_UNIT ( ) NAMED_UNIT ( #838 ) );
#2569 = DIRECTION ( 'NONE',  ( 0.000000000000000000, 4.336808689942017736E-15, -1.000000000000000000 ) ) ;
#2570 = DIRECTION ( 'NONE',  ( 1.000000000000000000, 0.000000000000000000, 0.000000000000000000 ) ) ;
#2571 = ORIENTED_EDGE ( 'NONE', *, *, #2624, .F. ) ;
#2572 = PRESENTATION_LAYER_ASSIGNMENT (  '', '', ( #1025 ) ) ;
#2573 = LINE ( 'NONE', #817, #3108 ) ;
#2574 =( NAMED_UNIT ( * ) SI_UNIT ( $, .STERADIAN. ) SOLID_ANGLE_UNIT ( ) );
#2575 = DIMENSIONAL_EXPONENTS ( 1.000000000000000000, 0.000000000000000000, 0.000000000000000000, 0.000000000000000000, 0.000000000000000000, 0.000000000000000000, 0.000000000000000000 ) ;
#2576 = MECHANICAL_DESIGN_GEOMETRIC_PRESENTATION_REPRESENTATION (  '', ( #3241 ), #300 ) ;
#2577 = DIRECTION ( 'NONE',  ( 1.000000000000000000, 0.000000000000000000, 0.000000000000000000 ) ) ;
#2578 = ORIENTED_EDGE ( 'NONE', *, *, #26, .F. ) ;
#2579 = CYLINDRICAL_SURFACE ( 'NONE', #245, 0.01181102362204724046 ) ;
#2580 = CARTESIAN_POINT ( 'NONE',  ( -0.1082677151861153597, 0.1574802975954972539, 0.000000000000000000 ) ) ;
#2581 = FACE_OUTER_BOUND ( 'NONE', #3653, .T. ) ;
#2582 = SURFACE_STYLE_USAGE ( .BOTH. , #2282 ) ;
#2583 =( GEOMETRIC_REPRESENTATION_CONTEXT ( 3 ) GLOBAL_UNCERTAINTY_ASSIGNED_CONTEXT ( ( #678 ) ) GLOBAL_UNIT_ASSIGNED_CONTEXT ( ( #1726, #676, #353 ) ) REPRESENTATION_CONTEXT ( 'NONE', 'WORKASPACE' ) );
#2584 = EDGE_LOOP ( 'NONE', ( #4380, #944, #2371, #1946 ) ) ;
#2585 = EDGE_CURVE ( 'NONE', #3896, #1303, #1724, .T. ) ;
#2586 = CARTESIAN_POINT ( 'NONE',  ( -0.1148677646145330189, 0.1093559517487987520, 0.09459351435917276452 ) ) ;
#2587 = CARTESIAN_POINT ( 'NONE',  ( 0.08661417663097362163, 0.05905510485172283525, 0.01968503937007870172 ) ) ;
#2588 = VECTOR ( 'NONE', #4264, 39.37007874015748143 ) ;
#2589 = LENGTH_MEASURE_WITH_UNIT ( LENGTH_MEASURE( 0.02539999999999999897 ), #2619 );
#2590 = EDGE_CURVE ( 'NONE', #1906, #1054, #931, .T. ) ;
#2591 = STYLED_ITEM ( 'NONE', ( #1845 ), #2931 ) ;
#2592 = FILL_AREA_STYLE_COLOUR ( '', #1928 ) ;
#2593 = ADVANCED_FACE ( 'NONE', ( #1360 ), #2409, .F. ) ;
#2594 =( CONVERSION_BASED_UNIT ( 'INCH', #1194 ) LENGTH_UNIT ( ) NAMED_UNIT ( #3894 ) );
#2595 = CARTESIAN_POINT ( 'NONE',  ( 0.01155935289356220703, -0.02467242678128717115, 0.09842519685039370636 ) ) ;
#2596 =( LENGTH_UNIT ( ) NAMED_UNIT ( * ) SI_UNIT ( $, .METRE. ) );
#2597 =( GEOMETRIC_REPRESENTATION_CONTEXT ( 3 ) GLOBAL_UNCERTAINTY_ASSIGNED_CONTEXT ( ( #3293 ) ) GLOBAL_UNIT_ASSIGNED_CONTEXT ( ( #1113, #340, #3829 ) ) REPRESENTATION_CONTEXT ( 'NONE', 'WORKASPACE' ) );
#2598 = SURFACE_STYLE_FILL_AREA ( #428 ) ;
#2599 = UNCERTAINTY_MEASURE_WITH_UNIT (LENGTH_MEASURE( 1.000000000000000082E-05 ), #502, 'distance_accuracy_value', 'NONE');
#2600 = ORIENTED_EDGE ( 'NONE', *, *, #1583, .F. ) ;
#2601 = APPLICATION_CONTEXT ( 'automotive_design' ) ;
#2602 = VECTOR ( 'NONE', #1460, 39.37007874015748143 ) ;
#2603 = SURFACE_STYLE_FILL_AREA ( #3665 ) ;
#2604 = CARTESIAN_POINT ( 'NONE',  ( 0.000000000000000000, 0.1555117815732960651, 0.000000000000000000 ) ) ;
#2605 = CARTESIAN_POINT ( 'NONE',  ( 0.1082677151861153597, 0.1614173054695129950, 0.01968503937007870172 ) ) ;
#2606 = FILL_AREA_STYLE ('',( #1206 ) ) ;
#2607 = SURFACE_STYLE_FILL_AREA ( #4360 ) ;
#2608 = VECTOR ( 'NONE', #4407, 39.37007874015748854 ) ;
#2609 = DIMENSIONAL_EXPONENTS ( 1.000000000000000000, 0.000000000000000000, 0.000000000000000000, 0.000000000000000000, 0.000000000000000000, 0.000000000000000000, 0.000000000000000000 ) ;
#2610 = EDGE_LOOP ( 'NONE', ( #3646, #1511, #1073, #3514 ) ) ;
#2611 = FILL_AREA_STYLE_COLOUR ( '', #1885 ) ;
#2612 = ORIENTED_EDGE ( 'NONE', *, *, #3301, .T. ) ;
#2613 = CARTESIAN_POINT ( 'NONE',  ( 0.1178348209933564317, -0.1093559517487987381, 0.09230388373546642711 ) ) ;
#2614 = CARTESIAN_POINT ( 'NONE',  ( 0.01483162391825234086, -0.08812557407126429820, 0.09842519685039372024 ) ) ;
#2615 = EDGE_CURVE ( 'NONE', #2054, #3634, #743, .T. ) ;
#2616 =( GEOMETRIC_REPRESENTATION_CONTEXT ( 3 ) GLOBAL_UNCERTAINTY_ASSIGNED_CONTEXT ( ( #115 ) ) GLOBAL_UNIT_ASSIGNED_CONTEXT ( ( #811, #2030, #2740 ) ) REPRESENTATION_CONTEXT ( 'NONE', 'WORKASPACE' ) );
#2617 = MECHANICAL_DESIGN_GEOMETRIC_PRESENTATION_REPRESENTATION (  '', ( #4017 ), #3794 ) ;
#2618 = DIRECTION ( 'NONE',  ( 1.000000000000000000, -0.000000000000000000, -0.000000000000000000 ) ) ;
#2619 =( LENGTH_UNIT ( ) NAMED_UNIT ( * ) SI_UNIT ( $, .METRE. ) );
#2620 = LINE ( 'NONE', #882, #4341 ) ;
#2621 = EDGE_CURVE ( 'NONE', #1394, #2549, #1101, .T. ) ;
#2622 = DIRECTION ( 'NONE',  ( 0.000000000000000000, 0.000000000000000000, 1.000000000000000000 ) ) ;
#2623 = EDGE_LOOP ( 'NONE', ( #809, #2461, #3396, #1748 ) ) ;
#2624 = EDGE_CURVE ( 'NONE', #4408, #869, #2924, .T. ) ;
#2625 =( CONVERSION_BASED_UNIT ( 'INCH', #2172 ) LENGTH_UNIT ( ) NAMED_UNIT ( #503 ) );
#2626 = CARTESIAN_POINT ( 'NONE',  ( 0.1050208858822708896, -0.1069378805101796059, 0.09719270965501840276 ) ) ;
#2627 = CARTESIAN_POINT ( 'NONE',  ( 0.1122047230601311008, 0.05708660091471496473, 0.01968503937007870172 ) ) ;
#2628 =( GEOMETRIC_REPRESENTATION_CONTEXT ( 3 ) GLOBAL_UNCERTAINTY_ASSIGNED_CONTEXT ( ( #1422 ) ) GLOBAL_UNIT_ASSIGNED_CONTEXT ( ( #3733, #4095, #2298 ) ) REPRESENTATION_CONTEXT ( 'NONE', 'WORKASPACE' ) );
#2629 = ADVANCED_FACE ( 'NONE', ( #4331 ), #3318, .F. ) ;
#2630 = MANIFOLD_SOLID_BREP ( 'Imported1', #4146 ) ;
#2631 = PRODUCT_DEFINITION_FORMATION_WITH_SPECIFIED_SOURCE ( 'ANY', '', #2876, .NOT_KNOWN. ) ;
#2632 = LINE ( 'NONE', #4383, #3770 ) ;
#2633 = DIRECTION ( 'NONE',  ( -0.000000000000000000, -1.000000000000000000, -0.000000000000000000 ) ) ;
#2634 = CARTESIAN_POINT ( 'NONE',  ( -0.02133639050056881578, -0.05708661417322914017, 0.09448818897637796532 ) ) ;
#2635 = DIRECTION ( 'NONE',  ( 0.9938837346736190126, 0.000000000000000000, -0.1104315260748450211 ) ) ;
#2636 = ORIENTED_EDGE ( 'NONE', *, *, #3367, .F. ) ;
#2637 = ORIENTED_EDGE ( 'NONE', *, *, #1128, .F. ) ;
#2638 =( NAMED_UNIT ( * ) SI_UNIT ( $, .STERADIAN. ) SOLID_ANGLE_UNIT ( ) );
#2639 = DIRECTION ( 'NONE',  ( -1.000000000000000000, 0.000000000000000000, 0.000000000000000000 ) ) ;
#2640 =( NAMED_UNIT ( * ) PLANE_ANGLE_UNIT ( ) SI_UNIT ( $, .RADIAN. ) );
#2641 = LENGTH_MEASURE_WITH_UNIT ( LENGTH_MEASURE( 0.02539999999999999897 ), #2982 );
#2642 = DIRECTION ( 'NONE',  ( 0.000000000000000000, 0.000000000000000000, -1.000000000000000000 ) ) ;
#2643 = DIMENSIONAL_EXPONENTS ( 1.000000000000000000, 0.000000000000000000, 0.000000000000000000, 0.000000000000000000, 0.000000000000000000, 0.000000000000000000, 0.000000000000000000 ) ;
#2644 = SURFACE_SIDE_STYLE ('',( #1240 ) ) ;
#2645 = CARTESIAN_POINT ( 'NONE',  ( 0.1122047223886853268, 0.1224407207159746158, 7.460508646441843046E-11 ) ) ;
#2646 = FACE_BOUND ( 'NONE', #2715, .T. ) ;
#2647 = MECHANICAL_DESIGN_GEOMETRIC_PRESENTATION_REPRESENTATION (  '', ( #2856 ), #2068 ) ;
#2648 = EDGE_CURVE ( 'NONE', #1332, #661, #3638, .T. ) ;
#2649 = SURFACE_STYLE_USAGE ( .BOTH. , #2296 ) ;
#2650 = LINE ( 'NONE', #2241, #1138 ) ;
#2651 = LINE ( 'NONE', #2627, #461 ) ;
#2652 = MECHANICAL_DESIGN_GEOMETRIC_PRESENTATION_REPRESENTATION (  '', ( #372 ), #2002 ) ;
#2653 = UNCERTAINTY_MEASURE_WITH_UNIT (LENGTH_MEASURE( 1.000000000000000082E-05 ), #3104, 'distance_accuracy_value', 'NONE');
#2654 = MECHANICAL_DESIGN_GEOMETRIC_PRESENTATION_REPRESENTATION (  '', ( #1621 ), #3314 ) ;
#2655 = DIRECTION ( 'NONE',  ( 0.000000000000000000, -1.000000000000000000, -0.000000000000000000 ) ) ;
#2656 = CARTESIAN_POINT ( 'NONE',  ( 0.05669290775389173448, -0.1102362204724421230, -0.03543307086614220364 ) ) ;
#2657 = CARTESIAN_POINT ( 'NONE',  ( 0.02786517945796132892, -0.1128169730891517841, 0.09645669291338583584 ) ) ;
#2658 = DIRECTION ( 'NONE',  ( -0.3185010084789297036, 0.8533504650966923233, -0.4127348922942710718 ) ) ;
#2659 = ADVANCED_BREP_SHAPE_REPRESENTATION ( '', ( #1156, #3288 ), #430 ) ;
#2660 = PRESENTATION_LAYER_ASSIGNMENT (  '', '', ( #959 ) ) ;
#2661 = CARTESIAN_POINT ( 'NONE',  ( 0.000000000000000000, -0.05708661417322914017, 0.09645669291338584972 ) ) ;
#2662 = ORIENTED_EDGE ( 'NONE', *, *, #1115, .F. ) ;
#2663 = AXIS2_PLACEMENT_3D ( 'NONE', #2929, #1154, #2635 ) ;
#2664 =( LENGTH_UNIT ( ) NAMED_UNIT ( * ) SI_UNIT ( $, .METRE. ) );
#2665 = ORIENTED_EDGE ( 'NONE', *, *, #3240, .T. ) ;
#2666 = DIRECTION ( 'NONE',  ( -0.000000000000000000, -0.000000000000000000, -1.000000000000000000 ) ) ;
#2667 = CARTESIAN_POINT ( 'NONE',  ( 0.04488188976377952694, -0.1102362204724421230, 0.05511811016288858944 ) ) ;
#2668 =( GEOMETRIC_REPRESENTATION_CONTEXT ( 3 ) GLOBAL_UNCERTAINTY_ASSIGNED_CONTEXT ( ( #3390 ) ) GLOBAL_UNIT_ASSIGNED_CONTEXT ( ( #3673, #3397, #1210 ) ) REPRESENTATION_CONTEXT ( 'NONE', 'WORKASPACE' ) );
#2669 = MANIFOLD_SOLID_BREP ( 'Imported1', #3918 ) ;
#2670 = CARTESIAN_POINT ( 'NONE',  ( -0.02133639050056881578, -0.05708661417322914017, 0.09448818897637796532 ) ) ;
#2671 = MECHANICAL_DESIGN_GEOMETRIC_PRESENTATION_REPRESENTATION (  '', ( #2591 ), #1642 ) ;
#2672 = DIMENSIONAL_EXPONENTS ( 1.000000000000000000, 0.000000000000000000, 0.000000000000000000, 0.000000000000000000, 0.000000000000000000, 0.000000000000000000, 0.000000000000000000 ) ;
#2673 = CARTESIAN_POINT ( 'NONE',  ( 0.05669290775389173448, -0.2314960629921287427, 0.04527559051451535838 ) ) ;
#2674 = MECHANICAL_DESIGN_GEOMETRIC_PRESENTATION_REPRESENTATION (  '', ( #1345 ), #1275 ) ;
#2675 = ORIENTED_EDGE ( 'NONE', *, *, #749, .T. ) ;
#2676 = FACE_OUTER_BOUND ( 'NONE', #107, .T. ) ;
#2677 = STYLED_ITEM ( 'NONE', ( #3874 ), #234 ) ;
#2678 = DIRECTION ( 'NONE',  ( 1.224646799147353207E-16, 1.000000000000000000, 0.000000000000000000 ) ) ;
#2679 = DIRECTION ( 'NONE',  ( 1.000000000000000000, -0.000000000000000000, 0.000000000000000000 ) ) ;
#2680 = LINE ( 'NONE', #1644, #4203 ) ;
#2681 = EDGE_CURVE ( 'NONE', #2110, #1332, #1986, .T. ) ;
#2682 = VECTOR ( 'NONE', #2266, 39.37007874015748854 ) ;
#2683 = DIRECTION ( 'NONE',  ( 0.000000000000000000, 0.000000000000000000, -1.000000000000000000 ) ) ;
#2684 = ORIENTED_EDGE ( 'NONE', *, *, #1952, .F. ) ;
#2685 = EDGE_CURVE ( 'NONE', #435, #2428, #376, .T. ) ;
#2686 = VECTOR ( 'NONE', #2297, 39.37007874015748854 ) ;
#2687 =( GEOMETRIC_REPRESENTATION_CONTEXT ( 3 ) GLOBAL_UNCERTAINTY_ASSIGNED_CONTEXT ( ( #402 ) ) GLOBAL_UNIT_ASSIGNED_CONTEXT ( ( #1914, #2228, #1831 ) ) REPRESENTATION_CONTEXT ( 'NONE', 'WORKASPACE' ) );
#2688 = LENGTH_MEASURE_WITH_UNIT ( LENGTH_MEASURE( 0.02539999999999999897 ), #2664 );
#2689 = B_SPLINE_CURVE_WITH_KNOTS ( 'NONE', 3,
 ( #3124, #1116, #4256, #3935, #1026, #1741, #3856, #4533, #2423, #1370, #1436, #2447, #4186, #1716, #1094, #2163, #689, #3519, #343, #3560, #364, #1461, #4277, #2517, #3166, #2189, #1760, #2470, #3878, #1 ),
 .UNSPECIFIED., .F., .F.,
 ( 4, 1, 2, 2, 2, 1, 2, 2, 2, 1, 2, 2, 2, 1, 2, 2, 4 ),
 ( 0.000000000000000000, 0.03125000000000024980, 0.04687500000000027756, 0.06250000000000030531, 0.1250000000000004163, 0.1562500000000004718, 0.1718750000000004718, 0.1875000000000004996, 0.2500000000000004441, 0.2812500000000003886, 0.2968750000000003886, 0.3125000000000003331, 0.3750000000000002776, 0.4062500000000002220, 0.4218750000000002776, 0.4375000000000002220, 0.5000000000000000000 ),
 .UNSPECIFIED. ) ;
#2690 = CARTESIAN_POINT ( 'NONE',  ( -0.1129025725955116327, -0.09635974510411657312, 0.1036808280406893157 ) ) ;
#2691 = VERTEX_POINT ( 'NONE', #3595 ) ;
#2692 = EDGE_CURVE ( 'NONE', #3860, #143, #3227, .T. ) ;
#2693 = STYLED_ITEM ( 'NONE', ( #1956 ), #1241 ) ;
#2694 = PRESENTATION_STYLE_ASSIGNMENT (( #1281 ) ) ;
#2695 =( NAMED_UNIT ( * ) SI_UNIT ( $, .STERADIAN. ) SOLID_ANGLE_UNIT ( ) );
#2696 = CARTESIAN_POINT ( 'NONE',  ( 0.03439396841535381083, 0.01170132265747846935, 0.09842519685039372024 ) ) ;
#2697 = AXIS2_PLACEMENT_3D ( 'NONE', #1130, #2878, #3576 ) ;
#2698 = VECTOR ( 'NONE', #1397, 39.37007874015748143 ) ;
#2699 = PRESENTATION_LAYER_ASSIGNMENT (  '', '', ( #919 ) ) ;
#2700 =( LENGTH_UNIT ( ) NAMED_UNIT ( * ) SI_UNIT ( $, .METRE. ) );
#2701 =( NAMED_UNIT ( * ) PLANE_ANGLE_UNIT ( ) SI_UNIT ( $, .RADIAN. ) );
#2702 = UNCERTAINTY_MEASURE_WITH_UNIT (LENGTH_MEASURE( 1.000000000000000082E-05 ), #2905, 'distance_accuracy_value', 'NONE');
#2703 = ORIENTED_EDGE ( 'NONE', *, *, #1989, .F. ) ;
#2704 = CARTESIAN_POINT ( 'NONE',  ( 0.03439396841535381083, -0.1258745510039367410, 0.09842519685039372024 ) ) ;
#2705 = DIMENSIONAL_EXPONENTS ( 1.000000000000000000, 0.000000000000000000, 0.000000000000000000, 0.000000000000000000, 0.000000000000000000, 0.000000000000000000, 0.000000000000000000 ) ;
#2706 = ORIENTED_EDGE ( 'NONE', *, *, #1525, .F. ) ;
#2707 = ADVANCED_FACE ( 'NONE', ( #2221 ), #43, .T. ) ;
#2708 = CARTESIAN_POINT ( 'NONE',  ( 0.05669290775389173448, -0.1102362204724421230, 0.03543307086614220364 ) ) ;
#2709 = APPLICATION_PROTOCOL_DEFINITION ( 'draft international standard', 'automotive_design', 1998, #1193 ) ;
#2710 = VERTEX_POINT ( 'NONE', #2278 ) ;
#2711 = CARTESIAN_POINT ( 'NONE',  ( 0.1202221624595166405, 0.1029596173691314370, 0.09539756035398330725 ) ) ;
#2712 = SURFACE_SIDE_STYLE ('',( #4547 ) ) ;
#2713 = FACE_OUTER_BOUND ( 'NONE', #4067, .T. ) ;
#2714 = AXIS2_PLACEMENT_3D ( 'NONE', #295, #1941, #4246 ) ;
#2715 = EDGE_LOOP ( 'NONE', ( #4097, #1280 ) ) ;
#2716 = SURFACE_SIDE_STYLE ('',( #4122 ) ) ;
#2717 = FACE_OUTER_BOUND ( 'NONE', #3507, .T. ) ;
#2718 = STYLED_ITEM ( 'NONE', ( #1402 ), #3385 ) ;
#2719 = LENGTH_MEASURE_WITH_UNIT ( LENGTH_MEASURE( 0.02539999999999999897 ), #3485 );
#2720 = AXIS2_PLACEMENT_3D ( 'NONE', #3406, #4005, #1530 ) ;
#2721 = ORIENTED_EDGE ( 'NONE', *, *, #1745, .F. ) ;
#2722 = SURFACE_STYLE_FILL_AREA ( #1318 ) ;
#2723 =( GEOMETRIC_REPRESENTATION_CONTEXT ( 3 ) GLOBAL_UNCERTAINTY_ASSIGNED_CONTEXT ( ( #1298 ) ) GLOBAL_UNIT_ASSIGNED_CONTEXT ( ( #542, #2640, #4340 ) ) REPRESENTATION_CONTEXT ( 'NONE', 'WORKASPACE' ) );
#2724 = DIRECTION ( 'NONE',  ( 0.000000000000000000, 0.000000000000000000, 1.000000000000000000 ) ) ;
#2725 = ORIENTED_EDGE ( 'NONE', *, *, #1663, .T. ) ;
#2726 = DIRECTION ( 'NONE',  ( -1.000000000000000000, 0.000000000000000000, 0.000000000000000000 ) ) ;
#2727 = DIMENSIONAL_EXPONENTS ( 1.000000000000000000, 0.000000000000000000, 0.000000000000000000, 0.000000000000000000, 0.000000000000000000, 0.000000000000000000, 0.000000000000000000 ) ;
#2728 =( GEOMETRIC_REPRESENTATION_CONTEXT ( 3 ) GLOBAL_UNCERTAINTY_ASSIGNED_CONTEXT ( ( #3086 ) ) GLOBAL_UNIT_ASSIGNED_CONTEXT ( ( #285, #2755, #4125 ) ) REPRESENTATION_CONTEXT ( 'NONE', 'WORKASPACE' ) );
#2729 =( NAMED_UNIT ( * ) SI_UNIT ( $, .STERADIAN. ) SOLID_ANGLE_UNIT ( ) );
#2730 = CARTESIAN_POINT ( 'NONE',  ( 0.03307087177366720837, -0.1689363388041381919, -0.05511811016288858944 ) ) ;
#2731 =( NAMED_UNIT ( * ) SI_UNIT ( $, .STERADIAN. ) SOLID_ANGLE_UNIT ( ) );
#2732 = FILL_AREA_STYLE_COLOUR ( '', #895 ) ;
#2733 =( NAMED_UNIT ( * ) SI_UNIT ( $, .STERADIAN. ) SOLID_ANGLE_UNIT ( ) );
#2734 =( GEOMETRIC_REPRESENTATION_CONTEXT ( 3 ) GLOBAL_UNCERTAINTY_ASSIGNED_CONTEXT ( ( #1172 ) ) GLOBAL_UNIT_ASSIGNED_CONTEXT ( ( #970, #4099, #995 ) ) REPRESENTATION_CONTEXT ( 'NONE', 'WORKASPACE' ) );
#2735 = MECHANICAL_DESIGN_GEOMETRIC_PRESENTATION_REPRESENTATION (  '', ( #1559 ), #978 ) ;
#2736 = ORIENTED_EDGE ( 'NONE', *, *, #749, .F. ) ;
#2737 = DIRECTION ( 'NONE',  ( -1.000000000000000000, -0.000000000000000000, -0.000000000000000000 ) ) ;
#2738 = SURFACE_STYLE_USAGE ( .BOTH. , #947 ) ;
#2739 = CARTESIAN_POINT ( 'NONE',  ( 0.01301173309109595298, -0.07424497379856455359, 0.09448818897637796532 ) ) ;
#2740 =( NAMED_UNIT ( * ) SI_UNIT ( $, .STERADIAN. ) SOLID_ANGLE_UNIT ( ) );
#2741 = DIRECTION ( 'NONE',  ( 0.000000000000000000, 5.551115123125769883E-16, 1.000000000000000000 ) ) ;
#2742 =( LENGTH_UNIT ( ) NAMED_UNIT ( * ) SI_UNIT ( $, .METRE. ) );
#2743 =( GEOMETRIC_REPRESENTATION_CONTEXT ( 3 ) GLOBAL_UNCERTAINTY_ASSIGNED_CONTEXT ( ( #3889 ) ) GLOBAL_UNIT_ASSIGNED_CONTEXT ( ( #1601, #4410, #2638 ) ) REPRESENTATION_CONTEXT ( 'NONE', 'WORKASPACE' ) );
#2744 = VERTEX_POINT ( 'NONE', #1616 ) ;
#2745 = MECHANICAL_DESIGN_GEOMETRIC_PRESENTATION_REPRESENTATION (  '', ( #677 ), #4079 ) ;
#2746 = EDGE_CURVE ( 'NONE', #3135, #2561, #1944, .T. ) ;
#2747 = LENGTH_MEASURE_WITH_UNIT ( LENGTH_MEASURE( 0.02539999999999999897 ), #3747 );
#2748 = COLOUR_RGB ( '',0.8313725490196077761, 0.8313725490196077761, 0.8313725490196077761 ) ;
#2749 = FACE_OUTER_BOUND ( 'NONE', #3778, .T. ) ;
#2750 = DIRECTION ( 'NONE',  ( 0.000000000000000000, -0.4472135954999579277, -0.8944271909999158554 ) ) ;
#2751 = ORIENTED_EDGE ( 'NONE', *, *, #3700, .T. ) ;
#2752 = COLOUR_RGB ( '',0.2862745098039215508, 0.2862745098039215508, 0.2862745098039215508 ) ;
#2753 = EDGE_CURVE ( 'NONE', #3184, #869, #2301, .T. ) ;
#2754 = DIRECTION ( 'NONE',  ( -0.000000000000000000, 1.000000000000000000, 0.000000000000000000 ) ) ;
#2755 =( NAMED_UNIT ( * ) PLANE_ANGLE_UNIT ( ) SI_UNIT ( $, .RADIAN. ) );
#2756 = PRODUCT_DEFINITION_CONTEXT ( 'detailed design', #3030, 'design' ) ;
#2757 = FACE_OUTER_BOUND ( 'NONE', #4373, .T. ) ;
#2758 = CARTESIAN_POINT ( 'NONE',  ( 0.1279527544975275766, 0.000000000000000000, 0.03543307086614167628 ) ) ;
#2759 = CARTESIAN_POINT ( 'NONE',  ( -0.02599530985813516132, -0.07973378465291522388, 0.09842519685039372024 ) ) ;
#2760 =( LENGTH_UNIT ( ) NAMED_UNIT ( * ) SI_UNIT ( $, .METRE. ) );
#2761 = VECTOR ( 'NONE', #1463, 39.37007874015748143 ) ;
#2762 = DIRECTION ( 'NONE',  ( 0.000000000000000000, 0.000000000000000000, 1.000000000000000000 ) ) ;
#2763 = CARTESIAN_POINT ( 'NONE',  ( -0.1122047223886853268, 0.1224407207159746158, 7.460508652955076114E-11 ) ) ;
#2764 =( REPRESENTATION_RELATIONSHIP ('NONE','NONE', #1735, #2501 ) REPRESENTATION_RELATIONSHIP_WITH_TRANSFORMATION ( #1254 )SHAPE_REPRESENTATION_RELATIONSHIP( ) );
#2765 = SURFACE_STYLE_USAGE ( .BOTH. , #1369 ) ;
#2766 =( NAMED_UNIT ( * ) SI_UNIT ( $, .STERADIAN. ) SOLID_ANGLE_UNIT ( ) );
#2767 = DIRECTION ( 'NONE',  ( 0.1097642599896889448, 0.1097642599896889448, -0.9878783399072135207 ) ) ;
#2768 = FILL_AREA_STYLE_COLOUR ( '', #2192 ) ;
#2769 = ORIENTED_EDGE ( 'NONE', *, *, #537, .T. ) ;
#2770 = EDGE_CURVE ( 'NONE', #4545, #1657, #2632, .T. ) ;
#2771 = EDGE_LOOP ( 'NONE', ( #4457, #505, #2684, #2429, #824 ) ) ;
#2772 = CARTESIAN_POINT ( 'NONE',  ( 0.1122047223886853268, 0.1224407207159746158, 7.460508646441843046E-11 ) ) ;
#2773 = CARTESIAN_POINT ( 'NONE',  ( -0.08661417663097362163, 0.1614173054695129950, 0.000000000000000000 ) ) ;
#2774 = DIRECTION ( 'NONE',  ( 0.000000000000000000, 0.000000000000000000, -1.000000000000000000 ) ) ;
#2775 = DIRECTION ( 'NONE',  ( 0.000000000000000000, 0.000000000000000000, 1.000000000000000000 ) ) ;
#2776 = FILL_AREA_STYLE_COLOUR ( '', #368 ) ;
#2777 =( NAMED_UNIT ( * ) SI_UNIT ( $, .STERADIAN. ) SOLID_ANGLE_UNIT ( ) );
#2778 = AXIS2_PLACEMENT_3D ( 'NONE', #3650, #501, #1911 ) ;
#2779 = ORIENTED_EDGE ( 'NONE', *, *, #1377, .T. ) ;
#2780 = CARTESIAN_POINT ( 'NONE',  ( 0.08661417663097362163, 0.1614173054695129950, 0.000000000000000000 ) ) ;
#2781 = MECHANICAL_DESIGN_GEOMETRIC_PRESENTATION_REPRESENTATION (  '', ( #959 ), #1694 ) ;
#2782 = COLOUR_RGB ( '',0.8313725490196077761, 0.8313725490196077761, 0.8313725490196077761 ) ;
#2783 =( GEOMETRIC_REPRESENTATION_CONTEXT ( 3 ) GLOBAL_UNCERTAINTY_ASSIGNED_CONTEXT ( ( #3048 ) ) GLOBAL_UNIT_ASSIGNED_CONTEXT ( ( #872, #1524, #1981 ) ) REPRESENTATION_CONTEXT ( 'NONE', 'WORKASPACE' ) );
#2784 = LINE ( 'NONE', #1551, #176 ) ;
#2785 =( CONVERSION_BASED_UNIT ( 'INCH', #1068 ) LENGTH_UNIT ( ) NAMED_UNIT ( #3254 ) );
#2786 =( NAMED_UNIT ( * ) PLANE_ANGLE_UNIT ( ) SI_UNIT ( $, .RADIAN. ) );
#2787 = DIRECTION ( 'NONE',  ( -1.000000000000000000, 0.000000000000000000, -0.000000000000000000 ) ) ;
#2788 = CARTESIAN_POINT ( 'NONE',  ( -0.1139011624204878947, -0.1229527891282499591, 0.07798148781120609052 ) ) ;
#2789 =( NAMED_UNIT ( * ) SI_UNIT ( $, .STERADIAN. ) SOLID_ANGLE_UNIT ( ) );
#2790 = VERTEX_POINT ( 'NONE', #190 ) ;
#2791 = ORIENTED_EDGE ( 'NONE', *, *, #1454, .T. ) ;
#2792 = EDGE_LOOP ( 'NONE', ( #2706, #1417, #319, #2989 ) ) ;
#2793 = DIRECTION ( 'NONE',  ( 1.000000000000000000, 0.000000000000000000, -0.000000000000000000 ) ) ;
#2794 = DIRECTION ( 'NONE',  ( 0.9899494936611668017, 0.000000000000000000, 0.1414213562373083100 ) ) ;
#2795 = EDGE_CURVE ( 'NONE', #2352, #1011, #1520, .T. ) ;
#2796 = DIRECTION ( 'NONE',  ( 0.000000000000000000, 0.000000000000000000, -1.000000000000000000 ) ) ;
#2797 =( GEOMETRIC_REPRESENTATION_CONTEXT ( 3 ) GLOBAL_UNCERTAINTY_ASSIGNED_CONTEXT ( ( #2320 ) ) GLOBAL_UNIT_ASSIGNED_CONTEXT ( ( #4148, #3082, #994 ) ) REPRESENTATION_CONTEXT ( 'NONE', 'WORKASPACE' ) );
#2798 = CARTESIAN_POINT ( 'NONE',  ( -0.01876163893795847540, -0.06766767105792564907, 0.09448818897637797920 ) ) ;
#2799 = LINE ( 'NONE', #4221, #3123 ) ;
#2800 = FILL_AREA_STYLE ('',( #2776 ) ) ;
#2801 = DIRECTION ( 'NONE',  ( 0.1104315260748450073, 0.000000000000000000, -0.9938837346736191236 ) ) ;
#2802 =( GEOMETRIC_REPRESENTATION_CONTEXT ( 3 ) GLOBAL_UNCERTAINTY_ASSIGNED_CONTEXT ( ( #1823 ) ) GLOBAL_UNIT_ASSIGNED_CONTEXT ( ( #2594, #908, #2731 ) ) REPRESENTATION_CONTEXT ( 'NONE', 'WORKASPACE' ) );
#2803 = FACE_OUTER_BOUND ( 'NONE', #4241, .T. ) ;
#2804 = PRODUCT_DEFINITION ( 'UNKNOWN', '', #3956, #2126 ) ;
#2805 =( GEOMETRIC_REPRESENTATION_CONTEXT ( 3 ) GLOBAL_UNCERTAINTY_ASSIGNED_CONTEXT ( ( #1537 ) ) GLOBAL_UNIT_ASSIGNED_CONTEXT ( ( #2960, #1942, #3606 ) ) REPRESENTATION_CONTEXT ( 'NONE', 'WORKASPACE' ) );
#2806 = PLANE ( 'NONE',  #651 ) ;
#2807 = EDGE_CURVE ( 'NONE', #4147, #2790, #791, .T. ) ;
#2808 =( GEOMETRIC_REPRESENTATION_CONTEXT ( 3 ) GLOBAL_UNCERTAINTY_ASSIGNED_CONTEXT ( ( #1227 ) ) GLOBAL_UNIT_ASSIGNED_CONTEXT ( ( #1022, #3185, #3806 ) ) REPRESENTATION_CONTEXT ( 'NONE', 'WORKASPACE' ) );
#2809 = DIRECTION ( 'NONE',  ( 1.000000000000000000, 0.000000000000000000, 0.000000000000000000 ) ) ;
#2810 = CARTESIAN_POINT ( 'NONE',  ( -0.1087102328802070778, -0.1031984200144728525, 0.08661417322834646937 ) ) ;
#2811 =( NAMED_UNIT ( * ) PLANE_ANGLE_UNIT ( ) SI_UNIT ( $, .RADIAN. ) );
#2812 = AXIS2_PLACEMENT_3D ( 'NONE', #668, #2098, #650 ) ;
#2813 =( LENGTH_UNIT ( ) NAMED_UNIT ( * ) SI_UNIT ( $, .METRE. ) );
#2814 = ORIENTED_EDGE ( 'NONE', *, *, #4253, .F. ) ;
#2815 = DIRECTION ( 'NONE',  ( -0.1400280084027994421, 0.1400280084028004135, 0.9801960588196071411 ) ) ;
#2816 = AXIS2_PLACEMENT_3D ( 'NONE', #2124, #1102, #2794 ) ;
#2817 = EDGE_LOOP ( 'NONE', ( #1615, #693, #2721, #3822, #2215 ) ) ;
#2818 =( NAMED_UNIT ( * ) SI_UNIT ( $, .STERADIAN. ) SOLID_ANGLE_UNIT ( ) );
#2819 = CARTESIAN_POINT ( 'NONE',  ( 0.1148677646145330328, -0.1093559517487987243, 0.09459351435917269513 ) ) ;
#2820 = VECTOR ( 'NONE', #3340, 39.37007874015748143 ) ;
#2821 = VECTOR ( 'NONE', #1077, 39.37007874015748143 ) ;
#2822 = EDGE_LOOP ( 'NONE', ( #2522, #3244, #3483, #3195 ) ) ;
#2823 = LINE ( 'NONE', #3919, #4304 ) ;
#2824 = CARTESIAN_POINT ( 'NONE',  ( -0.1087102328802070778, 0.1031984200144728386, 0.08661417322834646937 ) ) ;
#2825 = DIRECTION ( 'NONE',  ( 1.000000000000000000, 0.000000000000000000, -0.000000000000000000 ) ) ;
#2826 = DIRECTION ( 'NONE',  ( -0.9938837346736190126, 0.000000000000000000, -0.1104315260748449379 ) ) ;
#2827 = FILL_AREA_STYLE ('',( #69 ) ) ;
#2828 = ITEM_DEFINED_TRANSFORMATION ( 'NONE', 'NONE', #3954,  #3288 ) ;
#2829 = DIMENSIONAL_EXPONENTS ( 1.000000000000000000, 0.000000000000000000, 0.000000000000000000, 0.000000000000000000, 0.000000000000000000, 0.000000000000000000, 0.000000000000000000 ) ;
#2830 = ORIENTED_EDGE ( 'NONE', *, *, #630, .T. ) ;
#2831 = PLANE ( 'NONE',  #3163 ) ;
#2832 = DIRECTION ( 'NONE',  ( 0.000000000000000000, 1.000000000000000000, 0.000000000000000000 ) ) ;
#2833 = DIRECTION ( 'NONE',  ( -0.1400280084028000249, -0.1400280084028000249, -0.9801960588196071411 ) ) ;
#2834 = ADVANCED_FACE ( 'NONE', ( #2676 ), #2579, .T. ) ;
#2835 = ORIENTED_EDGE ( 'NONE', *, *, #834, .F. ) ;
#2836 = DIRECTION ( 'NONE',  ( 1.000000000000000000, 0.000000000000000000, -0.000000000000000000 ) ) ;
#2837 = CARTESIAN_POINT ( 'NONE',  ( -0.1083750633130067254, -0.1084901687106427925, 0.09781377893776740939 ) ) ;
#2838 = CARTESIAN_POINT ( 'NONE',  ( 0.03307087177366720837, -0.2158513303330307220, 0.02755905508531492076 ) ) ;
#2839 = LINE ( 'NONE', #1762, #3350 ) ;
#2840 = SURFACE_STYLE_FILL_AREA ( #2862 ) ;
#2841 = EDGE_LOOP ( 'NONE', ( #3197, #1493, #1031, #1783 ) ) ;
#2842 = CARTESIAN_POINT ( 'NONE',  ( 0.08661417663097362163, 0.1614173054695129950, 0.01968503937007870172 ) ) ;
#2843 = ORIENTED_EDGE ( 'NONE', *, *, #2139, .T. ) ;
#2844 = CARTESIAN_POINT ( 'NONE',  ( 0.02097000517896509264, -0.02942033023735574418, 0.09842519685039370636 ) ) ;
#2845 = SURFACE_SIDE_STYLE ('',( #3149 ) ) ;
#2846 = LINE ( 'NONE', #3221, #997 ) ;
#2847 = UNCERTAINTY_MEASURE_WITH_UNIT (LENGTH_MEASURE( 1.000000000000000082E-05 ), #1289, 'distance_accuracy_value', 'NONE');
#2848 =( BOUNDED_CURVE ( )  B_SPLINE_CURVE ( 3, ( #1954, #119, #870, #2279 ),
 .UNSPECIFIED., .F., .T. ) 
 B_SPLINE_CURVE_WITH_KNOTS ( ( 4, 4 ),
 ( 5.505838203312681145, 7.060530503368556587 ),
 .UNSPECIFIED. ) 
 CURVE ( )  GEOMETRIC_REPRESENTATION_ITEM ( )  RATIONAL_B_SPLINE_CURVE ( ( 1.000000000000000000, 0.8085182869576381659, 0.8085182869576381659, 1.000000000000000000 ) ) 
 REPRESENTATION_ITEM ( '' )  );
#2849 = DIRECTION ( 'NONE',  ( 0.9899494936611668017, 0.000000000000000000, 0.1414213562373083100 ) ) ;
#2850 = DIRECTION ( 'NONE',  ( -1.000000000000000000, -0.000000000000000000, 0.000000000000000000 ) ) ;
#2851 = LENGTH_MEASURE_WITH_UNIT ( LENGTH_MEASURE( 0.02539999999999999897 ), #2180 );
#2852 = CARTESIAN_POINT ( 'NONE',  ( 0.03307087177366720837, -0.2041500076755514148, 0.03335486593177153930 ) ) ;
#2853 = DIRECTION ( 'NONE',  ( 0.000000000000000000, 0.000000000000000000, 1.000000000000000000 ) ) ;
#2854 = ORIENTED_EDGE ( 'NONE', *, *, #4253, .T. ) ;
#2855 = EDGE_LOOP ( 'NONE', ( #2830, #397, #1291, #3839 ) ) ;
#2856 = STYLED_ITEM ( 'NONE', ( #2280 ), #3464 ) ;
#2857 = LINE ( 'NONE', #648, #2971 ) ;
#2858 = DIMENSIONAL_EXPONENTS ( 1.000000000000000000, 0.000000000000000000, 0.000000000000000000, 0.000000000000000000, 0.000000000000000000, 0.000000000000000000, 0.000000000000000000 ) ;
#2859 =( LENGTH_UNIT ( ) NAMED_UNIT ( * ) SI_UNIT ( $, .METRE. ) );
#2860 =( NAMED_UNIT ( * ) SI_UNIT ( $, .STERADIAN. ) SOLID_ANGLE_UNIT ( ) );
#2861 = CARTESIAN_POINT ( 'NONE',  ( 0.05669290775389173448, -0.1689363388041381919, 0.01574803149606350539 ) ) ;
#2862 = FILL_AREA_STYLE ('',( #2768 ) ) ;
#2863 = STYLED_ITEM ( 'NONE', ( #2541 ), #3975 ) ;
#2864 = ORIENTED_EDGE ( 'NONE', *, *, #927, .T. ) ;
#2865 = ORIENTED_EDGE ( 'NONE', *, *, #1191, .T. ) ;
#2866 = ORIENTED_EDGE ( 'NONE', *, *, #3982, .F. ) ;
#2867 =( GEOMETRIC_REPRESENTATION_CONTEXT ( 3 ) GLOBAL_UNCERTAINTY_ASSIGNED_CONTEXT ( ( #3461 ) ) GLOBAL_UNIT_ASSIGNED_CONTEXT ( ( #1661, #1312, #2049 ) ) REPRESENTATION_CONTEXT ( 'NONE', 'WORKASPACE' ) );
#2868 = STYLED_ITEM ( 'NONE', ( #1133 ), #4138 ) ;
#2869 = ADVANCED_FACE ( 'NONE', ( #890 ), #3102, .T. ) ;
#2870 = CARTESIAN_POINT ( 'NONE',  ( 0.1122047223886853268, 0.1224407207159746158, 7.460508646441843046E-11 ) ) ;
#2871 = CARTESIAN_POINT ( 'NONE',  ( -0.1122047223886853268, 0.1224407207159746158, 7.460508652955076114E-11 ) ) ;
#2872 =( NAMED_UNIT ( * ) PLANE_ANGLE_UNIT ( ) SI_UNIT ( $, .RADIAN. ) );
#2873 = UNCERTAINTY_MEASURE_WITH_UNIT (LENGTH_MEASURE( 1.000000000000000082E-05 ), #180, 'distance_accuracy_value', 'NONE');
#2874 = EDGE_CURVE ( 'NONE', #183, #3135, #3497, .T. ) ;
#2875 = VECTOR ( 'NONE', #3649, 39.37007874015748143 ) ;
#2876 = PRODUCT ( 'TLS850C2TEV50ATMA1', 'TLS850C2TEV50ATMA1', '', ( #1452 ) ) ;
#2877 = SURFACE_SIDE_STYLE ('',( #4313 ) ) ;
#2878 = DIRECTION ( 'NONE',  ( -1.000000000000000000, 0.000000000000000000, 0.000000000000000000 ) ) ;
#2879 = DIRECTION ( 'NONE',  ( -0.1400280084028000249, 0.1400280084028000249, -0.9801960588196071411 ) ) ;
#2880 = CARTESIAN_POINT ( 'NONE',  ( -0.1122769623557134527, -0.1185039337577782487, -1.360588356219506076E-17 ) ) ;
#2881 = PRESENTATION_LAYER_ASSIGNMENT (  '', '', ( #3103 ) ) ;
#2882 =( NAMED_UNIT ( * ) SI_UNIT ( $, .STERADIAN. ) SOLID_ANGLE_UNIT ( ) );
#2883 = SURFACE_STYLE_USAGE ( .BOTH. , #814 ) ;
#2884 = CARTESIAN_POINT ( 'NONE',  ( 0.000000000000000000, 0.000000000000000000, 0.000000000000000000 ) ) ;
#2885 = VERTEX_POINT ( 'NONE', #4484 ) ;
#2886 = CARTESIAN_POINT ( 'NONE',  ( -0.1198785008695568699, 0.1069378805101796198, 0.08572732244063113738 ) ) ;
#2887 = CARTESIAN_POINT ( 'NONE',  ( -0.01181101799011228387, -0.1102362204724421230, 0.05511811016288858944 ) ) ;
#2888 = COLOUR_RGB ( '',0.2862745098039215508, 0.2862745098039215508, 0.2862745098039215508 ) ;
#2889 = LINE ( 'NONE', #4366, #2379 ) ;
#2890 = VERTEX_POINT ( 'NONE', #342 ) ;
#2891 = CIRCLE ( 'NONE', #4517, 0.01181102362204724046 ) ;
#2892 = EDGE_CURVE ( 'NONE', #3272, #3363, #1739, .T. ) ;
#2893 = ORIENTED_EDGE ( 'NONE', *, *, #2016, .T. ) ;
#2894 = CARTESIAN_POINT ( 'NONE',  ( 0.005397431752821445217, -0.02299218667766726384, 0.09842519685039372024 ) ) ;
#2895 =( GEOMETRIC_REPRESENTATION_CONTEXT ( 3 ) GLOBAL_UNCERTAINTY_ASSIGNED_CONTEXT ( ( #3574 ) ) GLOBAL_UNIT_ASSIGNED_CONTEXT ( ( #3143, #2495, #2789 ) ) REPRESENTATION_CONTEXT ( 'NONE', 'WORKASPACE' ) );
#2896 = PRESENTATION_LAYER_ASSIGNMENT (  '', '', ( #326 ) ) ;
#2897 = DIMENSIONAL_EXPONENTS ( 1.000000000000000000, 0.000000000000000000, 0.000000000000000000, 0.000000000000000000, 0.000000000000000000, 0.000000000000000000, 0.000000000000000000 ) ;
#2898 = PLANE ( 'NONE',  #921 ) ;
#2899 =( LENGTH_UNIT ( ) NAMED_UNIT ( * ) SI_UNIT ( $, .METRE. ) );
#2900 = ADVANCED_FACE ( 'NONE', ( #4184 ), #1353, .F. ) ;
#2901 = AXIS2_PLACEMENT_3D ( 'NONE', #790, #1192, #2211 ) ;
#2902 = SURFACE_STYLE_FILL_AREA ( #1150 ) ;
#2903 = CIRCLE ( 'NONE', #1889, 0.01181102362204724393 ) ;
#2904 = SURFACE_STYLE_USAGE ( .BOTH. , #4333 ) ;
#2905 =( CONVERSION_BASED_UNIT ( 'INCH', #3968 ) LENGTH_UNIT ( ) NAMED_UNIT ( #4377 ) );
#2906 =( NAMED_UNIT ( * ) PLANE_ANGLE_UNIT ( ) SI_UNIT ( $, .RADIAN. ) );
#2907 = CIRCLE ( 'NONE', #2697, 0.01968503937007870866 ) ;
#2908 = STYLED_ITEM ( 'NONE', ( #213 ), #1252 ) ;
#2909 = CARTESIAN_POINT ( 'NONE',  ( 0.1162589478739076976, 0.1224394518624393607, 0.03544349925162156717 ) ) ;
#2910 = DIRECTION ( 'NONE',  ( -1.000000000000000000, 0.000000000000000000, 0.000000000000000000 ) ) ;
#2911 = EDGE_LOOP ( 'NONE', ( #170, #2637, #281, #3542 ) ) ;
#2912 = MECHANICAL_DESIGN_GEOMETRIC_PRESENTATION_REPRESENTATION (  '', ( #3851 ), #3117 ) ;
#2913 =( NAMED_UNIT ( * ) PLANE_ANGLE_UNIT ( ) SI_UNIT ( $, .RADIAN. ) );
#2914 = CARTESIAN_POINT ( 'NONE',  ( -0.1148677646145330328, 0.1093559517487987937, 0.09459351435917276452 ) ) ;
#2915 =( CONVERSION_BASED_UNIT ( 'INCH', #1161 ) LENGTH_UNIT ( ) NAMED_UNIT ( #4438 ) );
#2916 = DIRECTION ( 'NONE',  ( -1.000000000000000000, 0.000000000000000000, 0.000000000000000000 ) ) ;
#2917 = DIRECTION ( 'NONE',  ( 0.000000000000000000, 0.000000000000000000, 1.000000000000000000 ) ) ;
#2918 = FILL_AREA_STYLE ('',( #1510 ) ) ;
#2919 = ORIENTED_EDGE ( 'NONE', *, *, #752, .T. ) ;
#2920 = FILL_AREA_STYLE_COLOUR ( '', #1122 ) ;
#2921 = MECHANICAL_DESIGN_GEOMETRIC_PRESENTATION_REPRESENTATION (  '', ( #351 ), #508 ) ;
#2922 = ORIENTED_EDGE ( 'NONE', *, *, #1067, .T. ) ;
#2923 = CARTESIAN_POINT ( 'NONE',  ( -0.03241418739194108084, -0.04552726127966569974, 0.09842519685039372024 ) ) ;
#2924 = LINE ( 'NONE', #3685, #164 ) ;
#2925 = ADVANCED_FACE ( 'NONE', ( #707 ), #1069, .T. ) ;
#2926 = UNCERTAINTY_MEASURE_WITH_UNIT (LENGTH_MEASURE( 1.000000000000000082E-05 ), #500, 'distance_accuracy_value', 'NONE');
#2927 = ORIENTED_EDGE ( 'NONE', *, *, #1721, .F. ) ;
#2928 = SURFACE_STYLE_USAGE ( .BOTH. , #2944 ) ;
#2929 = CARTESIAN_POINT ( 'NONE',  ( 0.1129022185835665409, -0.1073904057178326904, 0.006931615413765826635 ) ) ;
#2930 =( LENGTH_UNIT ( ) NAMED_UNIT ( * ) SI_UNIT ( $, .METRE. ) );
#2931 = ADVANCED_FACE ( 'NONE', ( #3615 ), #796, .F. ) ;
#2932 = PRESENTATION_STYLE_ASSIGNMENT (( #1577 ) ) ;
#2933 =( NAMED_UNIT ( * ) SI_UNIT ( $, .STERADIAN. ) SOLID_ANGLE_UNIT ( ) );
#2934 = FILL_AREA_STYLE ('',( #1484 ) ) ;
#2935 = CARTESIAN_POINT ( 'NONE',  ( -0.02786517945796130463, -0.05708661417322914017, 0.09645669291338584972 ) ) ;
#2936 = LINE ( 'NONE', #398, #2438 ) ;
#2937 = FILL_AREA_STYLE ('',( #1534 ) ) ;
#2938 = AXIS2_PLACEMENT_3D ( 'NONE', #3739, #576, #302 ) ;
#2939 =( GEOMETRIC_REPRESENTATION_CONTEXT ( 3 ) GLOBAL_UNCERTAINTY_ASSIGNED_CONTEXT ( ( #41 ) ) GLOBAL_UNIT_ASSIGNED_CONTEXT ( ( #760, #74, #2290 ) ) REPRESENTATION_CONTEXT ( 'NONE', 'WORKASPACE' ) );
#2940 = CARTESIAN_POINT ( 'NONE',  ( 0.01181101799011228387, -0.1102362204724421230, 0.04527559051451535838 ) ) ;
#2941 = LENGTH_MEASURE_WITH_UNIT ( LENGTH_MEASURE( 0.02539999999999999897 ), #2899 );
#2942 = EDGE_LOOP ( 'NONE', ( #4453, #3694, #82, #34 ) ) ;
#2943 = EDGE_CURVE ( 'NONE', #1303, #583, #2936, .T. ) ;
#2944 = SURFACE_SIDE_STYLE ('',( #2603 ) ) ;
#2945 = FILL_AREA_STYLE_COLOUR ( '', #3173 ) ;
#2946 = CARTESIAN_POINT ( 'NONE',  ( 0.1279527544975277153, 0.1106299180097398138, 0.03543307086614159995 ) ) ;
#2947 = FILL_AREA_STYLE_COLOUR ( '', #3760 ) ;
#2948 = AXIS2_PLACEMENT_3D ( 'NONE', #3224, #3915, #3177 ) ;
#2949 = LINE ( 'NONE', #1234, #1427 ) ;
#2950 = ORIENTED_EDGE ( 'NONE', *, *, #162, .T. ) ;
#2951 = ORIENTED_EDGE ( 'NONE', *, *, #834, .T. ) ;
#2952 = CARTESIAN_POINT ( 'NONE',  ( -0.1241564091222522453, 0.09635974510411667027, 0.09499641984079253143 ) ) ;
#2953 = CARTESIAN_POINT ( 'NONE',  ( 0.1154474795271961535, -0.1157522861284661364, 0.08921020711694946370 ) ) ;
#2954 = PRODUCT_DEFINITION_SHAPE ( 'NONE', 'NONE',  #4201 ) ;
#2955 = CARTESIAN_POINT ( 'NONE',  ( 0.02766628393587393028, -0.07805661935219226910, 0.09842519685039369248 ) ) ;
#2956 = VECTOR ( 'NONE', #2655, 39.37007874015748143 ) ;
#2957 = EDGE_CURVE ( 'NONE', #1961, #3289, #1883, .T. ) ;
#2958 = CARTESIAN_POINT ( 'NONE',  ( -0.1087102328802071194, -0.1148907368687386577, 0.08828450420752718963 ) ) ;
#2959 = DIMENSIONAL_EXPONENTS ( 1.000000000000000000, 0.000000000000000000, 0.000000000000000000, 0.000000000000000000, 0.000000000000000000, 0.000000000000000000, 0.000000000000000000 ) ;
#2960 =( CONVERSION_BASED_UNIT ( 'INCH', #2589 ) LENGTH_UNIT ( ) NAMED_UNIT ( #3605 ) );
#2962 = EDGE_CURVE ( 'NONE', #2480, #1332, #3777, .T. ) ;
#2961 = LENGTH_MEASURE_WITH_UNIT ( LENGTH_MEASURE( 0.02539999999999999897 ), #906 );
#2963 =( NAMED_UNIT ( * ) SI_UNIT ( $, .STERADIAN. ) SOLID_ANGLE_UNIT ( ) );
#2964 = CARTESIAN_POINT ( 'NONE',  ( 0.1122047230601311008, 0.1224409416317941007, 0.000000000000000000 ) ) ;
#2965 = ORIENTED_EDGE ( 'NONE', *, *, #3752, .F. ) ;
#2966 =( CONVERSION_BASED_UNIT ( 'INCH', #1245 ) LENGTH_UNIT ( ) NAMED_UNIT ( #4343 ) );
#2967 = PRESENTATION_LAYER_ASSIGNMENT (  '', '', ( #830 ) ) ;
#2968 = CARTESIAN_POINT ( 'NONE',  ( 0.03307087177366720837, -0.1689363388041381919, -0.01574803149606350539 ) ) ;
#2969 = UNCERTAINTY_MEASURE_WITH_UNIT (LENGTH_MEASURE( 1.000000000000000082E-05 ), #2059, 'distance_accuracy_value', 'NONE');
#2970 = ORIENTED_EDGE ( 'NONE', *, *, #4532, .T. ) ;
#2971 = VECTOR ( 'NONE', #2136, 39.37007874015748143 ) ;
#2972 =( LENGTH_UNIT ( ) NAMED_UNIT ( * ) SI_UNIT ( $, .METRE. ) );
#2973 =( NAMED_UNIT ( * ) SI_UNIT ( $, .STERADIAN. ) SOLID_ANGLE_UNIT ( ) );
#2974 = FILL_AREA_STYLE ('',( #2998 ) ) ;
#2975 = LENGTH_MEASURE_WITH_UNIT ( LENGTH_MEASURE( 0.02539999999999999897 ), #3277 );
#2976 = CARTESIAN_POINT ( 'NONE',  ( 0.000000000000000000, -0.05708661417322914017, 0.09645669291338584972 ) ) ;
#2977 = PRESENTATION_LAYER_ASSIGNMENT (  '', '', ( #3641 ) ) ;
#2978 = ORIENTED_EDGE ( 'NONE', *, *, #2753, .F. ) ;
#2979 = MECHANICAL_DESIGN_GEOMETRIC_PRESENTATION_REPRESENTATION (  '', ( #1221 ), #3718 ) ;
#2980 = SURFACE_STYLE_FILL_AREA ( #785 ) ;
#2981 = FILL_AREA_STYLE ('',( #832 ) ) ;
#2982 =( LENGTH_UNIT ( ) NAMED_UNIT ( * ) SI_UNIT ( $, .METRE. ) );
#2983 = VECTOR ( 'NONE', #40, 39.37007874015748854 ) ;
#2984 =( NAMED_UNIT ( * ) PLANE_ANGLE_UNIT ( ) SI_UNIT ( $, .RADIAN. ) );
#2985 = CARTESIAN_POINT ( 'NONE',  ( 0.000000000000000000, 0.1614173054695129950, 0.000000000000000000 ) ) ;
#2986 =( NAMED_UNIT ( * ) SI_UNIT ( $, .STERADIAN. ) SOLID_ANGLE_UNIT ( ) );
#2987 = DIRECTION ( 'NONE',  ( 6.439335343560869610E-32, 1.000000000000000000, -1.824854394960610109E-29 ) ) ;
#2988 = LINE ( 'NONE', #2964, #4218 ) ;
#2989 = ORIENTED_EDGE ( 'NONE', *, *, #2113, .F. ) ;
#2990 = DIRECTION ( 'NONE',  ( 0.000000000000000000, 0.000000000000000000, 1.000000000000000000 ) ) ;
#2991 = DIRECTION ( 'NONE',  ( -0.9938837346736190126, 0.000000000000000000, 0.1104315260748449795 ) ) ;
#2992 = DIMENSIONAL_EXPONENTS ( 1.000000000000000000, 0.000000000000000000, 0.000000000000000000, 0.000000000000000000, 0.000000000000000000, 0.000000000000000000, 0.000000000000000000 ) ;
#2993 = SURFACE_SIDE_STYLE ('',( #1876 ) ) ;
#2994 = PRESENTATION_STYLE_ASSIGNMENT (( #533 ) ) ;
#2995 = AXIS2_PLACEMENT_3D ( 'NONE', #2417, #2724, #2033 ) ;
#2996 = ORIENTED_EDGE ( 'NONE', *, *, #4227, .F. ) ;
#2997 = CARTESIAN_POINT ( 'NONE',  ( 0.02591565438071413360, -0.05708661417322914711, 0.09516352427326228713 ) ) ;
#2998 = FILL_AREA_STYLE_COLOUR ( '', #2182 ) ;
#2999 = CONTEXT_DEPENDENT_SHAPE_REPRESENTATION ( #1364, #3448 ) ;
#3000 = ORIENTED_EDGE ( 'NONE', *, *, #2044, .F. ) ;
#3001 = ORIENTED_EDGE ( 'NONE', *, *, #312, .T. ) ;
#3002 = FACE_OUTER_BOUND ( 'NONE', #4468, .T. ) ;
#3003 = SURFACE_STYLE_FILL_AREA ( #1238 ) ;
#3004 = CARTESIAN_POINT ( 'NONE',  ( -0.1122047230601310452, 0.1224409416317940869, 0.0006541557028465163530 ) ) ;
#3005 = ORIENTED_EDGE ( 'NONE', *, *, #223, .F. ) ;
#3006 = EDGE_CURVE ( 'NONE', #2885, #2110, #941, .T. ) ;
#3007 = PRESENTATION_LAYER_ASSIGNMENT (  '', '', ( #2487 ) ) ;
#3008 = CARTESIAN_POINT ( 'NONE',  ( -0.02367582059326545085, -0.009734972986698245401, 0.09448818897637792369 ) ) ;
#3009 = COLOUR_RGB ( '',0.2862745098039215508, 0.2862745098039215508, 0.2862745098039215508 ) ;
#3010 = ADVANCED_FACE ( 'NONE', ( #3684 ), #4119, .F. ) ;
#3011 = COLOUR_RGB ( '',0.8313725490196077761, 0.8313725490196077761, 0.8313725490196077761 ) ;
#3012 = CARTESIAN_POINT ( 'NONE',  ( 0.000000000000000000, 0.1224409416317941007, 0.000000000000000000 ) ) ;
#3013 = SURFACE_STYLE_FILL_AREA ( #3043 ) ;
#3014 = CARTESIAN_POINT ( 'NONE',  ( 0.1087102328802070778, 0.1031984200144728386, 0.08661417322834646937 ) ) ;
#3015 = CARTESIAN_POINT ( 'NONE',  ( -0.1087102328802070778, 0.1031984200144728386, 0.08661417322834646937 ) ) ;
#3016 = EDGE_CURVE ( 'NONE', #2474, #2186, #3038, .T. ) ;
#3017 = PRESENTATION_STYLE_ASSIGNMENT (( #1834 ) ) ;
#3018 = CIRCLE ( 'NONE', #383, 0.01181102362204724046 ) ;
#3019 = DIMENSIONAL_EXPONENTS ( 1.000000000000000000, 0.000000000000000000, 0.000000000000000000, 0.000000000000000000, 0.000000000000000000, 0.000000000000000000, 0.000000000000000000 ) ;
#3020 = AXIS2_PLACEMENT_3D ( 'NONE', #2224, #4387, #4041 ) ;
#3021 = ORIENTED_EDGE ( 'NONE', *, *, #2624, .T. ) ;
#3022 =( CONVERSION_BASED_UNIT ( 'INCH', #1664 ) LENGTH_UNIT ( ) NAMED_UNIT ( #132 ) );
#3023 = VERTEX_POINT ( 'NONE', #1851 ) ;
#3024 = SURFACE_SIDE_STYLE ('',( #1600 ) ) ;
#3025 = VECTOR ( 'NONE', #3644, 39.37007874015748143 ) ;
#3026 = LINE ( 'NONE', #2708, #1093 ) ;
#3027 = CARTESIAN_POINT ( 'NONE',  ( -0.1109982243313396427, -0.09092297189210911401, 0.1049385442844435051 ) ) ;
#3028 = ORIENTED_EDGE ( 'NONE', *, *, #927, .F. ) ;
#3029 = SURFACE_STYLE_FILL_AREA ( #1630 ) ;
#3030 = APPLICATION_CONTEXT ( 'automotive_design' ) ;
#3031 = CARTESIAN_POINT ( 'NONE',  ( -0.02786517945796130463, -0.001356255257306540661, 0.09645669291338584972 ) ) ;
#3032 = MECHANICAL_DESIGN_GEOMETRIC_PRESENTATION_REPRESENTATION (  '', ( #2154 ), #2734 ) ;
#3033 = SURFACE_STYLE_USAGE ( .BOTH. , #4140 ) ;
#3034 = MECHANICAL_DESIGN_GEOMETRIC_PRESENTATION_REPRESENTATION (  '', ( #3409 ), #3838 ) ;
#3035 = ADVANCED_BREP_SHAPE_REPRESENTATION ( '', ( #4190, #3288 ), #3211 ) ;
#3036 = DIRECTION ( 'NONE',  ( -0.1097642599896889448, 0.1097642599896889448, -0.9878783399072135207 ) ) ;
#3037 = VECTOR ( 'NONE', #2338, 39.37007874015748143 ) ;
#3038 = LINE ( 'NONE', #4446, #1458 ) ;
#3039 = ADVANCED_FACE ( 'NONE', ( #3249 ), #4113, .T. ) ;
#3040 = ORIENTED_EDGE ( 'NONE', *, *, #1804, .F. ) ;
#3041 = FACE_OUTER_BOUND ( 'NONE', #2020, .T. ) ;
#3042 = CARTESIAN_POINT ( 'NONE',  ( 0.03307087177366720837, -0.1865431732726409164, 0.02455144873031452762 ) ) ;
#3043 = FILL_AREA_STYLE ('',( #1998 ) ) ;
#3044 =( CONVERSION_BASED_UNIT ( 'INCH', #971 ) LENGTH_UNIT ( ) NAMED_UNIT ( #167 ) );
#3045 = PLANE ( 'NONE',  #1110 ) ;
#3046 = EDGE_CURVE ( 'NONE', #1393, #4065, #379, .T. ) ;
#3047 = AXIS2_PLACEMENT_3D ( 'NONE', #880, #4415, #3075 ) ;
#3048 = UNCERTAINTY_MEASURE_WITH_UNIT (LENGTH_MEASURE( 1.000000000000000082E-05 ), #872, 'distance_accuracy_value', 'NONE');
#3049 = CARTESIAN_POINT ( 'NONE',  ( 0.1122047230601311008, 0.1224409416317940869, 0.0006541557028458609528 ) ) ;
#3050 = ORIENTED_EDGE ( 'NONE', *, *, #1304, .T. ) ;
#3051 = CARTESIAN_POINT ( 'NONE',  ( 0.1087102328802071194, 0.1148907368687386577, 0.08828450420752718963 ) ) ;
#3052 = AXIS2_PLACEMENT_3D ( 'NONE', #2861, #3126, #3835 ) ;
#3053 = DIRECTION ( 'NONE',  ( 0.000000000000000000, 0.000000000000000000, 1.000000000000000000 ) ) ;
#3054 =( NAMED_UNIT ( * ) PLANE_ANGLE_UNIT ( ) SI_UNIT ( $, .RADIAN. ) );
#3055 = ORIENTED_EDGE ( 'NONE', *, *, #4227, .T. ) ;
#3056 =( GEOMETRIC_REPRESENTATION_CONTEXT ( 3 ) GLOBAL_UNCERTAINTY_ASSIGNED_CONTEXT ( ( #3946 ) ) GLOBAL_UNIT_ASSIGNED_CONTEXT ( ( #2625, #2217, #3346 ) ) REPRESENTATION_CONTEXT ( 'NONE', 'WORKASPACE' ) );
#3057 = DIMENSIONAL_EXPONENTS ( 1.000000000000000000, 0.000000000000000000, 0.000000000000000000, 0.000000000000000000, 0.000000000000000000, 0.000000000000000000, 0.000000000000000000 ) ;
#3058 = SURFACE_STYLE_USAGE ( .BOTH. , #1991 ) ;
#3059 = AXIS2_PLACEMENT_3D ( 'NONE', #327, #431, #750 ) ;
#3060 = CARTESIAN_POINT ( 'NONE',  ( 0.02786517945796132892, -0.001356255257306489487, 0.09645669291338583584 ) ) ;
#3061 = SURFACE_STYLE_FILL_AREA ( #470 ) ;
#3062 = CARTESIAN_POINT ( 'NONE',  ( -0.1087102328802070778, 0.000000000000000000, 0.09842519685039370636 ) ) ;
#3063 =( NAMED_UNIT ( * ) PLANE_ANGLE_UNIT ( ) SI_UNIT ( $, .RADIAN. ) );
#3064 = SURFACE_STYLE_FILL_AREA ( #2077 ) ;
#3065 = FACE_OUTER_BOUND ( 'NONE', #3146, .T. ) ;
#3066 = VERTEX_POINT ( 'NONE', #15 ) ;
#3067 = CARTESIAN_POINT ( 'NONE',  ( 0.000000000000000000, -0.1102362204724421230, 0.03543307086614220364 ) ) ;
#3068 = DIRECTION ( 'NONE',  ( 0.000000000000000000, -0.4472135954999371110, -0.8944271909999261805 ) ) ;
#3069 = EDGE_LOOP ( 'NONE', ( #2350, #2725, #4510, #600 ) ) ;
#3070 = CARTESIAN_POINT ( 'NONE',  ( -0.1279527290408953299, -0.1107253656141293230, 0.03543324906256842266 ) ) ;
#3071 = DIRECTION ( 'NONE',  ( 1.000000000000000000, 0.000000000000000000, 0.000000000000000000 ) ) ;
#3072 = AXIS2_PLACEMENT_3D ( 'NONE', #1499, #2226, #2485 ) ;
#3073 = EDGE_CURVE ( 'NONE', #3171, #2885, #2342, .T. ) ;
#3074 = ORIENTED_EDGE ( 'NONE', *, *, #932, .T. ) ;
#3075 = DIRECTION ( 'NONE',  ( 0.000000000000000000, 0.000000000000000000, 1.000000000000000000 ) ) ;
#3076 = CARTESIAN_POINT ( 'NONE',  ( 0.05669290775389173448, -0.2314960629921287427, -0.04527559051451535838 ) ) ;
#3077 = SURFACE_SIDE_STYLE ('',( #3771 ) ) ;
#3078 = CARTESIAN_POINT ( 'NONE',  ( 0.05669290775389173448, -0.2088085965456299431, -0.02403768819161449660 ) ) ;
#3079 = FILL_AREA_STYLE ('',( #1308 ) ) ;
#3080 = PRESENTATION_LAYER_ASSIGNMENT (  '', '', ( #3749 ) ) ;
#3081 = ORIENTED_EDGE ( 'NONE', *, *, #4261, .F. ) ;
#3082 =( NAMED_UNIT ( * ) PLANE_ANGLE_UNIT ( ) SI_UNIT ( $, .RADIAN. ) );
#3083 = CARTESIAN_POINT ( 'NONE',  ( -0.02981470453520849648, -0.05708661417322914711, 0.09774986155350937067 ) ) ;
#3084 = CARTESIAN_POINT ( 'NONE',  ( 0.03307087177366720837, -0.1689363388041381919, -0.03543307086614220364 ) ) ;
#3085 = CARTESIAN_POINT ( 'NONE',  ( -0.1160690469671636776, 0.1224409416317939897, 0.03543307086614025381 ) ) ;
#3086 = UNCERTAINTY_MEASURE_WITH_UNIT (LENGTH_MEASURE( 1.000000000000000082E-05 ), #285, 'distance_accuracy_value', 'NONE');
#3087 = CARTESIAN_POINT ( 'NONE',  ( -0.005344855166722326835, -0.07792098037165763602, 0.09448818897637792369 ) ) ;
#3088 = CARTESIAN_POINT ( 'NONE',  ( -0.1122047230601311008, 0.1574802975954972539, 0.000000000000000000 ) ) ;
#3089 = CARTESIAN_POINT ( 'NONE',  ( -0.1122047230601311008, 0.1574802975954972539, 0.000000000000000000 ) ) ;
#3090 = COLOUR_RGB ( '',0.2862745098039215508, 0.2862745098039215508, 0.2862745098039215508 ) ;
#3091 = DIRECTION ( 'NONE',  ( 0.000000000000000000, 0.000000000000000000, 1.000000000000000000 ) ) ;
#3092 = ORIENTED_EDGE ( 'NONE', *, *, #1270, .T. ) ;
#3093 = FILL_AREA_STYLE ('',( #4252 ) ) ;
#3094 =( GEOMETRIC_REPRESENTATION_CONTEXT ( 3 ) GLOBAL_UNCERTAINTY_ASSIGNED_CONTEXT ( ( #2177 ) ) GLOBAL_UNIT_ASSIGNED_CONTEXT ( ( #47, #3893, #2882 ) ) REPRESENTATION_CONTEXT ( 'NONE', 'WORKASPACE' ) );
#3095 = CARTESIAN_POINT ( 'NONE',  ( 0.000000000000000000, 0.1555117815732960651, 0.01968503937007870172 ) ) ;
#3096 = FACE_OUTER_BOUND ( 'NONE', #2419, .T. ) ;
#3097 = MECHANICAL_DESIGN_GEOMETRIC_PRESENTATION_REPRESENTATION (  '', ( #4497 ), #2583 ) ;
#3098 = UNCERTAINTY_MEASURE_WITH_UNIT (LENGTH_MEASURE( 1.000000000000000082E-05 ), #2404, 'distance_accuracy_value', 'NONE');
#3099 = COLOUR_RGB ( '',0.2862745098039215508, 0.2862745098039215508, 0.2862745098039215508 ) ;
#3100 = CARTESIAN_POINT ( 'NONE',  ( 0.03307087177366720837, -0.1865431732726409164, -0.02455144873031452762 ) ) ;
#3101 = ADVANCED_FACE ( 'NONE', ( #1734 ), #3723, .T. ) ;
#3102 = PLANE ( 'NONE',  #3552 ) ;
#3103 = STYLED_ITEM ( 'NONE', ( #3435 ), #2630 ) ;
#3104 =( CONVERSION_BASED_UNIT ( 'INCH', #1267 ) LENGTH_UNIT ( ) NAMED_UNIT ( #2609 ) );
#3105 = LINE ( 'NONE', #4117, #697 ) ;
#3106 = EDGE_LOOP ( 'NONE', ( #2927, #2185, #3128, #3805 ) ) ;
#3107 = CARTESIAN_POINT ( 'NONE',  ( -0.1122047230601311008, -0.04330709576606733141, 0.000000000000000000 ) ) ;
#3108 = VECTOR ( 'NONE', #494, 39.37007874015748143 ) ;
#3109 = DIRECTION ( 'NONE',  ( 0.000000000000000000, 0.8944271909999159664, 0.4472135954999579832 ) ) ;
#3110 = PRESENTATION_LAYER_ASSIGNMENT (  '', '', ( #2093 ) ) ;
#3111 = CARTESIAN_POINT ( 'NONE',  ( 0.01958864890328841299, -0.06556934707242814686, 0.09448818897637796532 ) ) ;
#3112 =( CONVERSION_BASED_UNIT ( 'INCH', #2415 ) LENGTH_UNIT ( ) NAMED_UNIT ( #1612 ) );
#3113 = CARTESIAN_POINT ( 'NONE',  ( 0.1139011624204878670, 0.1229527891282499868, 0.07798148781120610440 ) ) ;
#3114 = SURFACE_SIDE_STYLE ('',( #270 ) ) ;
#3115 = STYLED_ITEM ( 'NONE', ( #2292 ), #955 ) ;
#3116 = ORIENTED_EDGE ( 'NONE', *, *, #2303, .T. ) ;
#3117 =( GEOMETRIC_REPRESENTATION_CONTEXT ( 3 ) GLOBAL_UNCERTAINTY_ASSIGNED_CONTEXT ( ( #747 ) ) GLOBAL_UNIT_ASSIGNED_CONTEXT ( ( #571, #3796, #1638 ) ) REPRESENTATION_CONTEXT ( 'NONE', 'WORKASPACE' ) );
#3118 =( GEOMETRIC_REPRESENTATION_CONTEXT ( 3 ) GLOBAL_UNCERTAINTY_ASSIGNED_CONTEXT ( ( #3204 ) ) GLOBAL_UNIT_ASSIGNED_CONTEXT ( ( #3022, #3510, #286 ) ) REPRESENTATION_CONTEXT ( 'NONE', 'WORKASPACE' ) );
#3119 = VECTOR ( 'NONE', #823, 39.37007874015748143 ) ;
#3120 = MECHANICAL_DESIGN_GEOMETRIC_PRESENTATION_REPRESENTATION (  '', ( #261 ), #3715 ) ;
#3121 = FACE_OUTER_BOUND ( 'NONE', #672, .T. ) ;
#3122 =( CONVERSION_BASED_UNIT ( 'INCH', #4230 ) LENGTH_UNIT ( ) NAMED_UNIT ( #1920 ) );
#3123 = VECTOR ( 'NONE', #1825, 39.37007874015748143 ) ;
#3124 = CARTESIAN_POINT ( 'NONE',  ( 0.02133639050056881925, -0.05708661417322914017, 0.09448818897637796532 ) ) ;
#3125 = DIRECTION ( 'NONE',  ( 0.000000000000000000, 0.000000000000000000, 1.000000000000000000 ) ) ;
#3126 = DIRECTION ( 'NONE',  ( -1.000000000000000000, 0.000000000000000000, 0.000000000000000000 ) ) ;
#3127 = ORIENTED_EDGE ( 'NONE', *, *, #2615, .T. ) ;
#3128 = ORIENTED_EDGE ( 'NONE', *, *, #1483, .T. ) ;
#3129 = CARTESIAN_POINT ( 'NONE',  ( -0.02981470453520849995, -0.1167160232436461054, 0.09774986155350935679 ) ) ;
#3130 = LINE ( 'NONE', #1056, #2698 ) ;
#3131 = CARTESIAN_POINT ( 'NONE',  ( -0.1122047230601311008, 0.05905510485172283525, 0.000000000000000000 ) ) ;
#3132 = ORIENTED_EDGE ( 'NONE', *, *, #2795, .F. ) ;
#3133 = CARTESIAN_POINT ( 'NONE',  ( -0.02115144481228754467, -0.06043036319094204772, 0.09448818897637795144 ) ) ;
#3134 = FACE_OUTER_BOUND ( 'NONE', #2817, .T. ) ;
#3135 = VERTEX_POINT ( 'NONE', #4339 ) ;
#3136 = AXIS2_PLACEMENT_3D ( 'NONE', #991, #297, #4167 ) ;
#3137 = FILL_AREA_STYLE_COLOUR ( '', #1614 ) ;
#3138 = PRESENTATION_STYLE_ASSIGNMENT (( #662 ) ) ;
#3139 = ADVANCED_FACE ( 'NONE', ( #3002 ), #1274, .T. ) ;
#3140 =( CONVERSION_BASED_UNIT ( 'INCH', #2188 ) LENGTH_UNIT ( ) NAMED_UNIT ( #2829 ) );
#3141 =( NAMED_UNIT ( * ) PLANE_ANGLE_UNIT ( ) SI_UNIT ( $, .RADIAN. ) );
#3142 = SURFACE_STYLE_USAGE ( .BOTH. , #2097 ) ;
#3143 =( CONVERSION_BASED_UNIT ( 'INCH', #345 ) LENGTH_UNIT ( ) NAMED_UNIT ( #472 ) );
#3144 = DIRECTION ( 'NONE',  ( 0.000000000000000000, -0.000000000000000000, -1.000000000000000000 ) ) ;
#3145 = VERTEX_POINT ( 'NONE', #1503 ) ;
#3146 = EDGE_LOOP ( 'NONE', ( #1514, #3161, #130, #2498, #2665 ) ) ;
#3147 = ADVANCED_FACE ( 'NONE', ( #483 ), #3674, .F. ) ;
#3148 = ORIENTED_EDGE ( 'NONE', *, *, #3518, .F. ) ;
#3149 = SURFACE_STYLE_FILL_AREA ( #2123 ) ;
#3150 = SURFACE_SIDE_STYLE ('',( #1846 ) ) ;
#3151 = CARTESIAN_POINT ( 'NONE',  ( 0.000000000000000000, -0.1539370138579468639, 0.04527559051451535838 ) ) ;
#3152 = STYLED_ITEM ( 'NONE', ( #3017 ), #3101 ) ;
#3153 = EDGE_CURVE ( 'NONE', #2365, #2744, #4542, .T. ) ;
#3154 = CARTESIAN_POINT ( 'NONE',  ( -0.008481051788826399901, -0.07667593046653257971, 0.09448818897637796532 ) ) ;
#3155 = CARTESIAN_POINT ( 'NONE',  ( 0.04488188976377952694, -0.1865431732726409719, 0.02455144873031454497 ) ) ;
#3156 = EDGE_CURVE ( 'NONE', #632, #90, #3338, .T. ) ;
#3157 = SURFACE_STYLE_FILL_AREA ( #2202 ) ;
#3158 =( NAMED_UNIT ( * ) PLANE_ANGLE_UNIT ( ) SI_UNIT ( $, .RADIAN. ) );
#3159 = SHAPE_DEFINITION_REPRESENTATION ( #1558, #2532 ) ;
#3160 = MECHANICAL_DESIGN_GEOMETRIC_PRESENTATION_REPRESENTATION (  '', ( #1025 ), #2138 ) ;
#3161 = ORIENTED_EDGE ( 'NONE', *, *, #1583, .T. ) ;
#3162 = SURFACE_SIDE_STYLE ('',( #335 ) ) ;
#3163 = AXIS2_PLACEMENT_3D ( 'NONE', #3698, #1987, #147 ) ;
#3164 = FILL_AREA_STYLE ('',( #1410 ) ) ;
#3165 = MECHANICAL_DESIGN_GEOMETRIC_PRESENTATION_REPRESENTATION (  '', ( #1106 ), #2422 ) ;
#3166 = CARTESIAN_POINT ( 'NONE',  ( -0.01859258425613646154, -0.04658806045122620976, 0.09448818897637795144 ) ) ;
#3167 = CARTESIAN_POINT ( 'NONE',  ( -0.1087102328802070639, -0.1031984200144728525, 0.08661417322834646937 ) ) ;
#3168 = PRESENTATION_LAYER_ASSIGNMENT (  '', '', ( #4272 ) ) ;
#3169 = LINE ( 'NONE', #1095, #4296 ) ;
#3170 = CARTESIAN_POINT ( 'NONE',  ( 0.05669290775389174142, -0.1102362204724421230, -0.03543307086614220364 ) ) ;
#3171 = VERTEX_POINT ( 'NONE', #1365 ) ;
#3172 = ORIENTED_EDGE ( 'NONE', *, *, #3016, .F. ) ;
#3173 = COLOUR_RGB ( '',0.2862745098039215508, 0.2862745098039215508, 0.2862745098039215508 ) ;
#3174 = ORIENTED_EDGE ( 'NONE', *, *, #2269, .F. ) ;
#3175 = CYLINDRICAL_SURFACE ( 'NONE', #4521, 0.01181102362204724913 ) ;
#3176 = SURFACE_SIDE_STYLE ('',( #4196 ) ) ;
#3177 = DIRECTION ( 'NONE',  ( 0.000000000000000000, -0.1414213562373088928, 0.9899494936611664686 ) ) ;
#3178 = EDGE_CURVE ( 'NONE', #3023, #3218, #4104, .T. ) ;
#3179 = UNCERTAINTY_MEASURE_WITH_UNIT (LENGTH_MEASURE( 1.000000000000000082E-05 ), #474, 'distance_accuracy_value', 'NONE');
#3180 = PRESENTATION_LAYER_ASSIGNMENT (  '', '', ( #3409 ) ) ;
#3181 = CARTESIAN_POINT ( 'NONE',  ( -0.02133771183771098617, -0.05843634129303613978, 0.09448818897637795144 ) ) ;
#3182 = DIRECTION ( 'NONE',  ( 0.000000000000000000, 0.000000000000000000, -1.000000000000000000 ) ) ;
#3183 = CARTESIAN_POINT ( 'NONE',  ( 0.1087102328802071055, -0.1031984200144728248, 0.08661417322834642774 ) ) ;
#3184 = VERTEX_POINT ( 'NONE', #3763 ) ;
#3185 =( NAMED_UNIT ( * ) PLANE_ANGLE_UNIT ( ) SI_UNIT ( $, .RADIAN. ) );
#3186 = VECTOR ( 'NONE', #981, 39.37007874015748854 ) ;
#3187 = LINE ( 'NONE', #25, #2497 ) ;
#3188 = CIRCLE ( 'NONE', #3490, 0.01181102362204724046 ) ;
#3189 = SURFACE_STYLE_USAGE ( .BOTH. , #3559 ) ;
#3190 = CARTESIAN_POINT ( 'NONE',  ( -0.1119007082357096061, -0.1093559517487987798, 0.09688314498287903254 ) ) ;
#3191 = FACE_OUTER_BOUND ( 'NONE', #4390, .T. ) ;
#3192 = FILL_AREA_STYLE_COLOUR ( '', #24 ) ;
#3193 = VECTOR ( 'NONE', #2327, 39.37007874015748143 ) ;
#3194 = DIRECTION ( 'NONE',  ( 0.000000000000000000, -1.000000000000000000, 0.000000000000000000 ) ) ;
#3195 = ORIENTED_EDGE ( 'NONE', *, *, #695, .T. ) ;
#3196 = ORIENTED_EDGE ( 'NONE', *, *, #3271, .F. ) ;
#3197 = ORIENTED_EDGE ( 'NONE', *, *, #3358, .T. ) ;
#3198 = DIRECTION ( 'NONE',  ( 0.000000000000000000, -0.8944271909999159664, -0.4472135954999579832 ) ) ;
#3199 = LENGTH_MEASURE_WITH_UNIT ( LENGTH_MEASURE( 0.02539999999999999897 ), #2103 );
#3200 = CARTESIAN_POINT ( 'NONE',  ( 0.1202221624595166266, -0.1029596173691314370, 0.09539756035398333500 ) ) ;
#3201 = PLANE ( 'NONE',  #2948 ) ;
#3202 = STYLED_ITEM ( 'NONE', ( #1611 ), #2022 ) ;
#3204 = UNCERTAINTY_MEASURE_WITH_UNIT (LENGTH_MEASURE( 1.000000000000000082E-05 ), #3022, 'distance_accuracy_value', 'NONE');
#3203 = CIRCLE ( 'NONE', #1224, 0.003937007874015741038 ) ;
#3205 = PRESENTATION_STYLE_ASSIGNMENT (( #2127 ) ) ;
#3206 = CARTESIAN_POINT ( 'NONE',  ( -0.1122047230601311008, 0.1574802975954972539, 0.01968503937007870172 ) ) ;
#3207 = SURFACE_STYLE_USAGE ( .BOTH. , #1037 ) ;
#3208 = PLANE ( 'NONE',  #1262 ) ;
#3209 = VERTEX_POINT ( 'NONE', #2398 ) ;
#3210 = LENGTH_MEASURE_WITH_UNIT ( LENGTH_MEASURE( 0.02539999999999999897 ), #415 );
#3211 =( GEOMETRIC_REPRESENTATION_CONTEXT ( 3 ) GLOBAL_UNCERTAINTY_ASSIGNED_CONTEXT ( ( #4518 ) ) GLOBAL_UNIT_ASSIGNED_CONTEXT ( ( #1650, #1603, #3744 ) ) REPRESENTATION_CONTEXT ( 'NONE', 'WORKASPACE' ) );
#3212 = CARTESIAN_POINT ( 'NONE',  ( 0.1240157466235122519, 0.000000000000000000, -4.908789363615472817E-17 ) ) ;
#3213 = CARTESIAN_POINT ( 'NONE',  ( -0.1095133667695493418, -0.1157522861284661364, 0.09378946836436212464 ) ) ;
#3214 = PRESENTATION_STYLE_ASSIGNMENT (( #1791 ) ) ;
#3215 =( LENGTH_UNIT ( ) NAMED_UNIT ( * ) SI_UNIT ( $, .METRE. ) );
#3216 = LINE ( 'NONE', #2165, #2761 ) ;
#3217 = EDGE_LOOP ( 'NONE', ( #1235, #395, #1818, #1720 ) ) ;
#3218 = VERTEX_POINT ( 'NONE', #3070 ) ;
#3219 = ORIENTED_EDGE ( 'NONE', *, *, #1512, .T. ) ;
#3220 = CARTESIAN_POINT ( 'NONE',  ( -0.03273491110817878386, -0.04647524966273983843, 0.09842519685039372024 ) ) ;
#3221 = CARTESIAN_POINT ( 'NONE',  ( -0.1279527035842627780, -0.1107485738642634276, 0.03543342725899512741 ) ) ;
#3222 = DIMENSIONAL_EXPONENTS ( 1.000000000000000000, 0.000000000000000000, 0.000000000000000000, 0.000000000000000000, 0.000000000000000000, 0.000000000000000000, 0.000000000000000000 ) ;
#3223 = FILL_AREA_STYLE ('',( #2479 ) ) ;
#3224 = CARTESIAN_POINT ( 'NONE',  ( 0.000000000000000000, 0.1185039337577779572, 0.06299212598425196763 ) ) ;
#3225 = ORIENTED_EDGE ( 'NONE', *, *, #2465, .T. ) ;
#3226 = UNCERTAINTY_MEASURE_WITH_UNIT (LENGTH_MEASURE( 1.000000000000000082E-05 ), #1730, 'distance_accuracy_value', 'NONE');
#3227 = LINE ( 'NONE', #1853, #3992 ) ;
#3228 =( LENGTH_UNIT ( ) NAMED_UNIT ( * ) SI_UNIT ( $, .METRE. ) );
#3229 =( LENGTH_UNIT ( ) NAMED_UNIT ( * ) SI_UNIT ( $, .METRE. ) );
#3230 =( NAMED_UNIT ( * ) PLANE_ANGLE_UNIT ( ) SI_UNIT ( $, .RADIAN. ) );
#3231 = APPLICATION_PROTOCOL_DEFINITION ( 'draft international standard', 'automotive_design', 1998, #2601 ) ;
#3232 = ORIENTED_EDGE ( 'NONE', *, *, #1350, .T. ) ;
#3233 = ORIENTED_EDGE ( 'NONE', *, *, #467, .F. ) ;
#3234 = CARTESIAN_POINT ( 'NONE',  ( -0.1119007082357096616, 0.1093559517487987937, 0.09688314498287906029 ) ) ;
#3235 = B_SPLINE_CURVE_WITH_KNOTS ( 'NONE', 3,
 ( #1729, #3181, #3133, #3846, #13, #2051, #2798, #4543, #1423, #3463, #305, #3443, #3154, #3087, #679, #2107, #4562, #4243, #1081, #3784, #622, #2739, #4154, #999, #1705, #2396, #3111, #4519, #4174, #1363 ),
 .UNSPECIFIED., .F., .F.,
 ( 4, 1, 2, 2, 2, 1, 2, 2, 2, 1, 2, 2, 2, 1, 2, 2, 4 ),
 ( 0.5000000000000000000, 0.5312500000000002220, 0.5468750000000002220, 0.5625000000000003331, 0.6250000000000004441, 0.6562500000000005551, 0.6718750000000006661, 0.6875000000000006661, 0.7500000000000006661, 0.7812500000000006661, 0.7968750000000006661, 0.8125000000000006661, 0.8750000000000004441, 0.9062500000000004441, 0.9218750000000003331, 0.9375000000000002220, 1.000000000000000000 ),
 .UNSPECIFIED. ) ;
#3236 = CIRCLE ( 'NONE', #3895, 0.007874015748031495954 ) ;
#3237 = EDGE_CURVE ( 'NONE', #2710, #3184, #3026, .T. ) ;
#3238 = LINE ( 'NONE', #2958, #4371 ) ;
#3239 = CARTESIAN_POINT ( 'NONE',  ( -1.720386548353338774E-19, -0.1102362204724421230, 0.05511811016288858944 ) ) ;
#3240 = EDGE_CURVE ( 'NONE', #2365, #3523, #287, .T. ) ;
#3241 = STYLED_ITEM ( 'NONE', ( #2463 ), #3902 ) ;
#3242 = ORIENTED_EDGE ( 'NONE', *, *, #146, .F. ) ;
#3243 = ORIENTED_EDGE ( 'NONE', *, *, #1174, .T. ) ;
#3244 = ORIENTED_EDGE ( 'NONE', *, *, #16, .T. ) ;
#3245 = COLOUR_RGB ( '',0.2862745098039215508, 0.2862745098039215508, 0.2862745098039215508 ) ;
#3246 =( CONVERSION_BASED_UNIT ( 'INCH', #3199 ) LENGTH_UNIT ( ) NAMED_UNIT ( #2543 ) );
#3247 = SURFACE_STYLE_USAGE ( .BOTH. , #3546 ) ;
#3248 = CARTESIAN_POINT ( 'NONE',  ( 0.1258558393186257618, -0.09092297189210925279, 0.09347315707005610097 ) ) ;
#3249 = FACE_OUTER_BOUND ( 'NONE', #3106, .T. ) ;
#3250 = PRODUCT ( 'Part_393', 'Part_393', '', ( #2460 ) ) ;
#3251 = DIRECTION ( 'NONE',  ( 1.000000000000000000, 0.000000000000000000, -0.000000000000000000 ) ) ;
#3252 = CARTESIAN_POINT ( 'NONE',  ( -0.02367582059326545085, -0.1044382553597600211, 0.09448818897637792369 ) ) ;
#3253 = VECTOR ( 'NONE', #3722, 39.37007874015748143 ) ;
#3254 = DIMENSIONAL_EXPONENTS ( 1.000000000000000000, 0.000000000000000000, 0.000000000000000000, 0.000000000000000000, 0.000000000000000000, 0.000000000000000000, 0.000000000000000000 ) ;
#3255 = EDGE_LOOP ( 'NONE', ( #2101, #1309, #1561, #1097 ) ) ;
#3256 =( CONVERSION_BASED_UNIT ( 'INCH', #1858 ) LENGTH_UNIT ( ) NAMED_UNIT ( #805 ) );
#3257 = SURFACE_SIDE_STYLE ('',( #1066 ) ) ;
#3258 = AXIS2_PLACEMENT_3D ( 'NONE', #4372, #3960, #2214 ) ;
#3259 = DIRECTION ( 'NONE',  ( 0.000000000000000000, -1.445602896647339706E-15, 1.000000000000000000 ) ) ;
#3260 = SURFACE_STYLE_USAGE ( .BOTH. , #2644 ) ;
#3261 = EDGE_CURVE ( 'NONE', #4032, #3925, #4550, .T. ) ;
#3262 = FACE_OUTER_BOUND ( 'NONE', #4180, .T. ) ;
#3263 = CYLINDRICAL_SURFACE ( 'NONE', #2901, 0.003937007874015741038 ) ;
#3264 = ORIENTED_EDGE ( 'NONE', *, *, #1314, .F. ) ;
#3265 = VECTOR ( 'NONE', #4047, 39.37007874015748143 ) ;
#3266 = LINE ( 'NONE', #1945, #3555 ) ;
#3267 = ORIENTED_EDGE ( 'NONE', *, *, #1952, .T. ) ;
#3268 =( NAMED_UNIT ( * ) SI_UNIT ( $, .STERADIAN. ) SOLID_ANGLE_UNIT ( ) );
#3269 = VECTOR ( 'NONE', #4430, 39.37007874015748143 ) ;
#3270 = CARTESIAN_POINT ( 'NONE',  ( -0.01181101799011228387, -0.1102362204724421230, 0.04527559051451535838 ) ) ;
#3271 = EDGE_CURVE ( 'NONE', #1320, #2062, #3377, .T. ) ;
#3272 = VERTEX_POINT ( 'NONE', #4498 ) ;
#3273 = STYLED_ITEM ( 'NONE', ( #10 ), #1965 ) ;
#3274 = SURFACE_STYLE_FILL_AREA ( #555 ) ;
#3275 = SURFACE_STYLE_FILL_AREA ( #1175 ) ;
#3276 = AXIS2_PLACEMENT_3D ( 'NONE', #854, #4040, #1250 ) ;
#3277 =( LENGTH_UNIT ( ) NAMED_UNIT ( * ) SI_UNIT ( $, .METRE. ) );
#3278 = CONTEXT_DEPENDENT_SHAPE_REPRESENTATION ( #2764, #2440 ) ;
#3279 =( CONVERSION_BASED_UNIT ( 'INCH', #3330 ) LENGTH_UNIT ( ) NAMED_UNIT ( #2478 ) );
#3280 =( NAMED_UNIT ( * ) PLANE_ANGLE_UNIT ( ) SI_UNIT ( $, .RADIAN. ) );
#3281 = CARTESIAN_POINT ( 'NONE',  ( 0.03321169371831825951, -0.06615042813606757111, 0.09842519685039372024 ) ) ;
#3282 = CARTESIAN_POINT ( 'NONE',  ( -0.08661417663097362163, 0.05905510485172283525, 0.01968503937007870172 ) ) ;
#3283 = DIMENSIONAL_EXPONENTS ( 1.000000000000000000, 0.000000000000000000, 0.000000000000000000, 0.000000000000000000, 0.000000000000000000, 0.000000000000000000, 0.000000000000000000 ) ;
#3284 = SURFACE_STYLE_USAGE ( .BOTH. , #3680 ) ;
#3285 = CARTESIAN_POINT ( 'NONE',  ( -0.1122047230601311008, 0.000000000000000000, 0.000000000000000000 ) ) ;
#3286 = FILL_AREA_STYLE_COLOUR ( '', #910 ) ;
#3287 = PRESENTATION_STYLE_ASSIGNMENT (( #3636 ) ) ;
#3288 = AXIS2_PLACEMENT_3D ( 'NONE', #3938, #3724, #4434 ) ;
#3289 = VERTEX_POINT ( 'NONE', #1687 ) ;
#3290 = SURFACE_STYLE_USAGE ( .BOTH. , #1819 ) ;
#3291 = DIRECTION ( 'NONE',  ( -1.000000000000000000, 0.000000000000000000, 0.000000000000000000 ) ) ;
#3292 = DIRECTION ( 'NONE',  ( -1.000000000000000000, 0.000000000000000000, 0.000000000000000000 ) ) ;
#3293 = UNCERTAINTY_MEASURE_WITH_UNIT (LENGTH_MEASURE( 1.000000000000000082E-05 ), #1113, 'distance_accuracy_value', 'NONE');
#3294 = ORIENTED_EDGE ( 'NONE', *, *, #887, .F. ) ;
#3295 = CARTESIAN_POINT ( 'NONE',  ( 0.1160690469671636360, 0.1224409416317940036, 0.03543307086614019830 ) ) ;
#3296 =( NAMED_UNIT ( * ) PLANE_ANGLE_UNIT ( ) SI_UNIT ( $, .RADIAN. ) );
#3297 = CARTESIAN_POINT ( 'NONE',  ( 0.02591565438071413360, -0.1089179229346573935, 0.09516352427326230101 ) ) ;
#3298 = CYLINDRICAL_SURFACE ( 'NONE', #2391, 0.007874015748031495954 ) ;
#3299 = DIRECTION ( 'NONE',  ( -0.000000000000000000, -0.000000000000000000, -1.000000000000000000 ) ) ;
#3300 = LENGTH_MEASURE_WITH_UNIT ( LENGTH_MEASURE( 0.02539999999999999897 ), #4000 );
#3301 = EDGE_CURVE ( 'NONE', #869, #3734, #363, .T. ) ;
#3302 = CARTESIAN_POINT ( 'NONE',  ( 0.000000000000000000, 0.1031984200144728386, 0.08661417322834646937 ) ) ;
#3303 = ORIENTED_EDGE ( 'NONE', *, *, #2394, .F. ) ;
#3304 = PLANE ( 'NONE',  #4367 ) ;
#3305 = CARTESIAN_POINT ( 'NONE',  ( 0.03219664842582407871, -0.06919640952727559857, 0.09842519685039370636 ) ) ;
#3306 = VECTOR ( 'NONE', #1017, 39.37007874015748143 ) ;
#3307 = DIRECTION ( 'NONE',  ( -1.000000000000000000, -0.000000000000000000, -0.000000000000000000 ) ) ;
#3308 = CARTESIAN_POINT ( 'NONE',  ( 0.03307087177366720837, -0.2314960629921287427, 1.493979371535143794E-17 ) ) ;
#3309 = MECHANICAL_DESIGN_GEOMETRIC_PRESENTATION_REPRESENTATION (  '', ( #2718 ), #63 ) ;
#3310 = FACE_OUTER_BOUND ( 'NONE', #2792, .T. ) ;
#3311 =( NAMED_UNIT ( * ) SI_UNIT ( $, .STERADIAN. ) SOLID_ANGLE_UNIT ( ) );
#3312 =( NAMED_UNIT ( * ) PLANE_ANGLE_UNIT ( ) SI_UNIT ( $, .RADIAN. ) );
#3313 = APPLICATION_CONTEXT ( 'automotive_design' ) ;
#3314 =( GEOMETRIC_REPRESENTATION_CONTEXT ( 3 ) GLOBAL_UNCERTAINTY_ASSIGNED_CONTEXT ( ( #4242 ) ) GLOBAL_UNIT_ASSIGNED_CONTEXT ( ( #1371, #1979, #4508 ) ) REPRESENTATION_CONTEXT ( 'NONE', 'WORKASPACE' ) );
#3315 =( LENGTH_UNIT ( ) NAMED_UNIT ( * ) SI_UNIT ( $, .METRE. ) );
#3316 = VERTEX_POINT ( 'NONE', #3088 ) ;
#3317 = CARTESIAN_POINT ( 'NONE',  ( 0.03103895989803431496, -0.04225499025497656685, 0.09842519685039366473 ) ) ;
#3318 = CYLINDRICAL_SURFACE ( 'NONE', #4283, 0.007874015748031495954 ) ;
#3319 = CARTESIAN_POINT ( 'NONE',  ( 0.000000000000000000, 0.1224409416317936983, 0.03543307086614162771 ) ) ;
#3320 = DIMENSIONAL_EXPONENTS ( 1.000000000000000000, 0.000000000000000000, 0.000000000000000000, 0.000000000000000000, 0.000000000000000000, 0.000000000000000000, 0.000000000000000000 ) ;
#3321 = VECTOR ( 'NONE', #485, 39.37007874015748143 ) ;
#3322 = FACE_OUTER_BOUND ( 'NONE', #3589, .T. ) ;
#3323 = SURFACE_SIDE_STYLE ('',( #3688 ) ) ;
#3324 = ORIENTED_EDGE ( 'NONE', *, *, #3449, .T. ) ;
#3325 = FILL_AREA_STYLE_COLOUR ( '', #974 ) ;
#3326 =( LENGTH_UNIT ( ) NAMED_UNIT ( * ) SI_UNIT ( $, .METRE. ) );
#3327 = FILL_AREA_STYLE ('',( #3667 ) ) ;
#3328 =( GEOMETRIC_REPRESENTATION_CONTEXT ( 3 ) GLOBAL_UNCERTAINTY_ASSIGNED_CONTEXT ( ( #2926 ) ) GLOBAL_UNIT_ASSIGNED_CONTEXT ( ( #500, #3296, #2973 ) ) REPRESENTATION_CONTEXT ( 'NONE', 'WORKASPACE' ) );
#3329 = ORIENTED_EDGE ( 'NONE', *, *, #2446, .F. ) ;
#3330 = LENGTH_MEASURE_WITH_UNIT ( LENGTH_MEASURE( 0.02539999999999999897 ), #2930 );
#3331 = VECTOR ( 'NONE', #4538, 39.37007874015748143 ) ;
#3332 = CARTESIAN_POINT ( 'NONE',  ( 0.1139011624204879919, -0.1229527891282501117, 0.07798148781120592399 ) ) ;
#3333 = PRODUCT ( 'Part_97', 'Part_97', '', ( #456 ) ) ;
#3334 = CARTESIAN_POINT ( 'NONE',  ( 0.01641581894526101051, -0.08735506362899743416, 0.09842519685039370636 ) ) ;
#3335 =( LENGTH_UNIT ( ) NAMED_UNIT ( * ) SI_UNIT ( $, .METRE. ) );
#3336 = FACE_OUTER_BOUND ( 'NONE', #3255, .T. ) ;
#3337 = DIRECTION ( 'NONE',  ( 0.000000000000000000, 1.000000000000000000, 0.000000000000000000 ) ) ;
#3338 =( BOUNDED_CURVE ( )  B_SPLINE_CURVE ( 3, ( #3785, #306, #625, #4176 ),
 .UNSPECIFIED., .F., .T. ) 
 B_SPLINE_CURVE_WITH_KNOTS ( ( 4, 4 ),
 ( 5.503884855907086759, 7.062485758452087481 ),
 .UNSPECIFIED. ) 
 CURVE ( )  GEOMETRIC_REPRESENTATION_ITEM ( )  RATIONAL_B_SPLINE_CURVE ( ( 1.000000000000000000, 0.8076035614970786813, 0.8076035614970786813, 1.000000000000000000 ) ) 
 REPRESENTATION_ITEM ( '' )  );
#3339 = PLANE ( 'NONE',  #4219 ) ;
#3340 = DIRECTION ( 'NONE',  ( -0.000000000000000000, -1.824854394960610109E-29, 1.000000000000000000 ) ) ;
#3341 = LENGTH_MEASURE_WITH_UNIT ( LENGTH_MEASURE( 0.02539999999999999897 ), #444 );
#3342 = UNCERTAINTY_MEASURE_WITH_UNIT (LENGTH_MEASURE( 1.000000000000000082E-05 ), #3112, 'distance_accuracy_value', 'NONE');
#3343 = CYLINDRICAL_SURFACE ( 'NONE', #3258, 0.01181102362204724046 ) ;
#3344 = AXIS2_PLACEMENT_3D ( 'NONE', #4162, #2015, #294 ) ;
#3345 = ORIENTED_EDGE ( 'NONE', *, *, #3827, .T. ) ;
#3346 =( NAMED_UNIT ( * ) SI_UNIT ( $, .STERADIAN. ) SOLID_ANGLE_UNIT ( ) );
#3347 = CARTESIAN_POINT ( 'NONE',  ( 0.1198785008695568838, -0.1069378805101795921, 0.08572732244063115126 ) ) ;
#3348 = VECTOR ( 'NONE', #417, 39.37007874015748854 ) ;
#3349 = UNCERTAINTY_MEASURE_WITH_UNIT (LENGTH_MEASURE( 1.000000000000000082E-05 ), #275, 'distance_accuracy_value', 'NONE');
#3350 = VECTOR ( 'NONE', #691, 39.37007874015748854 ) ;
#3351 = VECTOR ( 'NONE', #3791, 39.37007874015748143 ) ;
#3352 = DIRECTION ( 'NONE',  ( 1.000000000000000000, 0.000000000000000000, 0.000000000000000000 ) ) ;
#3353 = LINE ( 'NONE', #827, #2875 ) ;
#3354 = CARTESIAN_POINT ( 'NONE',  ( -0.1240157466235122102, -0.1067651494899796855, -2.347681869555226049E-17 ) ) ;
#3355 = PRESENTATION_LAYER_ASSIGNMENT (  '', '', ( #3273 ) ) ;
#3356 = ITEM_DEFINED_TRANSFORMATION ( 'NONE', 'NONE', #567,  #3288 ) ;
#3357 = DIMENSIONAL_EXPONENTS ( 1.000000000000000000, 0.000000000000000000, 0.000000000000000000, 0.000000000000000000, 0.000000000000000000, 0.000000000000000000, 0.000000000000000000 ) ;
#3358 = EDGE_CURVE ( 'NONE', #2500, #447, #4155, .T. ) ;
#3359 = ORIENTED_EDGE ( 'NONE', *, *, #1328, .T. ) ;
#3360 = COLOUR_RGB ( '',0.8313725490196077761, 0.8313725490196077761, 0.8313725490196077761 ) ;
#3361 = FILL_AREA_STYLE_COLOUR ( '', #1271 ) ;
#3362 = CARTESIAN_POINT ( 'NONE',  ( 0.04488188976377952694, -0.2314960629921287427, 0.009842519668641693323 ) ) ;
#3363 = VERTEX_POINT ( 'NONE', #2066 ) ;
#3364 =( NAMED_UNIT ( * ) PLANE_ANGLE_UNIT ( ) SI_UNIT ( $, .RADIAN. ) );
#3365 = FILL_AREA_STYLE ('',( #586 ) ) ;
#3366 = DIRECTION ( 'NONE',  ( -1.000000000000000000, 0.000000000000000000, 0.000000000000000000 ) ) ;
#3367 = EDGE_CURVE ( 'NONE', #3925, #4147, #3399, .T. ) ;
#3368 = EDGE_CURVE ( 'NONE', #3523, #1841, #3426, .T. ) ;
#3369 = DIRECTION ( 'NONE',  ( -1.000000000000000000, -0.000000000000000000, 0.000000000000000000 ) ) ;
#3370 = CARTESIAN_POINT ( 'NONE',  ( 0.03307087177366720837, -0.2158513303330307220, 0.01968503933728341093 ) ) ;
#3371 = FILL_AREA_STYLE ('',( #3388 ) ) ;
#3372 = EDGE_LOOP ( 'NONE', ( #2276, #857, #35, #396 ) ) ;
#3373 = CARTESIAN_POINT ( 'NONE',  ( -0.1193235826322237292, 0.1223916564829916065, 0.03577806690775584691 ) ) ;
#3374 = SURFACE_STYLE_USAGE ( .BOTH. , #4534 ) ;
#3375 = SURFACE_STYLE_USAGE ( .BOTH. , #3668 ) ;
#3376 = ORIENTED_EDGE ( 'NONE', *, *, #1181, .F. ) ;
#3377 = LINE ( 'NONE', #1625, #4409 ) ;
#3378 = PRESENTATION_STYLE_ASSIGNMENT (( #1626 ) ) ;
#3379 = CARTESIAN_POINT ( 'NONE',  ( -0.1083750633130067392, -0.1084901687106428203, 0.09781377893776740939 ) ) ;
#3380 = ORIENTED_EDGE ( 'NONE', *, *, #4419, .F. ) ;
#3381 = CYLINDRICAL_SURFACE ( 'NONE', #4008, 0.03937007866682492446 ) ;
#3382 = DIMENSIONAL_EXPONENTS ( 1.000000000000000000, 0.000000000000000000, 0.000000000000000000, 0.000000000000000000, 0.000000000000000000, 0.000000000000000000, 0.000000000000000000 ) ;
#3383 = CARTESIAN_POINT ( 'NONE',  ( 0.03307087177366720837, -0.1102362204724421230, 0.05511811016288858944 ) ) ;
#3384 = PLANE ( 'NONE',  #1547 ) ;
#3385 = ADVANCED_FACE ( 'NONE', ( #3867 ), #1751, .T. ) ;
#3386 = LINE ( 'NONE', #3100, #4288 ) ;
#3387 = CARTESIAN_POINT ( 'NONE',  ( -0.1148677646145330467, 0.1093559517487987937, 0.09459351435917275064 ) ) ;
#3388 = FILL_AREA_STYLE_COLOUR ( '', #42 ) ;
#3389 = AXIS2_PLACEMENT_3D ( 'NONE', #767, #2917, #2494 ) ;
#3390 = UNCERTAINTY_MEASURE_WITH_UNIT (LENGTH_MEASURE( 1.000000000000000082E-05 ), #3673, 'distance_accuracy_value', 'NONE');
#3391 = ORIENTED_EDGE ( 'NONE', *, *, #3772, .T. ) ;
#3392 = DIRECTION ( 'NONE',  ( 0.000000000000000000, -0.000000000000000000, -1.000000000000000000 ) ) ;
#3393 = SURFACE_STYLE_FILL_AREA ( #3327 ) ;
#3394 = CARTESIAN_POINT ( 'NONE',  ( 0.1087102328802070778, -0.1031984200144728386, 0.09842519685039370636 ) ) ;
#3395 = COLOUR_RGB ( '',0.2862745098039215508, 0.2862745098039215508, 0.2862745098039215508 ) ;
#3396 = ORIENTED_EDGE ( 'NONE', *, *, #4257, .F. ) ;
#3397 =( NAMED_UNIT ( * ) PLANE_ANGLE_UNIT ( ) SI_UNIT ( $, .RADIAN. ) );
#3398 = STYLED_ITEM ( 'NONE', ( #4466 ), #4401 ) ;
#3399 = LINE ( 'NONE', #3051, #142 ) ;
#3400 = CARTESIAN_POINT ( 'NONE',  ( -0.01061136451048998348, -0.08982152528140886771, 0.09842519685039372024 ) ) ;
#3401 = CARTESIAN_POINT ( 'NONE',  ( -0.1241564091222522315, -0.09635974510411650373, 0.09499641984079255919 ) ) ;
#3402 = VERTEX_POINT ( 'NONE', #1383 ) ;
#3403 = CARTESIAN_POINT ( 'NONE',  ( 0.05669290775389173448, -0.1102362204724421230, 0.04527559051451535838 ) ) ;
#3404 = LINE ( 'NONE', #3432, #4072 ) ;
#3405 = CARTESIAN_POINT ( 'NONE',  ( 0.1148677646145330189, 0.1093559517487987520, 0.09459351435917275064 ) ) ;
#3406 = CARTESIAN_POINT ( 'NONE',  ( 0.03307087177366720837, -0.2109849210383858420, -0.01968503937007870172 ) ) ;
#3407 = PRESENTATION_LAYER_ASSIGNMENT (  '', '', ( #2233 ) ) ;
#3408 = CARTESIAN_POINT ( 'NONE',  ( -0.02786517945796132892, -0.05708661417322914017, 0.09645669291338582196 ) ) ;
#3409 = STYLED_ITEM ( 'NONE', ( #1540 ), #2869 ) ;
#3410 = ADVANCED_FACE ( 'NONE', ( #405 ), #701, .T. ) ;
#3411 = CARTESIAN_POINT ( 'NONE',  ( -0.1154474795271961673, 0.1157522861284660948, 0.08921020711694958860 ) ) ;
#3412 = CARTESIAN_POINT ( 'NONE',  ( 0.03307087177366720837, -0.1102362204724421230, -0.04527559051451535838 ) ) ;
#3413 = MECHANICAL_DESIGN_GEOMETRIC_PRESENTATION_REPRESENTATION (  '', ( #2441 ), #4509 ) ;
#3414 = EDGE_LOOP ( 'NONE', ( #2978, #1157, #4280, #1418 ) ) ;
#3415 = PRODUCT_RELATED_PRODUCT_CATEGORY ( 'part', '', ( #3250 ) ) ;
#3416 = PRESENTATION_STYLE_ASSIGNMENT (( #4169 ) ) ;
#3417 =( GEOMETRIC_REPRESENTATION_CONTEXT ( 3 ) GLOBAL_UNCERTAINTY_ASSIGNED_CONTEXT ( ( #800 ) ) GLOBAL_UNIT_ASSIGNED_CONTEXT ( ( #1865, #812, #2933 ) ) REPRESENTATION_CONTEXT ( 'NONE', 'WORKASPACE' ) );
#3418 = FILL_AREA_STYLE ('',( #236 ) ) ;
#3419 = DIRECTION ( 'NONE',  ( -0.000000000000000000, -0.000000000000000000, 1.000000000000000000 ) ) ;
#3420 = ORIENTED_EDGE ( 'NONE', *, *, #695, .F. ) ;
#3421 = EDGE_CURVE ( 'NONE', #3524, #4032, #1838, .T. ) ;
#3422 =( GEOMETRIC_REPRESENTATION_CONTEXT ( 3 ) GLOBAL_UNCERTAINTY_ASSIGNED_CONTEXT ( ( #4076 ) ) GLOBAL_UNIT_ASSIGNED_CONTEXT ( ( #1188, #2984, #584 ) ) REPRESENTATION_CONTEXT ( 'NONE', 'WORKASPACE' ) );
#3423 = UNCERTAINTY_MEASURE_WITH_UNIT (LENGTH_MEASURE( 1.000000000000000082E-05 ), #2915, 'distance_accuracy_value', 'NONE');
#3424 = PRESENTATION_STYLE_ASSIGNMENT (( #950 ) ) ;
#3425 = ORIENTED_EDGE ( 'NONE', *, *, #2962, .T. ) ;
#3426 = LINE ( 'NONE', #357, #3600 ) ;
#3427 = CIRCLE ( 'NONE', #2812, 0.01181102362204723699 ) ;
#3428 = STYLED_ITEM ( 'NONE', ( #3138 ), #989 ) ;
#3429 = CARTESIAN_POINT ( 'NONE',  ( -0.01155935289356376308, -0.08950080156517080388, 0.09842519685039370636 ) ) ;
#3430 = CARTESIAN_POINT ( 'NONE',  ( 0.000000000000000000, 0.000000000000000000, 0.000000000000000000 ) ) ;
#3431 = VERTEX_POINT ( 'NONE', #1778 ) ;
#3432 = CARTESIAN_POINT ( 'NONE',  ( 0.1160690469671637887, 0.1224409416317941007, 0.03543307086614169710 ) ) ;
#3433 = PLANE ( 'NONE',  #4418 ) ;
#3434 = MECHANICAL_DESIGN_GEOMETRIC_PRESENTATION_REPRESENTATION (  '', ( #3575 ), #486 ) ;
#3435 = PRESENTATION_STYLE_ASSIGNMENT (( #961 ) ) ;
#3436 = CARTESIAN_POINT ( 'NONE',  ( -0.09904354743320180343, 0.1229527891282500840, 0.08944687502559335590 ) ) ;
#3437 = CARTESIAN_POINT ( 'NONE',  ( 0.03307087177366720837, -0.1102362204724421230, 0.03543307086614220364 ) ) ;
#3438 = ORIENTED_EDGE ( 'NONE', *, *, #89, .T. ) ;
#3439 = DIRECTION ( 'NONE',  ( 1.000000000000000000, 0.000000000000000000, 0.000000000000000000 ) ) ;
#3440 = PRESENTATION_LAYER_ASSIGNMENT (  '', '', ( #4323 ) ) ;
#3441 = CARTESIAN_POINT ( 'NONE',  ( 0.04488188976377952694, -0.2109849210383858420, 2.775557561562889810E-17 ) ) ;
#3442 = EDGE_CURVE ( 'NONE', #360, #2169, #751, .T. ) ;
#3443 = CARTESIAN_POINT ( 'NONE',  ( -0.009208043539941130826, -0.07634816006622369144, 0.09448818897637796532 ) ) ;
#3444 = DIRECTION ( 'NONE',  ( -0.000000000000000000, -1.000000000000000000, 0.000000000000000000 ) ) ;
#3445 = CARTESIAN_POINT ( 'NONE',  ( -0.03439396841535381083, -0.05708661417322912629, 0.09842519685039370636 ) ) ;
#3446 =( NAMED_UNIT ( * ) PLANE_ANGLE_UNIT ( ) SI_UNIT ( $, .RADIAN. ) );
#3447 = ORIENTED_EDGE ( 'NONE', *, *, #3772, .F. ) ;
#3448 = PRODUCT_DEFINITION_SHAPE ( 'NONE', 'NONE',  #4573 ) ;
#3449 = EDGE_CURVE ( 'NONE', #3145, #3209, #871, .T. ) ;
#3450 = LINE ( 'NONE', #4091, #544 ) ;
#3451 = DIRECTION ( 'NONE',  ( -0.000000000000000000, -1.000000000000000000, 0.000000000000000000 ) ) ;
#3452 = CARTESIAN_POINT ( 'NONE',  ( 0.1087102328802070778, 0.1083410571495866809, 0.09724683810113851634 ) ) ;
#3453 =( LENGTH_UNIT ( ) NAMED_UNIT ( * ) SI_UNIT ( $, .METRE. ) );
#3454 =( BOUNDED_SURFACE ( )  B_SPLINE_SURFACE ( 3, 3, ( 
 ( #389, #1789, #659, #269 ),
 ( #2331, #2088, #1340, #4156 ),
 ( #1731, #3803, #641, #1707 ),
 ( #4544, #3113, #4177, #1018 ) ),
 .UNSPECIFIED., .F., .F., .F. ) 
 B_SPLINE_SURFACE_WITH_KNOTS ( ( 4, 4 ),
 ( 4, 4 ),
 ( 0.000000000000000000, 1.000000000000000000 ),
 ( 0.000000000000000000, 1.000000000000000000 ),
 .UNSPECIFIED. ) 
 GEOMETRIC_REPRESENTATION_ITEM ( )  RATIONAL_B_SPLINE_SURFACE ( (
 ( 1.000000000000000000, 0.3333333333333339810, 0.3333333333333339810, 1.000000000000000000),
 ( 0.9309765965421643585, 0.3103255321807220635, 0.3103255321807220635, 0.9309765965421643585),
 ( 0.9309765965421643585, 0.3103255321807220635, 0.3103255321807220635, 0.9309765965421643585),
 ( 1.000000000000000000, 0.3333333333333339810, 0.3333333333333339810, 1.000000000000000000) ) ) 
 REPRESENTATION_ITEM ( '' )  SURFACE ( )  );
#3455 = DIRECTION ( 'NONE',  ( 0.000000000000000000, -0.8944271909999159664, 0.4472135954999579832 ) ) ;
#3456 = ORIENTED_EDGE ( 'NONE', *, *, #3966, .F. ) ;
#3457 =( CONVERSION_BASED_UNIT ( 'INCH', #3757 ) LENGTH_UNIT ( ) NAMED_UNIT ( #2203 ) );
#3458 = DIRECTION ( 'NONE',  ( -0.000000000000000000, 1.000000000000000000, 0.000000000000000000 ) ) ;
#3459 =( LENGTH_UNIT ( ) NAMED_UNIT ( * ) SI_UNIT ( $, .METRE. ) );
#3460 = DIRECTION ( 'NONE',  ( -0.3185010084789289264, -0.8533504650966927674, -0.4127348922942709053 ) ) ;
#3461 = UNCERTAINTY_MEASURE_WITH_UNIT (LENGTH_MEASURE( 1.000000000000000082E-05 ), #1661, 'distance_accuracy_value', 'NONE');
#3462 = CIRCLE ( 'NONE', #453, 0.01181102362204724913 ) ;
#3463 = CARTESIAN_POINT ( 'NONE',  ( -0.01237059810162439294, -0.07458357471855679710, 0.09448818897637795144 ) ) ;
#3464 = ADVANCED_FACE ( 'NONE', ( #536 ), #1907, .F. ) ;
#3465 = PRESENTATION_STYLE_ASSIGNMENT (( #4132 ) ) ;
#3466 = COLOUR_RGB ( '',0.8313725490196077761, 0.8313725490196077761, 0.8313725490196077761 ) ;
#3467 = ORIENTED_EDGE ( 'NONE', *, *, #141, .F. ) ;
#3468 = FILL_AREA_STYLE ('',( #1043 ) ) ;
#3469 = COLOUR_RGB ( '',0.2862745098039215508, 0.2862745098039215508, 0.2862745098039215508 ) ;
#3470 =( NAMED_UNIT ( * ) PLANE_ANGLE_UNIT ( ) SI_UNIT ( $, .RADIAN. ) );
#3471 = VECTOR ( 'NONE', #4334, 39.37007874015748143 ) ;
#3472 = CARTESIAN_POINT ( 'NONE',  ( -0.02367582059326544391, -0.05708661417322914711, 0.09448818897637795144 ) ) ;
#3473 = LINE ( 'NONE', #313, #2094 ) ;
#3474 =( GEOMETRIC_REPRESENTATION_CONTEXT ( 3 ) GLOBAL_UNCERTAINTY_ASSIGNED_CONTEXT ( ( #1029 ) ) GLOBAL_UNIT_ASSIGNED_CONTEXT ( ( #475, #1424, #722 ) ) REPRESENTATION_CONTEXT ( 'NONE', 'WORKASPACE' ) );
#3475 =( NAMED_UNIT ( * ) PLANE_ANGLE_UNIT ( ) SI_UNIT ( $, .RADIAN. ) );
#3476 = SURFACE_SIDE_STYLE ('',( #3064 ) ) ;
#3477 = COLOUR_RGB ( '',0.2862745098039215508, 0.2862745098039215508, 0.2862745098039215508 ) ;
#3478 = CARTESIAN_POINT ( 'NONE',  ( 0.000000000000000000, -0.04330709576606731753, 0.000000000000000000 ) ) ;
#3479 = SURFACE_STYLE_FILL_AREA ( #2164 ) ;
#3480 =( NAMED_UNIT ( * ) SI_UNIT ( $, .STERADIAN. ) SOLID_ANGLE_UNIT ( ) );
#3481 = ORIENTED_EDGE ( 'NONE', *, *, #1811, .F. ) ;
#3482 = MECHANICAL_DESIGN_GEOMETRIC_PRESENTATION_REPRESENTATION (  '', ( #1200 ), #7 ) ;
#3483 = ORIENTED_EDGE ( 'NONE', *, *, #3827, .F. ) ;
#3484 =( BOUNDED_SURFACE ( )  B_SPLINE_SURFACE ( 3, 3, ( 
 ( #2670, #3810, #647, #2074 ),
 ( #3472, #3008, #277, #3750 ),
 ( #1609, #4071, #1675, #589 ),
 ( #3408, #1655, #3060, #4461 ) ),
 .UNSPECIFIED., .F., .F., .F. ) 
 B_SPLINE_SURFACE_WITH_KNOTS ( ( 4, 4 ),
 ( 4, 4 ),
 ( 0.000000000000000000, 1.000000000000000000 ),
 ( 0.000000000000000000, 1.000000000000000000 ),
 .UNSPECIFIED. ) 
 GEOMETRIC_REPRESENTATION_ITEM ( )  RATIONAL_B_SPLINE_SURFACE ( (
 ( 1.000000000000000000, 0.3333333333333334259, 0.3333333333333334259, 1.000000000000000000),
 ( 0.9716180718375586611, 0.3238726906125196647, 0.3238726906125196647, 0.9716180718375586611),
 ( 0.9716180718375586611, 0.3238726906125196647, 0.3238726906125196647, 0.9716180718375586611),
 ( 1.000000000000000000, 0.3333333333333334259, 0.3333333333333334259, 1.000000000000000000) ) ) 
 REPRESENTATION_ITEM ( '' )  SURFACE ( )  );
#3485 =( LENGTH_UNIT ( ) NAMED_UNIT ( * ) SI_UNIT ( $, .METRE. ) );
#3486 = ORIENTED_EDGE ( 'NONE', *, *, #1314, .T. ) ;
#3487 = VECTOR ( 'NONE', #3957, 39.37007874015748143 ) ;
#3488 =( REPRESENTATION_RELATIONSHIP ('NONE','NONE', #1735, #304 ) REPRESENTATION_RELATIONSHIP_WITH_TRANSFORMATION ( #121 )SHAPE_REPRESENTATION_RELATIONSHIP( ) );
#3489 = DIRECTION ( 'NONE',  ( 0.000000000000000000, 0.000000000000000000, -1.000000000000000000 ) ) ;
#3490 = AXIS2_PLACEMENT_3D ( 'NONE', #3585, #439, #2916 ) ;
#3491 = EDGE_LOOP ( 'NONE', ( #1357, #3329, #3116, #3909 ) ) ;
#3492 = LENGTH_MEASURE_WITH_UNIT ( LENGTH_MEASURE( 0.02539999999999999897 ), #663 );
#3493 = EDGE_CURVE ( 'NONE', #446, #1228, #1497, .T. ) ;
#3494 = AXIS2_PLACEMENT_3D ( 'NONE', #2976, #3299, #4388 ) ;
#3495 = DIRECTION ( 'NONE',  ( 1.224646799147353207E-16, -1.000000000000000000, 0.000000000000000000 ) ) ;
#3496 = PRESENTATION_STYLE_ASSIGNMENT (( #2095 ) ) ;
#3497 = LINE ( 'NONE', #2385, #169 ) ;
#3498 = MECHANICAL_DESIGN_GEOMETRIC_PRESENTATION_REPRESENTATION (  '', ( #1892 ), #3573 ) ;
#3499 = CARTESIAN_POINT ( 'NONE',  ( -0.02133639050056881925, -0.05708661417322914711, 0.09448818897637796532 ) ) ;
#3500 = EDGE_CURVE ( 'NONE', #321, #4556, #137, .T. ) ;
#3501 = CARTESIAN_POINT ( 'NONE',  ( 0.05669290775389173448, -0.2088085965456299153, 0.02403768819161446191 ) ) ;
#3502 = CARTESIAN_POINT ( 'NONE',  ( -0.1148677646145330050, -0.1093559517487987798, 0.09459351435917273676 ) ) ;
#3503 = EDGE_LOOP ( 'NONE', ( #3028, #4473, #3074, #784 ) ) ;
#3504 = VERTEX_POINT ( 'NONE', #1881 ) ;
#3505 = PRESENTATION_LAYER_ASSIGNMENT (  '', '', ( #677 ) ) ;
#3506 = EDGE_CURVE ( 'NONE', #1456, #3316, #4413, .T. ) ;
#3507 = EDGE_LOOP ( 'NONE', ( #755, #4328, #154, #897, #3447, #4489, #741, #3533, #3740, #2328, #3882, #1809 ) ) ;
#3508 = FILL_AREA_STYLE_COLOUR ( '', #1036 ) ;
#3509 = UNCERTAINTY_MEASURE_WITH_UNIT (LENGTH_MEASURE( 1.000000000000000082E-05 ), #1272, 'distance_accuracy_value', 'NONE');
#3510 =( NAMED_UNIT ( * ) PLANE_ANGLE_UNIT ( ) SI_UNIT ( $, .RADIAN. ) );
#3511 = FILL_AREA_STYLE ('',( #2536 ) ) ;
#3512 = DIRECTION ( 'NONE',  ( 0.000000000000000000, 0.000000000000000000, -1.000000000000000000 ) ) ;
#3513 =( NAMED_UNIT ( * ) SI_UNIT ( $, .STERADIAN. ) SOLID_ANGLE_UNIT ( ) );
#3514 = ORIENTED_EDGE ( 'NONE', *, *, #310, .T. ) ;
#3515 = PRODUCT_DEFINITION_FORMATION_WITH_SPECIFIED_SOURCE ( 'ANY', '', #81, .NOT_KNOWN. ) ;
#3516 = DIRECTION ( 'NONE',  ( 0.1400280084028002470, -0.1400280084028018290, -0.9801960588196068080 ) ) ;
#3517 = PRODUCT_DEFINITION_SHAPE ( 'NONE', 'NONE',  #4574 ) ;
#3518 = EDGE_CURVE ( 'NONE', #3363, #2062, #1388, .T. ) ;
#3519 = CARTESIAN_POINT ( 'NONE',  ( -0.005291917742911310743, -0.03640380993306962382, 0.09448818897637796532 ) ) ;
#3520 = CARTESIAN_POINT ( 'NONE',  ( 0.03439396841535381777, -0.05708661417322914017, 0.08661417322834646937 ) ) ;
#3521 = SURFACE_STYLE_USAGE ( .BOTH. , #2118 ) ;
#3522 =( NAMED_UNIT ( * ) SI_UNIT ( $, .STERADIAN. ) SOLID_ANGLE_UNIT ( ) );
#3523 = VERTEX_POINT ( 'NONE', #2946 ) ;
#3524 = VERTEX_POINT ( 'NONE', #1205 ) ;
#3525 = CARTESIAN_POINT ( 'NONE',  ( 0.1279524187820825776, 0.1107482890620774402, 0.03543542087429302906 ) ) ;
#3526 = DIRECTION ( 'NONE',  ( -1.000000000000000000, -0.000000000000000000, -0.000000000000000000 ) ) ;
#3527 =( CONVERSION_BASED_UNIT ( 'INCH', #400 ) LENGTH_UNIT ( ) NAMED_UNIT ( #1947 ) );
#3528 = AXIS2_PLACEMENT_3D ( 'NONE', #2329, #3742, #581 ) ;
#3529 = CARTESIAN_POINT ( 'NONE',  ( 0.04488188976377952694, -0.2314960629921287427, -1.067128122525102820E-17 ) ) ;
#3530 = CARTESIAN_POINT ( 'NONE',  ( 0.1087102328802070639, 0.1031984200144728248, 0.08661417322834634447 ) ) ;
#3531 =( LENGTH_UNIT ( ) NAMED_UNIT ( * ) SI_UNIT ( $, .METRE. ) );
#3532 = AXIS2_PLACEMENT_3D ( 'NONE', #3520, #2678, #2405 ) ;
#3533 = ORIENTED_EDGE ( 'NONE', *, *, #1666, .F. ) ;
#3534 = LENGTH_MEASURE_WITH_UNIT ( LENGTH_MEASURE( 0.02539999999999999897 ), #1409 );
#3535 = CARTESIAN_POINT ( 'NONE',  ( 0.000000000000000000, 0.1614173054695129950, 0.000000000000000000 ) ) ;
#3536 = AXIS2_PLACEMENT_3D ( 'NONE', #3554, #1827, #382 ) ;
#3537 = VERTEX_POINT ( 'NONE', #1931 ) ;
#3538 = LINE ( 'NONE', #391, #188 ) ;
#3539 = FILL_AREA_STYLE ('',( #3586 ) ) ;
#3540 = LINE ( 'NONE', #1792, #1421 ) ;
#3541 = CARTESIAN_POINT ( 'NONE',  ( 0.03307087177366720837, -0.2088085965456302207, -0.02403768819161440640 ) ) ;
#3542 = ORIENTED_EDGE ( 'NONE', *, *, #1010, .F. ) ;
#3543 = VERTEX_POINT ( 'NONE', #2605 ) ;
#3544 = PRESENTATION_LAYER_ASSIGNMENT (  '', '', ( #973 ) ) ;
#3545 = ORIENTED_EDGE ( 'NONE', *, *, #3767, .F. ) ;
#3546 = SURFACE_SIDE_STYLE ('',( #426 ) ) ;
#3547 = DIMENSIONAL_EXPONENTS ( 1.000000000000000000, 0.000000000000000000, 0.000000000000000000, 0.000000000000000000, 0.000000000000000000, 0.000000000000000000, 0.000000000000000000 ) ;
#3548 = CARTESIAN_POINT ( 'NONE',  ( 0.05669290775389173448, -0.1933780865698838114, 0.01088162213582788244 ) ) ;
#3549 =( LENGTH_UNIT ( ) NAMED_UNIT ( * ) SI_UNIT ( $, .METRE. ) );
#3550 = VECTOR ( 'NONE', #1247, 39.37007874015748143 ) ;
#3551 = UNCERTAINTY_MEASURE_WITH_UNIT (LENGTH_MEASURE( 1.000000000000000082E-05 ), #3881, 'distance_accuracy_value', 'NONE');
#3552 = AXIS2_PLACEMENT_3D ( 'NONE', #278, #988, #2787 ) ;
#3553 = DIRECTION ( 'NONE',  ( 1.000000000000000000, 0.000000000000000000, -0.000000000000000000 ) ) ;
#3554 = CARTESIAN_POINT ( 'NONE',  ( 0.1259842505605200946, 0.000000000000000000, 0.01771653543307078957 ) ) ;
#3555 = VECTOR ( 'NONE', #550, 39.37007874015748143 ) ;
#3556 = MECHANICAL_DESIGN_GEOMETRIC_PRESENTATION_REPRESENTATION (  '', ( #990 ), #3422 ) ;
#3557 = LINE ( 'NONE', #2403, #3348 ) ;
#3558 = APPLICATION_CONTEXT ( 'automotive_design' ) ;
#3559 = SURFACE_SIDE_STYLE ('',( #2141 ) ) ;
#3560 = CARTESIAN_POINT ( 'NONE',  ( -0.007172001359331962519, -0.03697911606480779045, 0.09448818897637796532 ) ) ;
#3561 = LINE ( 'NONE', #3285, #3816 ) ;
#3562 = LINE ( 'NONE', #55, #1214 ) ;
#3563 = FILL_AREA_STYLE_COLOUR ( '', #127 ) ;
#3564 = EDGE_LOOP ( 'NONE', ( #2854, #4537, #1430, #2452 ) ) ;
#3565 = UNCERTAINTY_MEASURE_WITH_UNIT (LENGTH_MEASURE( 1.000000000000000082E-05 ), #1151, 'distance_accuracy_value', 'NONE');
#3566 = DIRECTION ( 'NONE',  ( -0.1097642599896889448, -0.1097642599896889448, 0.9878783399072135207 ) ) ;
#3567 = CIRCLE ( 'NONE', #1223, 0.01181102362204724046 ) ;
#3568 = ORIENTED_EDGE ( 'NONE', *, *, #3920, .F. ) ;
#3569 = FILL_AREA_STYLE_COLOUR ( '', #4139 ) ;
#3570 = CARTESIAN_POINT ( 'NONE',  ( -0.1240157466235121964, -0.1136588237609716667, 0.000000000000000000 ) ) ;
#3571 = ADVANCED_FACE ( 'NONE', ( #4015 ), #853, .T. ) ;
#3572 = CARTESIAN_POINT ( 'NONE',  ( 0.1148677646145330328, -0.1093559517487987381, 0.09459351435917275064 ) ) ;
#3573 =( GEOMETRIC_REPRESENTATION_CONTEXT ( 3 ) GLOBAL_UNCERTAINTY_ASSIGNED_CONTEXT ( ( #3349 ) ) GLOBAL_UNIT_ASSIGNED_CONTEXT ( ( #275, #4460, #2695 ) ) REPRESENTATION_CONTEXT ( 'NONE', 'WORKASPACE' ) );
#3575 = STYLED_ITEM ( 'NONE', ( #1034 ), #1467 ) ;
#3574 = UNCERTAINTY_MEASURE_WITH_UNIT (LENGTH_MEASURE( 1.000000000000000082E-05 ), #3143, 'distance_accuracy_value', 'NONE');
#3576 = DIRECTION ( 'NONE',  ( 0.000000000000000000, 0.000000000000000000, 1.000000000000000000 ) ) ;
#3577 = DIRECTION ( 'NONE',  ( -0.9899494936611664686, -2.891205793294678622E-15, -0.1414213562373096977 ) ) ;
#3578 = EDGE_CURVE ( 'NONE', #1990, #2428, #4552, .T. ) ;
#3579 = SHAPE_DEFINITION_REPRESENTATION ( #2954, #1735 ) ;
#3580 = DIMENSIONAL_EXPONENTS ( 1.000000000000000000, 0.000000000000000000, 0.000000000000000000, 0.000000000000000000, 0.000000000000000000, 0.000000000000000000, 0.000000000000000000 ) ;
#3581 = ORIENTED_EDGE ( 'NONE', *, *, #4220, .F. ) ;
#3582 = ORIENTED_EDGE ( 'NONE', *, *, #1459, .F. ) ;
#3583 = SURFACE_SIDE_STYLE ('',( #2980 ) ) ;
#3584 = EDGE_CURVE ( 'NONE', #3402, #1146, #3462, .T. ) ;
#3585 = CARTESIAN_POINT ( 'NONE',  ( -0.02133639050056881925, -0.05708661417322914017, 0.1062992125984252023 ) ) ;
#3586 = FILL_AREA_STYLE_COLOUR ( '', #3009 ) ;
#3587 = ORIENTED_EDGE ( 'NONE', *, *, #2746, .T. ) ;
#3588 = ORIENTED_EDGE ( 'NONE', *, *, #2874, .F. ) ;
#3589 = EDGE_LOOP ( 'NONE', ( #116, #3001, #3871, #3762 ) ) ;
#3590 = CARTESIAN_POINT ( 'NONE',  ( -0.03333928768985191388, -0.04855033710894374882, 0.09842519685039372024 ) ) ;
#3591 =( NAMED_UNIT ( * ) PLANE_ANGLE_UNIT ( ) SI_UNIT ( $, .RADIAN. ) );
#3592 = FILL_AREA_STYLE_COLOUR ( '', #184 ) ;
#3593 =( CONVERSION_BASED_UNIT ( 'INCH', #1126 ) LENGTH_UNIT ( ) NAMED_UNIT ( #3670 ) );
#3594 = UNCERTAINTY_MEASURE_WITH_UNIT (LENGTH_MEASURE( 1.000000000000000082E-05 ), #5, 'distance_accuracy_value', 'NONE');
#3595 = CARTESIAN_POINT ( 'NONE',  ( 0.05669290775389173448, -0.2158513303330307220, -0.01968503933728341093 ) ) ;
#3596 = LINE ( 'NONE', #3155, #2106 ) ;
#3597 =( CONVERSION_BASED_UNIT ( 'INCH', #163 ) LENGTH_UNIT ( ) NAMED_UNIT ( #2284 ) );
#3598 = APPLICATION_PROTOCOL_DEFINITION ( 'draft international standard', 'automotive_design', 1998, #3030 ) ;
#3599 = ORIENTED_EDGE ( 'NONE', *, *, #2072, .F. ) ;
#3600 = VECTOR ( 'NONE', #1132, 39.37007874015748854 ) ;
#3601 = SURFACE_STYLE_FILL_AREA ( #1111 ) ;
#3602 = FILL_AREA_STYLE ('',( #482 ) ) ;
#3603 = DIRECTION ( 'NONE',  ( 1.000000000000000000, 0.000000000000000000, 0.000000000000000000 ) ) ;
#3604 = PLANE ( 'NONE',  #2037 ) ;
#3605 = DIMENSIONAL_EXPONENTS ( 1.000000000000000000, 0.000000000000000000, 0.000000000000000000, 0.000000000000000000, 0.000000000000000000, 0.000000000000000000, 0.000000000000000000 ) ;
#3606 =( NAMED_UNIT ( * ) SI_UNIT ( $, .STERADIAN. ) SOLID_ANGLE_UNIT ( ) );
#3607 = CARTESIAN_POINT ( 'NONE',  ( -0.08661417663097362163, 0.1555117815732960651, 0.000000000000000000 ) ) ;
#3608 = FACE_OUTER_BOUND ( 'NONE', #4319, .T. ) ;
#3609 = STYLED_ITEM ( 'NONE', ( #195 ), #4163 ) ;
#3610 = ADVANCED_FACE ( 'NONE', ( #2324 ), #1007, .T. ) ;
#3611 = ORIENTED_EDGE ( 'NONE', *, *, #52, .F. ) ;
#3612 = DIRECTION ( 'NONE',  ( -0.000000000000000000, -1.000000000000000000, -0.000000000000000000 ) ) ;
#3613 = VERTEX_POINT ( 'NONE', #3499 ) ;
#3614 = CIRCLE ( 'NONE', #4349, 0.003937007874015741038 ) ;
#3615 = FACE_OUTER_BOUND ( 'NONE', #4414, .T. ) ;
#3616 = CARTESIAN_POINT ( 'NONE',  ( 0.1125050207472448882, 0.1106299180097468499, 0.003356834886870495825 ) ) ;
#3617 = CARTESIAN_POINT ( 'NONE',  ( 0.1082677151861153597, 0.1614173054695129950, 0.000000000000000000 ) ) ;
#3618 = UNCERTAINTY_MEASURE_WITH_UNIT (LENGTH_MEASURE( 1.000000000000000082E-05 ), #2785, 'distance_accuracy_value', 'NONE');
#3619 = ORIENTED_EDGE ( 'NONE', *, *, #2210, .T. ) ;
#3620 = LENGTH_MEASURE_WITH_UNIT ( LENGTH_MEASURE( 0.02539999999999999897 ), #3947 );
#3621 = CARTESIAN_POINT ( 'NONE',  ( 0.04488188976377952694, -0.1933780865698836726, -0.01088162213582739672 ) ) ;
#3622 = FACE_OUTER_BOUND ( 'NONE', #59, .T. ) ;
#3623 = VECTOR ( 'NONE', #3458, 39.37007874015748143 ) ;
#3624 = SHAPE_DEFINITION_REPRESENTATION ( #778, #304 ) ;
#3625 = ORIENTED_EDGE ( 'NONE', *, *, #3518, .T. ) ;
#3626 =( NAMED_UNIT ( * ) PLANE_ANGLE_UNIT ( ) SI_UNIT ( $, .RADIAN. ) );
#3627 = CARTESIAN_POINT ( 'NONE',  ( 0.1191900411027776857, 0.1081780264468411856, 0.08882266103619476660 ) ) ;
#3628 = EDGE_CURVE ( 'NONE', #3952, #3289, #4051, .T. ) ;
#3629 = CLOSED_SHELL ( 'NONE', ( #1879, #2629, #3410, #514, #864, #657, #2925, #3010, #2869, #3781, #374, #965, #4401, #4370 ) ) ;
#3630 = PRESENTATION_STYLE_ASSIGNMENT (( #3260 ) ) ;
#3631 = DIRECTION ( 'NONE',  ( 1.000000000000000000, 0.000000000000000000, 0.000000000000000000 ) ) ;
#3632 = EDGE_CURVE ( 'NONE', #1121, #321, #2071, .T. ) ;
#3633 = LENGTH_MEASURE_WITH_UNIT ( LENGTH_MEASURE( 0.02539999999999999897 ), #1220 );
#3634 = VERTEX_POINT ( 'NONE', #2424 ) ;
#3635 = PRESENTATION_LAYER_ASSIGNMENT (  '', '', ( #1055 ) ) ;
#3636 = SURFACE_STYLE_USAGE ( .BOTH. , #2239 ) ;
#3637 = ORIENTED_EDGE ( 'NONE', *, *, #591, .T. ) ;
#3638 = LINE ( 'NONE', #877, #3253 ) ;
#3639 = FILL_AREA_STYLE ('',( #1147 ) ) ;
#3640 = COLOUR_RGB ( '',0.2862745098039215508, 0.2862745098039215508, 0.2862745098039215508 ) ;
#3641 = STYLED_ITEM ( 'NONE', ( #3496 ), #1149 ) ;
#3642 = DIRECTION ( 'NONE',  ( -1.000000000000000000, -0.000000000000000000, 0.000000000000000000 ) ) ;
#3643 = DIMENSIONAL_EXPONENTS ( 1.000000000000000000, 0.000000000000000000, 0.000000000000000000, 0.000000000000000000, 0.000000000000000000, 0.000000000000000000, 0.000000000000000000 ) ;
#3644 = DIRECTION ( 'NONE',  ( 1.000000000000000000, -0.000000000000000000, -0.000000000000000000 ) ) ;
#3645 = ADVANCED_FACE ( 'NONE', ( #1071 ), #1509, .F. ) ;
#3646 = ORIENTED_EDGE ( 'NONE', *, *, #2770, .T. ) ;
#3647 = CIRCLE ( 'NONE', #2816, 0.01181102362204724046 ) ;
#3648 = PRESENTATION_STYLE_ASSIGNMENT (( #2904 ) ) ;
#3649 = DIRECTION ( 'NONE',  ( -0.000000000000000000, -0.000000000000000000, -1.000000000000000000 ) ) ;
#3650 = CARTESIAN_POINT ( 'NONE',  ( 0.05669290775389173448, -0.1689363388041381919, -0.01574803149606350539 ) ) ;
#3651 = VECTOR ( 'NONE', #3251, 39.37007874015748143 ) ;
#3652 =( LENGTH_UNIT ( ) NAMED_UNIT ( * ) SI_UNIT ( $, .METRE. ) );
#3653 = EDGE_LOOP ( 'NONE', ( #1003, #3625, #3196, #1209 ) ) ;
#3654 = PRESENTATION_STYLE_ASSIGNMENT (( #4294 ) ) ;
#3655 =( CONVERSION_BASED_UNIT ( 'INCH', #1258 ) LENGTH_UNIT ( ) NAMED_UNIT ( #1982 ) );
#3656 = CARTESIAN_POINT ( 'NONE',  ( -0.1240157466235122380, 0.1106299180097468499, -2.507751087933991742E-17 ) ) ;
#3657 = CARTESIAN_POINT ( 'NONE',  ( 0.03307087177366720837, -0.1689363388041381919, 0.05511811016288858944 ) ) ;
#3658 =( GEOMETRIC_REPRESENTATION_CONTEXT ( 3 ) GLOBAL_UNCERTAINTY_ASSIGNED_CONTEXT ( ( #598 ) ) GLOBAL_UNIT_ASSIGNED_CONTEXT ( ( #2376, #3446, #3513 ) ) REPRESENTATION_CONTEXT ( 'NONE', 'WORKASPACE' ) );
#3659 = SURFACE_STYLE_FILL_AREA ( #441 ) ;
#3660 = PRESENTATION_STYLE_ASSIGNMENT (( #527 ) ) ;
#3661 = ORIENTED_EDGE ( 'NONE', *, *, #1670, .T. ) ;
#3662 = DIRECTION ( 'NONE',  ( 0.000000000000000000, 1.824854394960610109E-29, 1.000000000000000000 ) ) ;
#3663 =( NAMED_UNIT ( * ) PLANE_ANGLE_UNIT ( ) SI_UNIT ( $, .RADIAN. ) );
#3664 = UNCERTAINTY_MEASURE_WITH_UNIT (LENGTH_MEASURE( 1.000000000000000082E-05 ), #3593, 'distance_accuracy_value', 'NONE');
#3665 = FILL_AREA_STYLE ('',( #3325 ) ) ;
#3666 = EDGE_CURVE ( 'NONE', #1744, #1040, #3236, .T. ) ;
#3667 = FILL_AREA_STYLE_COLOUR ( '', #879 ) ;
#3668 = SURFACE_SIDE_STYLE ('',( #2262 ) ) ;
#3669 = FACE_OUTER_BOUND ( 'NONE', #2248, .T. ) ;
#3670 = DIMENSIONAL_EXPONENTS ( 1.000000000000000000, 0.000000000000000000, 0.000000000000000000, 0.000000000000000000, 0.000000000000000000, 0.000000000000000000, 0.000000000000000000 ) ;
#3671 = DIRECTION ( 'NONE',  ( 0.000000000000000000, 0.000000000000000000, -1.000000000000000000 ) ) ;
#3672 = ORIENTED_EDGE ( 'NONE', *, *, #3850, .F. ) ;
#3673 =( CONVERSION_BASED_UNIT ( 'INCH', #1571 ) LENGTH_UNIT ( ) NAMED_UNIT ( #2897 ) );
#3674 = PLANE ( 'NONE',  #1384 ) ;
#3675 = CARTESIAN_POINT ( 'NONE',  ( 0.01316683895398684453, -0.08886481839236999580, 0.09842519685039372024 ) ) ;
#3676 = CARTESIAN_POINT ( 'NONE',  ( 0.000000000000000000, 0.000000000000000000, 0.000000000000000000 ) ) ;
#3677 = PRESENTATION_LAYER_ASSIGNMENT (  '', '', ( #4110 ) ) ;
#3678 = DIRECTION ( 'NONE',  ( 0.000000000000000000, 1.000000000000000000, -0.000000000000000000 ) ) ;
#3679 = DIRECTION ( 'NONE',  ( 1.000000000000000000, -0.000000000000000000, -0.000000000000000000 ) ) ;
#3680 = SURFACE_SIDE_STYLE ('',( #1554 ) ) ;
#3681 = CARTESIAN_POINT ( 'NONE',  ( -0.02981470453520849995, 0.002542794897187843246, 0.09774986155350935679 ) ) ;
#3682 = PRESENTATION_STYLE_ASSIGNMENT (( #3706 ) ) ;
#3683 = VERTEX_POINT ( 'NONE', #3607 ) ;
#3684 = FACE_OUTER_BOUND ( 'NONE', #3414, .T. ) ;
#3685 = CARTESIAN_POINT ( 'NONE',  ( 0.03307087177366720837, -0.1102362204724421230, 0.03543307086614220364 ) ) ;
#3686 = AXIS2_PLACEMENT_3D ( 'NONE', #1264, #2987, #4395 ) ;
#3687 = DIRECTION ( 'NONE',  ( 1.000000000000000000, -6.439335343560869610E-32, -1.175084940232224264E-60 ) ) ;
#3688 = SURFACE_STYLE_FILL_AREA ( #1536 ) ;
#3689 = EDGE_CURVE ( 'NONE', #321, #3363, #2236, .T. ) ;
#3690 = PRESENTATION_LAYER_ASSIGNMENT (  '', '', ( #4497 ) ) ;
#3691 = VECTOR ( 'NONE', #4456, 39.37007874015748143 ) ;
#3692 = FACE_OUTER_BOUND ( 'NONE', #1180, .T. ) ;
#3693 = STYLED_ITEM ( 'NONE', ( #62 ), #4320 ) ;
#3694 = ORIENTED_EDGE ( 'NONE', *, *, #109, .F. ) ;
#3695 = ORIENTED_EDGE ( 'NONE', *, *, #3735, .T. ) ;
#3696 = PRESENTATION_LAYER_ASSIGNMENT (  '', '', ( #4359 ) ) ;
#3697 = CARTESIAN_POINT ( 'NONE',  ( 0.1119007082357096478, -0.1093559517487987659, 0.09688314498287907417 ) ) ;
#3698 = CARTESIAN_POINT ( 'NONE',  ( -0.08661417663097362163, 0.1614173054695129950, 0.000000000000000000 ) ) ;
#3699 = CARTESIAN_POINT ( 'NONE',  ( -0.1122047227617090775, 0.1224409416317940869, 0.0004361038350553855390 ) ) ;
#3700 = EDGE_CURVE ( 'NONE', #1593, #3066, #4118, .T. ) ;
#3701 = ADVANCED_BREP_SHAPE_REPRESENTATION ( '', ( #2630, #3288 ), #4244 ) ;
#3702 = DIMENSIONAL_EXPONENTS ( 1.000000000000000000, 0.000000000000000000, 0.000000000000000000, 0.000000000000000000, 0.000000000000000000, 0.000000000000000000, 0.000000000000000000 ) ;
#3703 = CARTESIAN_POINT ( 'NONE',  ( 0.1258558393186259283, 0.09092297189210912789, 0.09347315707005600383 ) ) ;
#3704 = STYLED_ITEM ( 'NONE', ( #3287 ), #179 ) ;
#3705 = CARTESIAN_POINT ( 'NONE',  ( 0.03205453832265717229, -0.05708661417322914711, 0.09842519685039367860 ) ) ;
#3706 = SURFACE_STYLE_USAGE ( .BOTH. , #182 ) ;
#3707 = AXIS2_PLACEMENT_3D ( 'NONE', #2114, #3495, #4275 ) ;
#3708 = FILL_AREA_STYLE_COLOUR ( '', #249 ) ;
#3709 = CARTESIAN_POINT ( 'NONE',  ( 0.03307087177366720837, -0.2158513303330307220, -0.01968503933728341093 ) ) ;
#3710 = FACE_OUTER_BOUND ( 'NONE', #2623, .T. ) ;
#3711 = COLOUR_RGB ( '',0.8313725490196077761, 0.8313725490196077761, 0.8313725490196077761 ) ;
#3712 = LINE ( 'NONE', #2673, #935 ) ;
#3713 = UNCERTAINTY_MEASURE_WITH_UNIT (LENGTH_MEASURE( 1.000000000000000082E-05 ), #4420, 'distance_accuracy_value', 'NONE');
#3714 = STYLED_ITEM ( 'NONE', ( #2242 ), #1543 ) ;
#3715 =( GEOMETRIC_REPRESENTATION_CONTEXT ( 3 ) GLOBAL_UNCERTAINTY_ASSIGNED_CONTEXT ( ( #4311 ) ) GLOBAL_UNIT_ASSIGNED_CONTEXT ( ( #3256, #2913, #123 ) ) REPRESENTATION_CONTEXT ( 'NONE', 'WORKASPACE' ) );
#3716 = FILL_AREA_STYLE_COLOUR ( '', #1950 ) ;
#3717 = LENGTH_MEASURE_WITH_UNIT ( LENGTH_MEASURE( 0.02539999999999999897 ), #3326 );
#3718 =( GEOMETRIC_REPRESENTATION_CONTEXT ( 3 ) GLOBAL_UNCERTAINTY_ASSIGNED_CONTEXT ( ( #1492 ) ) GLOBAL_UNIT_ASSIGNED_CONTEXT ( ( #2225, #3158, #2131 ) ) REPRESENTATION_CONTEXT ( 'NONE', 'WORKASPACE' ) );
#3719 = SURFACE_STYLE_FILL_AREA ( #4472 ) ;
#3720 = ORIENTED_EDGE ( 'NONE', *, *, #1174, .F. ) ;
#3721 = EDGE_CURVE ( 'NONE', #1053, #3171, #1539, .T. ) ;
#3722 = DIRECTION ( 'NONE',  ( -0.000000000000000000, 1.000000000000000000, 0.000000000000000000 ) ) ;
#3723 = CYLINDRICAL_SURFACE ( 'NONE', #794, 0.01968503937007870172 ) ;
#3724 = DIRECTION ( 'NONE',  ( 0.000000000000000000, 0.000000000000000000, 1.000000000000000000 ) ) ;
#3725 = ORIENTED_EDGE ( 'NONE', *, *, #3261, .F. ) ;
#3726 = EDGE_CURVE ( 'NONE', #2451, #1395, #3561, .T. ) ;
#3727 = DIRECTION ( 'NONE',  ( -0.000000000000000000, -0.000000000000000000, 1.000000000000000000 ) ) ;
#3728 = FACE_OUTER_BOUND ( 'NONE', #2822, .T. ) ;
#3729 = DIRECTION ( 'NONE',  ( 0.000000000000000000, -0.4472135954999371110, 0.8944271909999261805 ) ) ;
#3730 = SURFACE_STYLE_USAGE ( .BOTH. , #2318 ) ;
#3731 = DIMENSIONAL_EXPONENTS ( 1.000000000000000000, 0.000000000000000000, 0.000000000000000000, 0.000000000000000000, 0.000000000000000000, 0.000000000000000000, 0.000000000000000000 ) ;
#3732 = LENGTH_MEASURE_WITH_UNIT ( LENGTH_MEASURE( 0.02539999999999999897 ), #1535 );
#3733 =( CONVERSION_BASED_UNIT ( 'INCH', #2019 ) LENGTH_UNIT ( ) NAMED_UNIT ( #2992 ) );
#3734 = VERTEX_POINT ( 'NONE', #442 ) ;
#3735 = EDGE_CURVE ( 'NONE', #3209, #1395, #4362, .T. ) ;
#3736 = LINE ( 'NONE', #1361, #3907 ) ;
#3737 = PRESENTATION_STYLE_ASSIGNMENT (( #3374 ) ) ;
#3738 = DIRECTION ( 'NONE',  ( 0.000000000000000000, 0.000000000000000000, 1.000000000000000000 ) ) ;
#3739 = CARTESIAN_POINT ( 'NONE',  ( 0.1087102328802070778, -0.1031984200144728386, 0.08661417322834646937 ) ) ;
#3740 = ORIENTED_EDGE ( 'NONE', *, *, #4474, .F. ) ;
#3741 = ORIENTED_EDGE ( 'NONE', *, *, #3016, .T. ) ;
#3742 = DIRECTION ( 'NONE',  ( 1.000000000000000000, -0.000000000000000000, -0.000000000000000000 ) ) ;
#3743 = CARTESIAN_POINT ( 'NONE',  ( -0.03177820421914056420, -0.07025345312721632818, 0.09842519685039369248 ) ) ;
#3744 =( NAMED_UNIT ( * ) SI_UNIT ( $, .STERADIAN. ) SOLID_ANGLE_UNIT ( ) );
#3745 = ADVANCED_FACE ( 'NONE', ( #3191 ), #1118, .T. ) ;
#3746 = EDGE_LOOP ( 'NONE', ( #3055, #1173, #3986, #1485, #445, #4103 ) ) ;
#3747 =( LENGTH_UNIT ( ) NAMED_UNIT ( * ) SI_UNIT ( $, .METRE. ) );
#3748 = CARTESIAN_POINT ( 'NONE',  ( 0.03205453832265717923, 0.007022462472085197471, 0.09842519685039369248 ) ) ;
#3749 = STYLED_ITEM ( 'NONE', ( #4129 ), #3147 ) ;
#3750 = CARTESIAN_POINT ( 'NONE',  ( 0.02367582059326544391, -0.05708661417322914711, 0.09448818897637795144 ) ) ;
#3751 = DIRECTION ( 'NONE',  ( 1.000000000000000000, 0.000000000000000000, -0.000000000000000000 ) ) ;
#3752 = EDGE_CURVE ( 'NONE', #770, #1990, #2620, .T. ) ;
#3753 = CARTESIAN_POINT ( 'NONE',  ( -0.1148677646145330883, 0.1093559517487987659, 0.09459351435917272288 ) ) ;
#3754 = DIRECTION ( 'NONE',  ( 0.000000000000000000, 0.000000000000000000, -1.000000000000000000 ) ) ;
#3755 = VERTEX_POINT ( 'NONE', #568 ) ;
#3756 = PRESENTATION_LAYER_ASSIGNMENT (  '', '', ( #2007 ) ) ;
#3757 = LENGTH_MEASURE_WITH_UNIT ( LENGTH_MEASURE( 0.02539999999999999897 ), #2082 );
#3758 = CARTESIAN_POINT ( 'NONE',  ( -0.03205453832265717229, -0.05708661417322914711, 0.09842519685039367860 ) ) ;
#3759 = DIMENSIONAL_EXPONENTS ( 1.000000000000000000, 0.000000000000000000, 0.000000000000000000, 0.000000000000000000, 0.000000000000000000, 0.000000000000000000, 0.000000000000000000 ) ;
#3760 = COLOUR_RGB ( '',0.7490196078431372584, 0.7490196078431372584, 0.7490196078431372584 ) ;
#3761 =( LENGTH_UNIT ( ) NAMED_UNIT ( * ) SI_UNIT ( $, .METRE. ) );
#3762 = ORIENTED_EDGE ( 'NONE', *, *, #2585, .F. ) ;
#3763 = CARTESIAN_POINT ( 'NONE',  ( 0.05669290775389173448, -0.1689363388041381919, 0.03543307086614220364 ) ) ;
#3764 = CARTESIAN_POINT ( 'NONE',  ( 0.05669290775389173448, -0.1102362204724421230, -1.707404996040164512E-17 ) ) ;
#3765 = ORIENTED_EDGE ( 'NONE', *, *, #4458, .F. ) ;
#3766 = DIRECTION ( 'NONE',  ( -1.000000000000000000, 0.000000000000000000, -0.000000000000000000 ) ) ;
#3767 = EDGE_CURVE ( 'NONE', #2054, #671, #2334, .T. ) ;
#3768 = SURFACE_STYLE_USAGE ( .BOTH. , #4504 ) ;
#3769 = CARTESIAN_POINT ( 'NONE',  ( -0.1240157466235121964, 0.1175151493876826908, 0.000000000000000000 ) ) ;
#3770 = VECTOR ( 'NONE', #1909, 39.37007874015748143 ) ;
#3771 = SURFACE_STYLE_FILL_AREA ( #2359 ) ;
#3772 = EDGE_CURVE ( 'NONE', #4556, #1829, #2349, .T. ) ;
#3773 =( LENGTH_UNIT ( ) NAMED_UNIT ( * ) SI_UNIT ( $, .METRE. ) );
#3774 = SURFACE_STYLE_FILL_AREA ( #942 ) ;
#3775 =( BOUNDED_CURVE ( )  B_SPLINE_CURVE ( 3, ( #3354, #3570, #4216, #674 ),
 .UNSPECIFIED., .F., .T. ) 
 B_SPLINE_CURVE_WITH_KNOTS ( ( 4, 4 ),
 ( 2.362292202317297640, 3.920893104862295697 ),
 .UNSPECIFIED. ) 
 CURVE ( )  GEOMETRIC_REPRESENTATION_ITEM ( )  RATIONAL_B_SPLINE_CURVE ( ( 1.000000000000000000, 0.8076035614970793475, 0.8076035614970793475, 1.000000000000000000 ) ) 
 REPRESENTATION_ITEM ( '' )  );
#3776 = LENGTH_MEASURE_WITH_UNIT ( LENGTH_MEASURE( 0.02539999999999999897 ), #4145 );
#3777 = CIRCLE ( 'NONE', #1202, 0.01181102362204724046 ) ;
#3778 = EDGE_LOOP ( 'NONE', ( #1648, #493, #2190, #3174 ) ) ;
#3779 = CARTESIAN_POINT ( 'NONE',  ( -0.1162589478739076976, 0.1224394518624393607, 0.03544349925162156717 ) ) ;
#3780 = SURFACE_SIDE_STYLE ('',( #946 ) ) ;
#3781 = ADVANCED_FACE ( 'NONE', ( #1190 ), #1971, .T. ) ;
#3782 = VECTOR ( 'NONE', #3679, 39.37007874015748143 ) ;
#3783 = PRODUCT_DEFINITION_CONTEXT ( 'detailed design', #3558, 'design' ) ;
#3784 = CARTESIAN_POINT ( 'NONE',  ( 0.007172001359332764829, -0.07719411228165014294, 0.09448818897637797920 ) ) ;
#3785 = CARTESIAN_POINT ( 'NONE',  ( 0.1122769623557134944, -0.1185039337577782487, -1.360588356219506076E-17 ) ) ;
#3786 = STYLED_ITEM ( 'NONE', ( #1072 ), #1765 ) ;
#3787 = MECHANICAL_DESIGN_GEOMETRIC_PRESENTATION_REPRESENTATION (  '', ( #3428 ), #2687 ) ;
#3788 = PRESENTATION_STYLE_ASSIGNMENT (( #2375 ) ) ;
#3789 = DIRECTION ( 'NONE',  ( 0.000000000000000000, 0.000000000000000000, 1.000000000000000000 ) ) ;
#3790 = AXIS2_PLACEMENT_3D ( 'NONE', #1253, #923, #1958 ) ;
#3791 = DIRECTION ( 'NONE',  ( -0.000000000000000000, 0.000000000000000000, 1.000000000000000000 ) ) ;
#3792 = CARTESIAN_POINT ( 'NONE',  ( 0.05669290775389173448, -0.1102362204724421230, -0.01968503933728338665 ) ) ;
#3793 = PRESENTATION_LAYER_ASSIGNMENT (  '', '', ( #3940 ) ) ;
#3794 =( GEOMETRIC_REPRESENTATION_CONTEXT ( 3 ) GLOBAL_UNCERTAINTY_ASSIGNED_CONTEXT ( ( #451 ) ) GLOBAL_UNIT_ASSIGNED_CONTEXT ( ( #3044, #4471, #1296 ) ) REPRESENTATION_CONTEXT ( 'NONE', 'WORKASPACE' ) );
#3795 = FILL_AREA_STYLE ('',( #4093 ) ) ;
#3796 =( NAMED_UNIT ( * ) PLANE_ANGLE_UNIT ( ) SI_UNIT ( $, .RADIAN. ) );
#3797 = SURFACE_STYLE_FILL_AREA ( #3079 ) ;
#3798 = EDGE_CURVE ( 'NONE', #792, #2480, #3980, .T. ) ;
#3799 = VERTEX_POINT ( 'NONE', #4417 ) ;
#3800 = DIRECTION ( 'NONE',  ( 0.000000000000000000, 0.000000000000000000, -1.000000000000000000 ) ) ;
#3801 = CARTESIAN_POINT ( 'NONE',  ( -0.1122047230601311008, -0.04330709576606731753, 0.000000000000000000 ) ) ;
#3802 = ADVANCED_FACE ( 'NONE', ( #3728 ), #3384, .T. ) ;
#3803 = CARTESIAN_POINT ( 'NONE',  ( 0.1151013905572422641, 0.1206205923171689981, 0.08326232163494887151 ) ) ;
#3804 = CARTESIAN_POINT ( 'NONE',  ( -0.1087102328802070778, -0.1031984200144728386, 0.08661417322834646937 ) ) ;
#3805 = ORIENTED_EDGE ( 'NONE', *, *, #488, .T. ) ;
#3806 =( NAMED_UNIT ( * ) SI_UNIT ( $, .STERADIAN. ) SOLID_ANGLE_UNIT ( ) );
#3807 = ADVANCED_BREP_SHAPE_REPRESENTATION ( '', ( #1114, #3288 ), #3658 ) ;
#3808 = DIRECTION ( 'NONE',  ( 0.000000000000000000, -1.000000000000000000, -0.000000000000000000 ) ) ;
#3809 =( NAMED_UNIT ( * ) SI_UNIT ( $, .STERADIAN. ) SOLID_ANGLE_UNIT ( ) );
#3810 = CARTESIAN_POINT ( 'NONE',  ( -0.02133639050056881578, -0.01441383317209151554, 0.09448818897637796532 ) ) ;
#3811 = LINE ( 'NONE', #730, #2602 ) ;
#3812 = COLOUR_RGB ( '',0.8313725490196077761, 0.8313725490196077761, 0.8313725490196077761 ) ;
#3813 = CARTESIAN_POINT ( 'NONE',  ( 0.05669290775389173448, -0.2109849210383858420, -0.01968503937007870172 ) ) ;
#3814 = VECTOR ( 'NONE', #478, 39.37007874015748143 ) ;
#3815 = VERTEX_POINT ( 'NONE', #1044 ) ;
#3816 = VECTOR ( 'NONE', #711, 39.37007874015748143 ) ;
#3817 = EDGE_CURVE ( 'NONE', #1486, #627, #4491, .T. ) ;
#3818 = CYLINDRICAL_SURFACE ( 'NONE', #4305, 0.01181102362204724046 ) ;
#3819 = VECTOR ( 'NONE', #4161, 39.37007874015748143 ) ;
#3820 = DIRECTION ( 'NONE',  ( 0.000000000000000000, 1.000000000000000000, -5.551115123125769883E-16 ) ) ;
#3821 = PRESENTATION_LAYER_ASSIGNMENT (  '', '', ( #2868 ) ) ;
#3822 = ORIENTED_EDGE ( 'NONE', *, *, #3726, .T. ) ;
#3823 = MECHANICAL_DESIGN_GEOMETRIC_PRESENTATION_REPRESENTATION (  '', ( #656 ), #1855 ) ;
#3824 = DIRECTION ( 'NONE',  ( 1.000000000000000000, 0.000000000000000000, 0.000000000000000000 ) ) ;
#3825 = EDGE_CURVE ( 'NONE', #1395, #4019, #187, .T. ) ;
#3826 = DIRECTION ( 'NONE',  ( -0.9899494936611668017, -2.891205793294679411E-15, 0.1414213562373083100 ) ) ;
#3827 = EDGE_CURVE ( 'NONE', #2144, #792, #1349, .T. ) ;
#3828 = UNCERTAINTY_MEASURE_WITH_UNIT (LENGTH_MEASURE( 1.000000000000000082E-05 ), #3655, 'distance_accuracy_value', 'NONE');
#3829 =( NAMED_UNIT ( * ) SI_UNIT ( $, .STERADIAN. ) SOLID_ANGLE_UNIT ( ) );
#3830 = DIRECTION ( 'NONE',  ( 0.000000000000000000, 5.551115123125769883E-16, -1.000000000000000000 ) ) ;
#3831 = FACE_OUTER_BOUND ( 'NONE', #696, .T. ) ;
#3832 = CARTESIAN_POINT ( 'NONE',  ( 0.03307087177366720837, -0.2109849210383858420, -2.347681869555226049E-17 ) ) ;
#3833 = STYLED_ITEM ( 'NONE', ( #1339 ), #2669 ) ;
#3834 = DIRECTION ( 'NONE',  ( 0.000000000000000000, 0.1104315260748449934, -0.9938837346736190126 ) ) ;
#3835 = DIRECTION ( 'NONE',  ( 0.000000000000000000, 0.000000000000000000, 1.000000000000000000 ) ) ;
#3836 = ORIENTED_EDGE ( 'NONE', *, *, #1128, .T. ) ;
#3837 = UNCERTAINTY_MEASURE_WITH_UNIT (LENGTH_MEASURE( 1.000000000000000082E-05 ), #917, 'distance_accuracy_value', 'NONE');
#3838 =( GEOMETRIC_REPRESENTATION_CONTEXT ( 3 ) GLOBAL_UNCERTAINTY_ASSIGNED_CONTEXT ( ( #1816 ) ) GLOBAL_UNIT_ASSIGNED_CONTEXT ( ( #3122, #2360, #2766 ) ) REPRESENTATION_CONTEXT ( 'NONE', 'WORKASPACE' ) );
#3839 = ORIENTED_EDGE ( 'NONE', *, *, #1191, .F. ) ;
#3840 = ORIENTED_EDGE ( 'NONE', *, *, #3798, .F. ) ;
#3841 = DIRECTION ( 'NONE',  ( 0.000000000000000000, 0.000000000000000000, 1.000000000000000000 ) ) ;
#3842 = CARTESIAN_POINT ( 'NONE',  ( 0.05669290775389173448, -0.2041500076755519977, -0.03335486593177038744 ) ) ;
#3843 = DIRECTION ( 'NONE',  ( -1.000000000000000000, 0.000000000000000000, 0.000000000000000000 ) ) ;
#3844 = SURFACE_STYLE_USAGE ( .BOTH. , #1380 ) ;
#3845 = VECTOR ( 'NONE', #4325, 39.37007874015748143 ) ;
#3846 = CARTESIAN_POINT ( 'NONE',  ( -0.02068280424015911736, -0.06237853191614118470, 0.09448818897637796532 ) ) ;
#3847 = CARTESIAN_POINT ( 'NONE',  ( -0.1101750469587291364, 0.1046632340929948973, 0.07636047467869173933 ) ) ;
#3848 = SURFACE_STYLE_USAGE ( .BOTH. , #4222 ) ;
#3849 = VERTEX_POINT ( 'NONE', #1005 ) ;
#3850 = EDGE_CURVE ( 'NONE', #1657, #2691, #4121, .T. ) ;
#3851 = STYLED_ITEM ( 'NONE', ( #473 ), #1586 ) ;
#3852 = SURFACE_SIDE_STYLE ('',( #2445 ) ) ;
#3853 = ADVANCED_FACE ( 'NONE', ( #646 ), #3433, .F. ) ;
#3854 = EDGE_CURVE ( 'NONE', #3925, #716, #1757, .T. ) ;
#3855 = PRESENTATION_LAYER_ASSIGNMENT (  '', '', ( #1892 ) ) ;
#3856 = CARTESIAN_POINT ( 'NONE',  ( 0.01876163893795717089, -0.04650555728852914100, 0.09448818897637797920 ) ) ;
#3857 = CYLINDRICAL_SURFACE ( 'NONE', #1805, 0.03937007866682492446 ) ;
#3858 = CARTESIAN_POINT ( 'NONE',  ( -0.1142880497018698704, -0.1029596173691314231, 0.09997682160139599594 ) ) ;
#3859 = ORIENTED_EDGE ( 'NONE', *, *, #1454, .F. ) ;
#3860 = VERTEX_POINT ( 'NONE', #1139 ) ;
#3861 = EDGE_LOOP ( 'NONE', ( #740, #3324, #2227, #424, #4106, #3939 ) ) ;
#3862 =( NAMED_UNIT ( * ) PLANE_ANGLE_UNIT ( ) SI_UNIT ( $, .RADIAN. ) );
#3863 = CARTESIAN_POINT ( 'NONE',  ( 0.1122047230601311008, 0.1574802975954972539, 0.01968503937007870172 ) ) ;
#3864 = UNCERTAINTY_MEASURE_WITH_UNIT (LENGTH_MEASURE( 1.000000000000000082E-05 ), #4202, 'distance_accuracy_value', 'NONE');
#3865 = CARTESIAN_POINT ( 'NONE',  ( 0.000000000000000000, -0.1031984200144728386, 0.09842519685039370636 ) ) ;
#3866 =( NAMED_UNIT ( * ) SI_UNIT ( $, .STERADIAN. ) SOLID_ANGLE_UNIT ( ) );
#3867 = FACE_OUTER_BOUND ( 'NONE', #2057, .T. ) ;
#3868 = SURFACE_SIDE_STYLE ('',( #68 ) ) ;
#3869 = LENGTH_MEASURE_WITH_UNIT ( LENGTH_MEASURE( 0.02539999999999999897 ), #2742 );
#3870 = SHAPE_DEFINITION_REPRESENTATION ( #2546, #2195 ) ;
#3871 = ORIENTED_EDGE ( 'NONE', *, *, #1483, .F. ) ;
#3872 = PRODUCT_DEFINITION_FORMATION_WITH_SPECIFIED_SOURCE ( 'ANY', '', #161, .NOT_KNOWN. ) ;
#3873 = LINE ( 'NONE', #3535, #2420 ) ;
#3874 = PRESENTATION_STYLE_ASSIGNMENT (( #2466 ) ) ;
#3875 = SURFACE_STYLE_FILL_AREA ( #4530 ) ;
#3876 =( NAMED_UNIT ( * ) PLANE_ANGLE_UNIT ( ) SI_UNIT ( $, .RADIAN. ) );
#3877 = FILL_AREA_STYLE ('',( #2469 ) ) ;
#3878 = CARTESIAN_POINT ( 'NONE',  ( -0.02133374782628450969, -0.05438715993361517564, 0.09448818897637797920 ) ) ;
#3879 = CARTESIAN_POINT ( 'NONE',  ( 0.05669290775389173448, -0.1933780865698842555, -0.01088162213582767948 ) ) ;
#3880 = FILL_AREA_STYLE_COLOUR ( '', #3640 ) ;
#3881 =( CONVERSION_BASED_UNIT ( 'INCH', #2099 ) LENGTH_UNIT ( ) NAMED_UNIT ( #4464 ) );
#3882 = ORIENTED_EDGE ( 'NONE', *, *, #4392, .F. ) ;
#3883 = EDGE_CURVE ( 'NONE', #447, #924, #705, .T. ) ;
#3884 = DIRECTION ( 'NONE',  ( -1.000000000000000000, -0.000000000000000000, -0.000000000000000000 ) ) ;
#3885 = ORIENTED_EDGE ( 'NONE', *, *, #3578, .T. ) ;
#3886 = PRESENTATION_STYLE_ASSIGNMENT (( #3247 ) ) ;
#3887 = CARTESIAN_POINT ( 'NONE',  ( 0.03307087177366720837, -0.2314960629921287427, 0.04527559051451535838 ) ) ;
#3888 = FACE_OUTER_BOUND ( 'NONE', #2841, .T. ) ;
#3889 = UNCERTAINTY_MEASURE_WITH_UNIT (LENGTH_MEASURE( 1.000000000000000082E-05 ), #1601, 'distance_accuracy_value', 'NONE');
#3890 = DIRECTION ( 'NONE',  ( 0.000000000000000000, 0.000000000000000000, 1.000000000000000000 ) ) ;
#3891 =( NAMED_UNIT ( * ) PLANE_ANGLE_UNIT ( ) SI_UNIT ( $, .RADIAN. ) );
#3892 = FACE_OUTER_BOUND ( 'NONE', #2610, .T. ) ;
#3893 =( NAMED_UNIT ( * ) PLANE_ANGLE_UNIT ( ) SI_UNIT ( $, .RADIAN. ) );
#3894 = DIMENSIONAL_EXPONENTS ( 1.000000000000000000, 0.000000000000000000, 0.000000000000000000, 0.000000000000000000, 0.000000000000000000, 0.000000000000000000, 0.000000000000000000 ) ;
#3895 = AXIS2_PLACEMENT_3D ( 'NONE', #2209, #4327, #2569 ) ;
#3896 = VERTEX_POINT ( 'NONE', #3930 ) ;
#3897 = DIRECTION ( 'NONE',  ( -1.000000000000000000, 0.000000000000000000, 0.000000000000000000 ) ) ;
#3898 = PRESENTATION_LAYER_ASSIGNMENT (  '', '', ( #2863 ) ) ;
#3899 = FILL_AREA_STYLE ('',( #2489 ) ) ;
#3900 = STYLED_ITEM ( 'NONE', ( #3788 ), #4090 ) ;
#3901 = LINE ( 'NONE', #1758, #543 ) ;
#3902 = ADVANCED_FACE ( 'NONE', ( #1861 ), #2806, .F. ) ;
#3903 = CARTESIAN_POINT ( 'NONE',  ( 0.000000000000000000, 0.000000000000000000, 0.000000000000000000 ) ) ;
#3904 = CARTESIAN_POINT ( 'NONE',  ( -0.1038475540305018319, -0.1206205923171690120, 0.09194672983484554474 ) ) ;
#3905 = CARTESIAN_POINT ( 'NONE',  ( -0.1087102328802071055, 0.1031984200144728525, 0.08661417322834648325 ) ) ;
#3906 = CARTESIAN_POINT ( 'NONE',  ( 0.01181101799011228387, -0.1539370138579468639, 0.04527559051451535838 ) ) ;
#3907 = VECTOR ( 'NONE', #2754, 39.37007874015748143 ) ;
#3908 = ORIENTED_EDGE ( 'NONE', *, *, #1686, .F. ) ;
#3909 = ORIENTED_EDGE ( 'NONE', *, *, #519, .F. ) ;
#3910 = MECHANICAL_DESIGN_GEOMETRIC_PRESENTATION_REPRESENTATION (  '', ( #2233 ), #889 ) ;
#3911 = ORIENTED_EDGE ( 'NONE', *, *, #2681, .T. ) ;
#3912 = CARTESIAN_POINT ( 'NONE',  ( -0.02766628393587087023, -0.03611660899426293730, 0.09842519685039370636 ) ) ;
#3913 = SURFACE_STYLE_USAGE ( .BOTH. , #2845 ) ;
#3914 = FACE_OUTER_BOUND ( 'NONE', #1468, .T. ) ;
#3915 = DIRECTION ( 'NONE',  ( 0.000000000000000000, 0.9899494936611666907, 0.1414213562373089206 ) ) ;
#3916 = PRESENTATION_STYLE_ASSIGNMENT (( #2505 ) ) ;
#3917 = UNCERTAINTY_MEASURE_WITH_UNIT (LENGTH_MEASURE( 1.000000000000000082E-05 ), #173, 'distance_accuracy_value', 'NONE');
#3918 = CLOSED_SHELL ( 'NONE', ( #2012, #3979, #3975, #4511, #982, #258, #1781, #4114, #3610, #4276, #1773, #2593 ) ) ;
#3919 = CARTESIAN_POINT ( 'NONE',  ( 0.000000000000000000, 0.1031984200144728386, 0.09842519685039370636 ) ) ;
#3920 = EDGE_CURVE ( 'NONE', #2549, #1456, #3873, .T. ) ;
#3921 =( CONVERSION_BASED_UNIT ( 'INCH', #2851 ) LENGTH_UNIT ( ) NAMED_UNIT ( #2311 ) );
#3922 =( NAMED_UNIT ( * ) SI_UNIT ( $, .STERADIAN. ) SOLID_ANGLE_UNIT ( ) );
#3923 = APPLICATION_PROTOCOL_DEFINITION ( 'draft international standard', 'automotive_design', 1998, #3313 ) ;
#3924 =( GEOMETRIC_REPRESENTATION_CONTEXT ( 3 ) GLOBAL_UNCERTAINTY_ASSIGNED_CONTEXT ( ( #938 ) ) GLOBAL_UNIT_ASSIGNED_CONTEXT ( ( #156, #4374, #943 ) ) REPRESENTATION_CONTEXT ( 'NONE', 'WORKASPACE' ) );
#3925 = VERTEX_POINT ( 'NONE', #2205 ) ;
#3926 = STYLED_ITEM ( 'NONE', ( #1890 ), #514 ) ;
#3927 = SURFACE_STYLE_USAGE ( .BOTH. , #2512 ) ;
#3928 = CARTESIAN_POINT ( 'NONE',  ( -0.1050208858822708896, 0.1069378805101796615, 0.09719270965501847215 ) ) ;
#3929 = AXIS2_PLACEMENT_3D ( 'NONE', #1435, #28, #706 ) ;
#3930 = CARTESIAN_POINT ( 'NONE',  ( -0.01181101799011228387, -0.1102362204724421230, 0.03543307086614220364 ) ) ;
#3931 = PRESENTATION_LAYER_ASSIGNMENT (  '', '', ( #3115 ) ) ;
#3932 = CARTESIAN_POINT ( 'NONE',  ( 0.1193240966615271709, 0.1223916484663019749, 0.03577812302458306670 ) ) ;
#3933 = DIMENSIONAL_EXPONENTS ( 1.000000000000000000, 0.000000000000000000, 0.000000000000000000, 0.000000000000000000, 0.000000000000000000, 0.000000000000000000, 0.000000000000000000 ) ;
#3934 =( CONVERSION_BASED_UNIT ( 'INCH', #418 ) LENGTH_UNIT ( ) NAMED_UNIT ( #3222 ) );
#3935 = CARTESIAN_POINT ( 'NONE',  ( 0.02068098740158865953, -0.05179009438598503046, 0.09448818897637797920 ) ) ;
#3936 =( CONVERSION_BASED_UNIT ( 'INCH', #789 ) LENGTH_UNIT ( ) NAMED_UNIT ( #4405 ) );
#3937 = AXIS2_PLACEMENT_3D ( 'NONE', #2661, #1598, #1623 ) ;
#3938 = CARTESIAN_POINT ( 'NONE',  ( 0.000000000000000000, 0.000000000000000000, 0.000000000000000000 ) ) ;
#3939 = ORIENTED_EDGE ( 'NONE', *, *, #141, .T. ) ;
#3940 = STYLED_ITEM ( 'NONE', ( #4463 ), #2026 ) ;
#3941 = ORIENTED_EDGE ( 'NONE', *, *, #1399, .T. ) ;
#3942 = CARTESIAN_POINT ( 'NONE',  ( -0.03409442749556265695, -0.05168918242041291994, 0.09842519685039370636 ) ) ;
#3943 = LINE ( 'NONE', #1396, #842 ) ;
#3944 = LINE ( 'NONE', #1470, #4386 ) ;
#3945 = FACE_OUTER_BOUND ( 'NONE', #2855, .T. ) ;
#3946 = UNCERTAINTY_MEASURE_WITH_UNIT (LENGTH_MEASURE( 1.000000000000000082E-05 ), #2625, 'distance_accuracy_value', 'NONE');
#3947 =( LENGTH_UNIT ( ) NAMED_UNIT ( * ) SI_UNIT ( $, .METRE. ) );
#3948 = FACE_OUTER_BOUND ( 'NONE', #3861, .T. ) ;
#3949 = PRODUCT_RELATED_PRODUCT_CATEGORY ( 'part', '', ( #3333 ) ) ;
#3950 = SURFACE_STYLE_USAGE ( .BOTH. , #1039 ) ;
#3951 = ORIENTED_EDGE ( 'NONE', *, *, #2539, .F. ) ;
#3952 = VERTEX_POINT ( 'NONE', #1786 ) ;
#3953 = PRODUCT_DEFINITION_SHAPE ( 'NONE', 'NONE',  #2442 ) ;
#3954 = AXIS2_PLACEMENT_3D ( 'NONE', #1708, #3789, #2090 ) ;
#3955 = DIRECTION ( 'NONE',  ( -0.000000000000000000, 1.000000000000000000, 0.000000000000000000 ) ) ;
#3956 = PRODUCT_DEFINITION_FORMATION_WITH_SPECIFIED_SOURCE ( 'ANY', '', #2261, .NOT_KNOWN. ) ;
#3957 = DIRECTION ( 'NONE',  ( 0.000000000000000000, -1.000000000000000000, -0.000000000000000000 ) ) ;
#3958 = APPLICATION_CONTEXT ( 'automotive_design' ) ;
#3959 = ORIENTED_EDGE ( 'NONE', *, *, #3632, .T. ) ;
#3960 = DIRECTION ( 'NONE',  ( 0.000000000000000000, -1.000000000000000000, 0.000000000000000000 ) ) ;
#3961 = ORIENTED_EDGE ( 'NONE', *, *, #2962, .F. ) ;
#3962 = DIMENSIONAL_EXPONENTS ( 1.000000000000000000, 0.000000000000000000, 0.000000000000000000, 0.000000000000000000, 0.000000000000000000, 0.000000000000000000, 0.000000000000000000 ) ;
#3963 = SURFACE_SIDE_STYLE ('',( #2551 ) ) ;
#3964 =( LENGTH_UNIT ( ) NAMED_UNIT ( * ) SI_UNIT ( $, .METRE. ) );
#3965 = UNCERTAINTY_MEASURE_WITH_UNIT (LENGTH_MEASURE( 1.000000000000000082E-05 ), #3936, 'distance_accuracy_value', 'NONE');
#3966 = EDGE_CURVE ( 'NONE', #770, #435, #3187, .T. ) ;
#3967 = CARTESIAN_POINT ( 'NONE',  ( 0.1101750469587291364, -0.1046632340929948973, 0.07636047467869173933 ) ) ;
#3968 = LENGTH_MEASURE_WITH_UNIT ( LENGTH_MEASURE( 0.02539999999999999897 ), #3228 );
#3969 =( LENGTH_UNIT ( ) NAMED_UNIT ( * ) SI_UNIT ( $, .METRE. ) );
#3970 = LENGTH_MEASURE_WITH_UNIT ( LENGTH_MEASURE( 0.02539999999999999897 ), #1565 );
#3971 =( NAMED_UNIT ( * ) SI_UNIT ( $, .STERADIAN. ) SOLID_ANGLE_UNIT ( ) );
#3972 = LENGTH_MEASURE_WITH_UNIT ( LENGTH_MEASURE( 0.02539999999999999897 ), #1498 );
#3973 = APPLICATION_PROTOCOL_DEFINITION ( 'draft international standard', 'automotive_design', 1998, #1622 ) ;
#3974 = ORIENTED_EDGE ( 'NONE', *, *, #2446, .T. ) ;
#3975 = ADVANCED_FACE ( 'NONE', ( #4295 ), #2831, .F. ) ;
#3976 = CARTESIAN_POINT ( 'NONE',  ( -0.1258558393186258451, 0.09092297189210925279, 0.09347315707005612873 ) ) ;
#3977 = PRESENTATION_STYLE_ASSIGNMENT (( #125 ) ) ;
#3978 =( NAMED_UNIT ( * ) PLANE_ANGLE_UNIT ( ) SI_UNIT ( $, .RADIAN. ) );
#3979 = ADVANCED_FACE ( 'NONE', ( #1278 ), #2230, .T. ) ;
#3980 = CIRCLE ( 'NONE', #226, 0.01181102362204724046 ) ;
#3981 =( LENGTH_UNIT ( ) NAMED_UNIT ( * ) SI_UNIT ( $, .METRE. ) );
#3982 = EDGE_CURVE ( 'NONE', #36, #1201, #4066, .T. ) ;
#3983 = SURFACE_STYLE_FILL_AREA ( #2918 ) ;
#3984 = PRESENTATION_LAYER_ASSIGNMENT (  '', '', ( #2010 ) ) ;
#3985 = MECHANICAL_DESIGN_GEOMETRIC_PRESENTATION_REPRESENTATION (  '', ( #2868 ), #3094 ) ;
#3986 = ORIENTED_EDGE ( 'NONE', *, *, #3854, .F. ) ;
#3987 =( CONVERSION_BASED_UNIT ( 'INCH', #4329 ) LENGTH_UNIT ( ) NAMED_UNIT ( #1135 ) );
#3988 = CARTESIAN_POINT ( 'NONE',  ( -0.02264717047968348856, -0.03109130431509329884, 0.09842519685039369248 ) ) ;
#3989 =( NAMED_UNIT ( * ) PLANE_ANGLE_UNIT ( ) SI_UNIT ( $, .RADIAN. ) );
#3990 = CARTESIAN_POINT ( 'NONE',  ( 0.04488188976377952694, -0.2041500076755518034, 0.03335486593177106052 ) ) ;
#3991 = UNCERTAINTY_MEASURE_WITH_UNIT (LENGTH_MEASURE( 1.000000000000000082E-05 ), #212, 'distance_accuracy_value', 'NONE');
#3992 = VECTOR ( 'NONE', #1496, 39.37007874015748143 ) ;
#3993 = ORIENTED_EDGE ( 'NONE', *, *, #3237, .T. ) ;
#3994 = MECHANICAL_DESIGN_GEOMETRIC_PRESENTATION_REPRESENTATION (  '', ( #307 ), #1009 ) ;
#3995 =( NAMED_UNIT ( * ) SI_UNIT ( $, .STERADIAN. ) SOLID_ANGLE_UNIT ( ) );
#3996 = DIRECTION ( 'NONE',  ( -0.000000000000000000, -0.000000000000000000, 1.000000000000000000 ) ) ;
#3997 = CYLINDRICAL_SURFACE ( 'NONE', #2314, 0.01968503937007870866 ) ;
#3998 =( GEOMETRIC_REPRESENTATION_CONTEXT ( 3 ) GLOBAL_UNCERTAINTY_ASSIGNED_CONTEXT ( ( #1592 ) ) GLOBAL_UNIT_ASSIGNED_CONTEXT ( ( #3246, #3591, #2818 ) ) REPRESENTATION_CONTEXT ( 'NONE', 'WORKASPACE' ) );
#3999 = SURFACE_SIDE_STYLE ('',( #2246 ) ) ;
#4000 =( LENGTH_UNIT ( ) NAMED_UNIT ( * ) SI_UNIT ( $, .METRE. ) );
#4001 = DIMENSIONAL_EXPONENTS ( 1.000000000000000000, 0.000000000000000000, 0.000000000000000000, 0.000000000000000000, 0.000000000000000000, 0.000000000000000000, 0.000000000000000000 ) ;
#4002 = DIRECTION ( 'NONE',  ( 0.000000000000000000, -0.000000000000000000, 1.000000000000000000 ) ) ;
#4003 = EDGE_CURVE ( 'NONE', #4406, #3849, #2309, .T. ) ;
#4004 = MECHANICAL_DESIGN_GEOMETRIC_PRESENTATION_REPRESENTATION (  '', ( #2093 ), #2034 ) ;
#4005 = DIRECTION ( 'NONE',  ( 1.000000000000000000, -0.000000000000000000, -0.000000000000000000 ) ) ;
#4006 = PRESENTATION_LAYER_ASSIGNMENT (  '', '', ( #990 ) ) ;
#4007 = PRESENTATION_LAYER_ASSIGNMENT (  '', '', ( #1355 ) ) ;
#4008 = AXIS2_PLACEMENT_3D ( 'NONE', #2488, #3897, #2762 ) ;
#4009 = SURFACE_STYLE_USAGE ( .BOTH. , #1196 ) ;
#4010 = PLANE ( 'NONE',  #4375 ) ;
#4011 =( CONVERSION_BASED_UNIT ( 'INCH', #4353 ) LENGTH_UNIT ( ) NAMED_UNIT ( #2340 ) );
#4012 = COLOUR_RGB ( '',0.8313725490196077761, 0.8313725490196077761, 0.8313725490196077761 ) ;
#4013 = CARTESIAN_POINT ( 'NONE',  ( -0.1266618505759861679, 0.1168345234515245634, 0.03569156872198178676 ) ) ;
#4014 = SURFACE_STYLE_USAGE ( .BOTH. , #1521 ) ;
#4015 = FACE_OUTER_BOUND ( 'NONE', #21, .T. ) ;
#4016 = PRESENTATION_STYLE_ASSIGNMENT (( #4061 ) ) ;
#4017 = STYLED_ITEM ( 'NONE', ( #4016 ), #1276 ) ;
#4018 = SURFACE_SIDE_STYLE ('',( #2607 ) ) ;
#4019 = VERTEX_POINT ( 'NONE', #3656 ) ;
#4020 = ORIENTED_EDGE ( 'NONE', *, *, #1045, .F. ) ;
#4021 =( LENGTH_UNIT ( ) NAMED_UNIT ( * ) SI_UNIT ( $, .METRE. ) );
#4022 = CARTESIAN_POINT ( 'NONE',  ( 0.1196288998397473380, -0.1084901687106427232, 0.08912937073787069453 ) ) ;
#4023 = CARTESIAN_POINT ( 'NONE',  ( 0.01375860073804344684, -0.08861433407238955562, 0.09842519685039370636 ) ) ;
#4024 = CARTESIAN_POINT ( 'NONE',  ( 0.1242438050150435486, 0.1106299180097468499, 0.002052525523781775687 ) ) ;
#4025 = DIMENSIONAL_EXPONENTS ( 1.000000000000000000, 0.000000000000000000, 0.000000000000000000, 0.000000000000000000, 0.000000000000000000, 0.000000000000000000, 0.000000000000000000 ) ;
#4026 = FILL_AREA_STYLE ('',( #151 ) ) ;
#4027 = VECTOR ( 'NONE', #1391, 39.37007874015748143 ) ;
#4028 = DIRECTION ( 'NONE',  ( 1.000000000000000000, 0.000000000000000000, -0.000000000000000000 ) ) ;
#4029 = FACE_OUTER_BOUND ( 'NONE', #1843, .T. ) ;
#4030 = PRODUCT_DEFINITION_SHAPE ( 'NONE', 'NONE',  #846 ) ;
#4031 = CARTESIAN_POINT ( 'NONE',  ( 0.000000000000000000, 0.1614173054695129950, 0.000000000000000000 ) ) ;
#4032 = VERTEX_POINT ( 'NONE', #3627 ) ;
#4033 = CARTESIAN_POINT ( 'NONE',  ( 0.1109982243313397537, -0.09092297189210934993, 0.1049385442844433247 ) ) ;
#4034 = CARTESIAN_POINT ( 'NONE',  ( -0.01181101799011228387, -0.1102362204724421230, 0.04527559051451535838 ) ) ;
#4035 = UNCERTAINTY_MEASURE_WITH_UNIT (LENGTH_MEASURE( 1.000000000000000082E-05 ), #766, 'distance_accuracy_value', 'NONE');
#4036 = EDGE_CURVE ( 'NONE', #3289, #1961, #355, .T. ) ;
#4037 = CARTESIAN_POINT ( 'NONE',  ( 0.1161952659726075004, 0.1224404450315693532, 0.03543654706771212637 ) ) ;
#4038 = CARTESIAN_POINT ( 'NONE',  ( -0.02786517945796130463, -0.1128169730891517425, 0.09645669291338584972 ) ) ;
#4039 = CARTESIAN_POINT ( 'NONE',  ( 0.02367582059326544391, -0.05708661417322914711, 0.09448818897637795144 ) ) ;
#4040 = DIRECTION ( 'NONE',  ( 0.000000000000000000, 0.000000000000000000, -1.000000000000000000 ) ) ;
#4041 = DIRECTION ( 'NONE',  ( 0.1414213562373088928, 0.000000000000000000, 0.9899494936611664686 ) ) ;
#4042 = CARTESIAN_POINT ( 'NONE',  ( -0.1122047230601311008, -0.04330709576606731753, 0.000000000000000000 ) ) ;
#4043 = VERTEX_POINT ( 'NONE', #1732 ) ;
#4044 = CARTESIAN_POINT ( 'NONE',  ( 0.004359888029715779448, -0.09147793521753534718, 0.09842519685039370636 ) ) ;
#4045 =( CONVERSION_BASED_UNIT ( 'INCH', #2641 ) LENGTH_UNIT ( ) NAMED_UNIT ( #3382 ) );
#4046 = VECTOR ( 'NONE', #2557, 39.37007874015748143 ) ;
#4047 = DIRECTION ( 'NONE',  ( -0.000000000000000000, -1.000000000000000000, 0.000000000000000000 ) ) ;
#4048 = LINE ( 'NONE', #4394, #253 ) ;
#4049 = COLOUR_RGB ( '',0.2862745098039215508, 0.2862745098039215508, 0.2862745098039215508 ) ;
#4050 = CARTESIAN_POINT ( 'NONE',  ( -0.1087102328802069667, -0.1148907368687386021, 0.08828450420752727290 ) ) ;
#4051 = CIRCLE ( 'NONE', #3532, 0.01181102362204724567 ) ;
#4052 = EDGE_CURVE ( 'NONE', #1146, #2144, #2073, .T. ) ;
#4053 = FACE_OUTER_BOUND ( 'NONE', #4555, .T. ) ;
#4054 = LENGTH_MEASURE_WITH_UNIT ( LENGTH_MEASURE( 0.02539999999999999897 ), #1243 );
#4055 = DIMENSIONAL_EXPONENTS ( 1.000000000000000000, 0.000000000000000000, 0.000000000000000000, 0.000000000000000000, 0.000000000000000000, 0.000000000000000000, 0.000000000000000000 ) ;
#4056 = MECHANICAL_DESIGN_GEOMETRIC_PRESENTATION_REPRESENTATION (  '', ( #2007 ), #1392 ) ;
#4057 = ADVANCED_FACE ( 'NONE', ( #3134 ), #1688, .F. ) ;
#4058 = PRESENTATION_LAYER_ASSIGNMENT (  '', '', ( #3693 ) ) ;
#4059 = CARTESIAN_POINT ( 'NONE',  ( 0.1101750469587291364, 0.1046632340929948973, 0.07636047467869173933 ) ) ;
#4060 = LENGTH_MEASURE_WITH_UNIT ( LENGTH_MEASURE( 0.02539999999999999897 ), #1413 );
#4061 = SURFACE_STYLE_USAGE ( .BOTH. , #538 ) ;
#4062 =( CONVERSION_BASED_UNIT ( 'INCH', #1178 ) LENGTH_UNIT ( ) NAMED_UNIT ( #963 ) );
#4063 = EDGE_CURVE ( 'NONE', #671, #1415, #1331, .T. ) ;
#4064 = CARTESIAN_POINT ( 'NONE',  ( 0.05669290775389173448, -0.2158513303330307220, 0.01968503933728341093 ) ) ;
#4065 = VERTEX_POINT ( 'NONE', #330 ) ;
#4066 = LINE ( 'NONE', #2587, #721 ) ;
#4067 = EDGE_LOOP ( 'NONE', ( #1487, #2439, #992, #9 ) ) ;
#4068 = DIRECTION ( 'NONE',  ( -0.000000000000000000, -1.824854394960610109E-29, -1.000000000000000000 ) ) ;
#4069 = CIRCLE ( 'NONE', #2514, 0.01181102362204724046 ) ;
#4070 = FILL_AREA_STYLE ('',( #2592 ) ) ;
#4071 = CARTESIAN_POINT ( 'NONE',  ( -0.02591565438071413360, -0.005255305411800882502, 0.09516352427326230101 ) ) ;
#4072 = VECTOR ( 'NONE', #4108, 39.37007874015748143 ) ;
#4073 = SURFACE_STYLE_FILL_AREA ( #4398 ) ;
#4074 =( NAMED_UNIT ( * ) SI_UNIT ( $, .STERADIAN. ) SOLID_ANGLE_UNIT ( ) );
#4075 = VECTOR ( 'NONE', #4342, 39.37007874015748854 ) ;
#4076 = UNCERTAINTY_MEASURE_WITH_UNIT (LENGTH_MEASURE( 1.000000000000000082E-05 ), #1188, 'distance_accuracy_value', 'NONE');
#4077 = CARTESIAN_POINT ( 'NONE',  ( 0.04488188976377952694, -0.1689363388041381919, 0.01574803149606350539 ) ) ;
#4078 = VERTEX_POINT ( 'NONE', #243 ) ;
#4079 =( GEOMETRIC_REPRESENTATION_CONTEXT ( 3 ) GLOBAL_UNCERTAINTY_ASSIGNED_CONTEXT ( ( #2653 ) ) GLOBAL_UNIT_ASSIGNED_CONTEXT ( ( #3104, #2341, #4144 ) ) REPRESENTATION_CONTEXT ( 'NONE', 'WORKASPACE' ) );
#4080 = AXIS2_PLACEMENT_3D ( 'NONE', #2780, #3824, #2070 ) ;
#4081 = LINE ( 'NONE', #2656, #885 ) ;
#4082 = EDGE_CURVE ( 'NONE', #1795, #671, #1649, .T. ) ;
#4083 = CIRCLE ( 'NONE', #3494, 0.02786517945796129769 ) ;
#4084 = MECHANICAL_DESIGN_GEOMETRIC_PRESENTATION_REPRESENTATION (  '', ( #1141 ), #998 ) ;
#4085 = DIMENSIONAL_EXPONENTS ( 1.000000000000000000, 0.000000000000000000, 0.000000000000000000, 0.000000000000000000, 0.000000000000000000, 0.000000000000000000, 0.000000000000000000 ) ;
#4086 = CARTESIAN_POINT ( 'NONE',  ( 0.05669290775389173448, -0.2041500076755519699, 0.03335486593177051234 ) ) ;
#4087 = ORIENTED_EDGE ( 'NONE', *, *, #4396, .F. ) ;
#4088 = AXIS2_PLACEMENT_3D ( 'NONE', #3014, #2737, #4150 ) ;
#4089 = CARTESIAN_POINT ( 'NONE',  ( -0.1279527544975275766, 0.000000000000000000, 0.03543307086614167628 ) ) ;
#4090 = ADVANCED_FACE ( 'NONE', ( #2032 ), #1341, .T. ) ;
#4091 = CARTESIAN_POINT ( 'NONE',  ( 0.03307087177366720837, -0.1102362204724421230, 0.04527559051451535838 ) ) ;
#4092 = CARTESIAN_POINT ( 'NONE',  ( 0.02786517945796130463, -0.05708661417322914017, 0.09645669291338584972 ) ) ;
#4093 = FILL_AREA_STYLE_COLOUR ( '', #2888 ) ;
#4094 = DIRECTION ( 'NONE',  ( 0.000000000000000000, 0.000000000000000000, -1.000000000000000000 ) ) ;
#4095 =( NAMED_UNIT ( * ) PLANE_ANGLE_UNIT ( ) SI_UNIT ( $, .RADIAN. ) );
#4096 =( REPRESENTATION_RELATIONSHIP ('NONE','NONE', #1735, #2075 ) REPRESENTATION_RELATIONSHIP_WITH_TRANSFORMATION ( #2828 )SHAPE_REPRESENTATION_RELATIONSHIP( ) );
#4097 = ORIENTED_EDGE ( 'NONE', *, *, #2957, .T. ) ;
#4098 = PRODUCT_DEFINITION_FORMATION_WITH_SPECIFIED_SOURCE ( 'ANY', '', #3333, .NOT_KNOWN. ) ;
#4099 =( NAMED_UNIT ( * ) PLANE_ANGLE_UNIT ( ) SI_UNIT ( $, .RADIAN. ) );
#4100 = LINE ( 'NONE', #3441, #1974 ) ;
#4101 = SURFACE_STYLE_FILL_AREA ( #1297 ) ;
#4102 = SURFACE_SIDE_STYLE ('',( #3719 ) ) ;
#4103 = ORIENTED_EDGE ( 'NONE', *, *, #1972, .T. ) ;
#4104 = LINE ( 'NONE', #4089, #645 ) ;
#4105 = SHAPE_REPRESENTATION_RELATIONSHIP ( 'NONE' , 'NONE' ,  #2532, #2111 ) ;
#4106 = ORIENTED_EDGE ( 'NONE', *, *, #401, .T. ) ;
#4107 = DIMENSIONAL_EXPONENTS ( 1.000000000000000000, 0.000000000000000000, 0.000000000000000000, 0.000000000000000000, 0.000000000000000000, 0.000000000000000000, 0.000000000000000000 ) ;
#4108 = DIRECTION ( 'NONE',  ( -0.1104315260748413158, 0.000000000000000000, -0.9938837346736195677 ) ) ;
#4109 = CARTESIAN_POINT ( 'NONE',  ( 0.1148677646145330050, 0.1093559517487987520, 0.09459351435917273676 ) ) ;
#4110 = STYLED_ITEM ( 'NONE', ( #3916 ), #3039 ) ;
#4111 = PRODUCT_RELATED_PRODUCT_CATEGORY ( 'part', '', ( #2261 ) ) ;
#4112 = PLANE ( 'NONE',  #1877 ) ;
#4113 = PLANE ( 'NONE',  #2714 ) ;
#4114 = ADVANCED_FACE ( 'NONE', ( #2459 ), #3208, .T. ) ;
#4115 = CARTESIAN_POINT ( 'NONE',  ( 0.03177787121340278770, -0.04391893551448512040, 0.09842519685039369248 ) ) ;
#4116 = CARTESIAN_POINT ( 'NONE',  ( -0.1083750633130067670, 0.1084901687106428064, 0.09781377893776746490 ) ) ;
#4117 = CARTESIAN_POINT ( 'NONE',  ( -0.1259842505605200946, 0.1106299180097468499, 0.01771653543307078957 ) ) ;
#4118 = CIRCLE ( 'NONE', #1256, 0.007874015748031495954 ) ;
#4119 = CYLINDRICAL_SURFACE ( 'NONE', #708, 0.01968503937007870866 ) ;
#4120 = ORIENTED_EDGE ( 'NONE', *, *, #4458, .T. ) ;
#4121 = CIRCLE ( 'NONE', #881, 0.007874015748031495954 ) ;
#4122 = SURFACE_STYLE_FILL_AREA ( #2063 ) ;
#4123 = PRESENTATION_STYLE_ASSIGNMENT (( #574 ) ) ;
#4124 = CARTESIAN_POINT ( 'NONE',  ( 0.04488188976377952694, -0.1689363388041381919, -0.01574803149606350539 ) ) ;
#4125 =( NAMED_UNIT ( * ) SI_UNIT ( $, .STERADIAN. ) SOLID_ANGLE_UNIT ( ) );
#4126 = CARTESIAN_POINT ( 'NONE',  ( -0.1246410028513652013, -0.1073904057178326904, 0.005627306050677105195 ) ) ;
#4127 = ORIENTED_EDGE ( 'NONE', *, *, #3628, .F. ) ;
#4128 = MECHANICAL_DESIGN_GEOMETRIC_PRESENTATION_REPRESENTATION (  '', ( #3693 ), #1186 ) ;
#4129 = PRESENTATION_STYLE_ASSIGNMENT (( #1317 ) ) ;
#4130 = VECTOR ( 'NONE', #1015, 39.37007874015748854 ) ;
#4131 = MECHANICAL_DESIGN_GEOMETRIC_PRESENTATION_REPRESENTATION (  '', ( #973 ), #3328 ) ;
#4132 = SURFACE_STYLE_USAGE ( .BOTH. , #3114 ) ;
#4133 = CARTESIAN_POINT ( 'NONE',  ( 0.000000000000000000, 0.000000000000000000, 0.000000000000000000 ) ) ;
#4134 = ORIENTED_EDGE ( 'NONE', *, *, #109, .T. ) ;
#4135 = SURFACE_STYLE_USAGE ( .BOTH. , #290 ) ;
#4136 = CARTESIAN_POINT ( 'NONE',  ( -0.01181101799011228387, -0.1539370138579468639, 0.05511811016288858944 ) ) ;
#4137 = CARTESIAN_POINT ( 'NONE',  ( -0.1087102328802070639, -0.1031984200144728248, 0.08661417322834634447 ) ) ;
#4138 = ADVANCED_FACE ( 'NONE', ( #434 ), #359, .T. ) ;
#4139 = COLOUR_RGB ( '',0.8313725490196077761, 0.8313725490196077761, 0.8313725490196077761 ) ;
#4140 = SURFACE_SIDE_STYLE ('',( #252 ) ) ;
#4141 = COLOUR_RGB ( '',0.8313725490196077761, 0.8313725490196077761, 0.8313725490196077761 ) ;
#4142 = FILL_AREA_STYLE ('',( #2732 ) ) ;
#4143 =( NAMED_UNIT ( * ) SI_UNIT ( $, .STERADIAN. ) SOLID_ANGLE_UNIT ( ) );
#4144 =( NAMED_UNIT ( * ) SI_UNIT ( $, .STERADIAN. ) SOLID_ANGLE_UNIT ( ) );
#4145 =( LENGTH_UNIT ( ) NAMED_UNIT ( * ) SI_UNIT ( $, .METRE. ) );
#4146 = CLOSED_SHELL ( 'NONE', ( #3745, #229, #1646, #4554, #1149, #1467, #179, #2435, #1326, #989, #75, #955, #3464, #4163, #498, #2026, #4320, #2153, #4451, #3139, #3802, #2337, #1131, #1747, #1586, #1187, #3385, #2358, #1965, #2834, #4090, #4138, #2707, #3571, #2900, #1252, #4057, #2562, #3902 ) ) ;
#4147 = VERTEX_POINT ( 'NONE', #2909 ) ;
#4148 =( CONVERSION_BASED_UNIT ( 'INCH', #1375 ) LENGTH_UNIT ( ) NAMED_UNIT ( #1453 ) );
#4149 = CARTESIAN_POINT ( 'NONE',  ( 0.1204025497344726747, -0.1031984200144728386, 0.08828450420752727290 ) ) ;
#4150 = DIRECTION ( 'NONE',  ( 0.000000000000000000, 1.445602896647339706E-15, -1.000000000000000000 ) ) ;
#4151 = SURFACE_STYLE_USAGE ( .BOTH. , #4018 ) ;
#4152 = VECTOR ( 'NONE', #712, 39.37007874015748143 ) ;
#4153 = UNCERTAINTY_MEASURE_WITH_UNIT (LENGTH_MEASURE( 1.000000000000000082E-05 ), #205, 'distance_accuracy_value', 'NONE');
#4154 = CARTESIAN_POINT ( 'NONE',  ( 0.01612479306794670567, -0.07113809397405612689, 0.09448818897637797920 ) ) ;
#4155 = LINE ( 'NONE', #640, #517 ) ;
#4156 = CARTESIAN_POINT ( 'NONE',  ( 0.1119007082357096061, 0.1093559517487987520, 0.09688314498287903254 ) ) ;
#4157 =( NAMED_UNIT ( * ) PLANE_ANGLE_UNIT ( ) SI_UNIT ( $, .RADIAN. ) );
#4158 = ORIENTED_EDGE ( 'NONE', *, *, #3421, .F. ) ;
#4159 =( GEOMETRIC_REPRESENTATION_CONTEXT ( 3 ) GLOBAL_UNCERTAINTY_ASSIGNED_CONTEXT ( ( #4035 ) ) GLOBAL_UNIT_ASSIGNED_CONTEXT ( ( #766, #3141, #2860 ) ) REPRESENTATION_CONTEXT ( 'NONE', 'WORKASPACE' ) );
#4160 = VECTOR ( 'NONE', #4248, 39.37007874015748143 ) ;
#4161 = DIRECTION ( 'NONE',  ( 1.000000000000000000, -0.000000000000000000, -0.000000000000000000 ) ) ;
#4162 = CARTESIAN_POINT ( 'NONE',  ( 0.000000000000000000, 0.000000000000000000, 0.09842519685039370636 ) ) ;
#4163 = ADVANCED_FACE ( 'NONE', ( #3669 ), #803, .T. ) ;
#4164 = LENGTH_MEASURE_WITH_UNIT ( LENGTH_MEASURE( 0.02539999999999999897 ), #3453 );
#4165 = CARTESIAN_POINT ( 'NONE',  ( 0.1129022185835664438, -0.1191291899856313508, 0.005627306050677117338 ) ) ;
#4166 = LINE ( 'NONE', #2319, #1134 ) ;
#4167 = DIRECTION ( 'NONE',  ( 0.1414213562373088928, 0.000000000000000000, -0.9899494936611664686 ) ) ;
#4168 = ORIENTED_EDGE ( 'NONE', *, *, #2585, .T. ) ;
#4169 = SURFACE_STYLE_USAGE ( .BOTH. , #1012 ) ;
#4170 = CARTESIAN_POINT ( 'NONE',  ( 0.01181101799011228387, -0.1539370138579468639, 0.05511811016288858944 ) ) ;
#4171 = AXIS2_PLACEMENT_3D ( 'NONE', #288, #271, #1689 ) ;
#4172 = FACE_OUTER_BOUND ( 'NONE', #1441, .T. ) ;
#4173 = DIRECTION ( 'NONE',  ( 0.000000000000000000, -0.4472135954999579277, 0.8944271909999158554 ) ) ;
#4174 = CARTESIAN_POINT ( 'NONE',  ( 0.02133639050056880537, -0.05980680741032586706, 0.09448818897637792369 ) ) ;
#4175 = EDGE_CURVE ( 'NONE', #2186, #36, #165, .T. ) ;
#4176 = CARTESIAN_POINT ( 'NONE',  ( 0.1240157466235122380, -0.1067651494899796161, -2.507751087933991742E-17 ) ) ;
#4177 = CARTESIAN_POINT ( 'NONE',  ( 0.09904354743320178955, 0.1229527891282500007, 0.08944687502559338366 ) ) ;
#4178 = CARTESIAN_POINT ( 'NONE',  ( -0.03439132104430844133, -0.06144650220294338439, 0.09842519685039372024 ) ) ;
#4179 = SHAPE_REPRESENTATION_RELATIONSHIP ( 'NONE' , 'NONE' ,  #304, #3807 ) ;
#4180 = EDGE_LOOP ( 'NONE', ( #737, #1640, #2578, #2662, #159 ) ) ;
#4181 = PRODUCT_DEFINITION_SHAPE ( 'NONE', 'NONE',  #4571 ) ;
#4182 =( CONVERSION_BASED_UNIT ( 'INCH', #3492 ) LENGTH_UNIT ( ) NAMED_UNIT ( #202 ) );
#4183 = LINE ( 'NONE', #1788, #1495 ) ;
#4184 = FACE_OUTER_BOUND ( 'NONE', #795, .T. ) ;
#4185 =( GEOMETRIC_REPRESENTATION_CONTEXT ( 3 ) GLOBAL_UNCERTAINTY_ASSIGNED_CONTEXT ( ( #3342 ) ) GLOBAL_UNIT_ASSIGNED_CONTEXT ( ( #3112, #4520, #2052 ) ) REPRESENTATION_CONTEXT ( 'NONE', 'WORKASPACE' ) );
#4186 = CARTESIAN_POINT ( 'NONE',  ( 0.008481051788824868140, -0.03749729787992533980, 0.09448818897637797920 ) ) ;
#4187 = DIRECTION ( 'NONE',  ( 0.000000000000000000, -0.9938837346736191236, -0.1104315260748450073 ) ) ;
#4188 = CARTESIAN_POINT ( 'NONE',  ( -0.1191900411027776996, 0.1081780264468411856, 0.08882266103619476660 ) ) ;
#4189 = CARTESIAN_POINT ( 'NONE',  ( 0.000000000000000000, 0.1555117815732960651, 0.000000000000000000 ) ) ;
#4190 = MANIFOLD_SOLID_BREP ( 'Imported1', #91 ) ;
#4191 = ORIENTED_EDGE ( 'NONE', *, *, #594, .T. ) ;
#4192 = MECHANICAL_DESIGN_GEOMETRIC_PRESENTATION_REPRESENTATION (  '', ( #1465 ), #2490 ) ;
#4193 = ORIENTED_EDGE ( 'NONE', *, *, #4082, .T. ) ;
#4194 = CARTESIAN_POINT ( 'NONE',  ( 0.1122047224632864992, 0.1224408679941058342, 0.0002180519672646923362 ) ) ;
#4195 = CARTESIAN_POINT ( 'NONE',  ( 0.05669290775389174142, -0.1102362204724421230, -0.05511811016288858944 ) ) ;
#4196 = SURFACE_STYLE_FILL_AREA ( #3223 ) ;
#4197 = FILL_AREA_STYLE ('',( #2456 ) ) ;
#4198 = ADVANCED_FACE ( 'NONE', ( #139 ), #1545, .F. ) ;
#4199 = PRESENTATION_LAYER_ASSIGNMENT (  '', '', ( #3241 ) ) ;
#4200 = DIRECTION ( 'NONE',  ( 0.000000000000000000, -1.000000000000000000, 0.000000000000000000 ) ) ;
#4201 = PRODUCT_DEFINITION ( 'UNKNOWN', '', #2631, #1749 ) ;
#4202 =( CONVERSION_BASED_UNIT ( 'INCH', #3869 ) LENGTH_UNIT ( ) NAMED_UNIT ( #3759 ) );
#4203 = VECTOR ( 'NONE', #4494, 39.37007874015748143 ) ;
#4204 = EDGE_CURVE ( 'NONE', #874, #3209, #4514, .T. ) ;
#4205 = COLOUR_RGB ( '',0.8313725490196077761, 0.8313725490196077761, 0.8313725490196077761 ) ;
#4206 = CARTESIAN_POINT ( 'NONE',  ( 0.000000000000000000, -0.1185039337577779572, 0.06299212598425196763 ) ) ;
#4207 =( GEOMETRIC_REPRESENTATION_CONTEXT ( 3 ) GLOBAL_UNCERTAINTY_ASSIGNED_CONTEXT ( ( #2702 ) ) GLOBAL_UNIT_ASSIGNED_CONTEXT ( ( #2905, #2152, #3866 ) ) REPRESENTATION_CONTEXT ( 'NONE', 'WORKASPACE' ) );
#4208 = SURFACE_SIDE_STYLE ('',( #1389 ) ) ;
#4209 = CARTESIAN_POINT ( 'NONE',  ( -0.1178348209933564039, -0.1093559517487987659, 0.09230388373546642711 ) ) ;
#4210 = STYLED_ITEM ( 'NONE', ( #2525 ), #2593 ) ;
#4211 = DIRECTION ( 'NONE',  ( -0.9938837346736190126, 0.000000000000000000, -0.1104315260748450211 ) ) ;
#4212 = CARTESIAN_POINT ( 'NONE',  ( -0.1148677646145330050, -0.1093559517487987243, 0.09459351435917276452 ) ) ;
#4213 = ORIENTED_EDGE ( 'NONE', *, *, #588, .T. ) ;
#4214 = ORIENTED_EDGE ( 'NONE', *, *, #3689, .F. ) ;
#4215 = EDGE_LOOP ( 'NONE', ( #1927, #4191, #4536, #504 ) ) ;
#4216 = CARTESIAN_POINT ( 'NONE',  ( -0.1191706366267054340, -0.1185039337577783597, 0.000000000000000000 ) ) ;
#4217 = CARTESIAN_POINT ( 'NONE',  ( 0.1148677646145330467, -0.1093559517487987381, 0.09459351435917273676 ) ) ;
#4218 = VECTOR ( 'NONE', #793, 39.37007874015748143 ) ;
#4219 = AXIS2_PLACEMENT_3D ( 'NONE', #2985, #1528, #545 ) ;
#4220 = EDGE_CURVE ( 'NONE', #3504, #2480, #2006, .T. ) ;
#4221 = CARTESIAN_POINT ( 'NONE',  ( -1.092739197465704702E-17, -0.04330709576606731753, 0.01968503937007870172 ) ) ;
#4222 = SURFACE_SIDE_STYLE ('',( #2508 ) ) ;
#4223 = ORIENTED_EDGE ( 'NONE', *, *, #2139, .F. ) ;
#4224 = CIRCLE ( 'NONE', #2524, 0.01181102362204724567 ) ;
#4225 = DIRECTION ( 'NONE',  ( 0.000000000000000000, 0.000000000000000000, -1.000000000000000000 ) ) ;
#4226 = COLOUR_RGB ( '',0.8313725490196077761, 0.8313725490196077761, 0.8313725490196077761 ) ;
#4227 = EDGE_CURVE ( 'NONE', #874, #2561, #2355, .T. ) ;
#4228 = DIRECTION ( 'NONE',  ( 0.000000000000000000, 0.000000000000000000, -1.000000000000000000 ) ) ;
#4229 = SURFACE_SIDE_STYLE ('',( #665 ) ) ;
#4230 = LENGTH_MEASURE_WITH_UNIT ( LENGTH_MEASURE( 0.02539999999999999897 ), #2972 );
#4231 = COLOUR_RGB ( '',0.2862745098039215508, 0.2862745098039215508, 0.2862745098039215508 ) ;
#4232 = VECTOR ( 'NONE', #2527, 39.37007874015748143 ) ;
#4233 = CARTESIAN_POINT ( 'NONE',  ( -0.1196288998397472964, -0.1084901687106427787, 0.08912937073787069453 ) ) ;
#4234 = DIRECTION ( 'NONE',  ( 0.000000000000000000, 0.000000000000000000, -1.000000000000000000 ) ) ;
#4235 = CYLINDRICAL_SURFACE ( 'NONE', #2040, 0.01181102362204724913 ) ;
#4236 = VERTEX_POINT ( 'NONE', #3801 ) ;
#4237 = EDGE_LOOP ( 'NONE', ( #3481, #3132, #1766, #1874 ) ) ;
#4238 = ORIENTED_EDGE ( 'NONE', *, *, #3666, .F. ) ;
#4239 =( LENGTH_UNIT ( ) NAMED_UNIT ( * ) SI_UNIT ( $, .METRE. ) );
#4240 = CARTESIAN_POINT ( 'NONE',  ( 0.1178348209933564039, -0.1093559517487987381, 0.09230388373546645486 ) ) ;
#4241 = EDGE_LOOP ( 'NONE', ( #704, #717, #1464, #289, #4431, #2528 ) ) ;
#4242 = UNCERTAINTY_MEASURE_WITH_UNIT (LENGTH_MEASURE( 1.000000000000000082E-05 ), #1371, 'distance_accuracy_value', 'NONE');
#4243 = CARTESIAN_POINT ( 'NONE',  ( 0.005291917742913641344, -0.07776941841338765038, 0.09448818897637792369 ) ) ;
#4244 =( GEOMETRIC_REPRESENTATION_CONTEXT ( 3 ) GLOBAL_UNCERTAINTY_ASSIGNED_CONTEXT ( ( #3917 ) ) GLOBAL_UNIT_ASSIGNED_CONTEXT ( ( #173, #900, #1840 ) ) REPRESENTATION_CONTEXT ( 'NONE', 'WORKASPACE' ) );
#4245 = SURFACE_STYLE_FILL_AREA ( #723 ) ;
#4246 = DIRECTION ( 'NONE',  ( 0.000000000000000000, 0.000000000000000000, -1.000000000000000000 ) ) ;
#4247 = FILL_AREA_STYLE ('',( #724 ) ) ;
#4248 = DIRECTION ( 'NONE',  ( 0.000000000000000000, 1.000000000000000000, 0.000000000000000000 ) ) ;
#4249 =( BOUNDED_SURFACE ( )  B_SPLINE_SURFACE ( 3, 3, ( 
 ( #2116, #1390, #420, #4551 ),
 ( #4209, #710, #3213, #3190 ),
 ( #4233, #2096, #3904, #2837 ),
 ( #53, #2788, #32, #315 ) ),
 .UNSPECIFIED., .F., .F., .F. ) 
 B_SPLINE_SURFACE_WITH_KNOTS ( ( 4, 4 ),
 ( 4, 4 ),
 ( 0.000000000000000000, 1.000000000000000000 ),
 ( 0.000000000000000000, 1.000000000000000000 ),
 .UNSPECIFIED. ) 
 GEOMETRIC_REPRESENTATION_ITEM ( )  RATIONAL_B_SPLINE_SURFACE ( (
 ( 1.000000000000000000, 0.3333333333333344251, 0.3333333333333344251, 1.000000000000000000),
 ( 0.9309765965421643585, 0.3103255321807224520, 0.3103255321807224520, 0.9309765965421643585),
 ( 0.9309765965421643585, 0.3103255321807224520, 0.3103255321807224520, 0.9309765965421643585),
 ( 1.000000000000000000, 0.3333333333333344251, 0.3333333333333344251, 1.000000000000000000) ) ) 
 REPRESENTATION_ITEM ( '' )  SURFACE ( )  );
#4250 = SHAPE_DEFINITION_REPRESENTATION ( #3953, #2075 ) ;
#4251 = VERTEX_POINT ( 'NONE', #2085 ) ;
#4252 = FILL_AREA_STYLE_COLOUR ( '', #759 ) ;
#4253 = EDGE_CURVE ( 'NONE', #1332, #2454, #4561, .T. ) ;
#4254 = LINE ( 'NONE', #3212, #1953 ) ;
#4255 = DIMENSIONAL_EXPONENTS ( 1.000000000000000000, 0.000000000000000000, 0.000000000000000000, 0.000000000000000000, 0.000000000000000000, 0.000000000000000000, 0.000000000000000000 ) ;
#4256 = CARTESIAN_POINT ( 'NONE',  ( 0.02114913247228877857, -0.05373700800818451140, 0.09448818897637796532 ) ) ;
#4257 = EDGE_CURVE ( 'NONE', #716, #3171, #3018, .T. ) ;
#4258 = PRESENTATION_STYLE_ASSIGNMENT (( #1717 ) ) ;
#4259 = ORIENTED_EDGE ( 'NONE', *, *, #3500, .F. ) ;
#4260 = LINE ( 'NONE', #1098, #4365 ) ;
#4261 = EDGE_CURVE ( 'NONE', #1167, #632, #2680, .T. ) ;
#4262 = ORIENTED_EDGE ( 'NONE', *, *, #3632, .F. ) ;
#4263 = CARTESIAN_POINT ( 'NONE',  ( 0.02599530985813638256, -0.03443944369354690060, 0.09842519685039370636 ) ) ;
#4264 = DIRECTION ( 'NONE',  ( -0.000000000000000000, -1.000000000000000000, 0.000000000000000000 ) ) ;
#4265 = CARTESIAN_POINT ( 'NONE',  ( 0.1119007082357096478, -0.1093559517487987243, 0.09688314498287903254 ) ) ;
#4266 = UNCERTAINTY_MEASURE_WITH_UNIT (LENGTH_MEASURE( 1.000000000000000082E-05 ), #2966, 'distance_accuracy_value', 'NONE');
#4267 =( LENGTH_UNIT ( ) NAMED_UNIT ( * ) SI_UNIT ( $, .METRE. ) );
#4268 = CARTESIAN_POINT ( 'NONE',  ( -0.1162372039084646619, -0.1224409266738803320, 0.03543307253463206380 ) ) ;
#4269 = APPLICATION_PROTOCOL_DEFINITION ( 'draft international standard', 'automotive_design', 1998, #1929 ) ;
#4270 = PRESENTATION_LAYER_ASSIGNMENT (  '', '', ( #372 ) ) ;
#4271 = ORIENTED_EDGE ( 'NONE', *, *, #4052, .T. ) ;
#4272 = STYLED_ITEM ( 'NONE', ( #2994 ), #4336 ) ;
#4273 =( GEOMETRIC_REPRESENTATION_CONTEXT ( 3 ) GLOBAL_UNCERTAINTY_ASSIGNED_CONTEXT ( ( #3864 ) ) GLOBAL_UNIT_ASSIGNED_CONTEXT ( ( #4202, #2155, #3922 ) ) REPRESENTATION_CONTEXT ( 'NONE', 'WORKASPACE' ) );
#4274 = LENGTH_MEASURE_WITH_UNIT ( LENGTH_MEASURE( 0.02539999999999999897 ), #27 );
#4275 = DIRECTION ( 'NONE',  ( 1.000000000000000000, 0.000000000000000000, 0.000000000000000000 ) ) ;
#4276 = ADVANCED_FACE ( 'NONE', ( #2000 ), #3045, .T. ) ;
#4277 = CARTESIAN_POINT ( 'NONE',  ( -0.01612479306794718445, -0.04303513437240362449, 0.09448818897637795144 ) ) ;
#4278 =( NAMED_UNIT ( * ) PLANE_ANGLE_UNIT ( ) SI_UNIT ( $, .RADIAN. ) );
#4279 = SHAPE_REPRESENTATION_RELATIONSHIP ( 'NONE' , 'NONE' ,  #2075, #3701 ) ;
#4280 = ORIENTED_EDGE ( 'NONE', *, *, #2303, .F. ) ;
#4281 = CARTESIAN_POINT ( 'NONE',  ( 0.1087102328802070778, 0.1031984200144728386, 0.08661417322834646937 ) ) ;
#4282 = PRODUCT_DEFINITION ( 'UNKNOWN', '', #3515, #2756 ) ;
#4283 = AXIS2_PLACEMENT_3D ( 'NONE', #1951, #3352, #262 ) ;
#4284 = ORIENTED_EDGE ( 'NONE', *, *, #2260, .T. ) ;
#4285 = SURFACE_STYLE_FILL_AREA ( #3639 ) ;
#4286 = LINE ( 'NONE', #2196, #2175 ) ;
#4287 = PRESENTATION_LAYER_ASSIGNMENT (  '', '', ( #2591 ) ) ;
#4288 = VECTOR ( 'NONE', #3729, 39.37007874015748854 ) ;
#4289 = FILL_AREA_STYLE ('',( #1806 ) ) ;
#4290 = PRESENTATION_STYLE_ASSIGNMENT (( #2883 ) ) ;
#4291 = PRODUCT_CONTEXT ( 'NONE', #1299, 'mechanical' ) ;
#4292 = ORIENTED_EDGE ( 'NONE', *, *, #52, .T. ) ;
#4293 = DIRECTION ( 'NONE',  ( 1.000000000000000000, 0.000000000000000000, 0.000000000000000000 ) ) ;
#4294 = SURFACE_STYLE_USAGE ( .BOTH. , #3583 ) ;
#4295 = FACE_OUTER_BOUND ( 'NONE', #4215, .T. ) ;
#4296 = VECTOR ( 'NONE', #735, 39.37007874015748143 ) ;
#4297 = CIRCLE ( 'NONE', #2308, 0.01181102362204724046 ) ;
#4298 = CARTESIAN_POINT ( 'NONE',  ( 0.03307087177366720837, -0.1689363388041381919, -0.01574803149606350539 ) ) ;
#4299 = LENGTH_MEASURE_WITH_UNIT ( LENGTH_MEASURE( 0.02539999999999999897 ), #526 );
#4300 = FILL_AREA_STYLE_COLOUR ( '', #2277 ) ;
#4301 = PRESENTATION_STYLE_ASSIGNMENT (( #528 ) ) ;
#4302 = VECTOR ( 'NONE', #873, 39.37007874015748143 ) ;
#4303 = DIRECTION ( 'NONE',  ( -1.000000000000000000, -0.000000000000000000, 0.000000000000000000 ) ) ;
#4304 = VECTOR ( 'NONE', #2850, 39.37007874015748143 ) ;
#4305 = AXIS2_PLACEMENT_3D ( 'NONE', #920, #2325, #3738 ) ;
#4306 = ORIENTED_EDGE ( 'NONE', *, *, #808, .T. ) ;
#4307 = CARTESIAN_POINT ( 'NONE',  ( 0.04488188976377952694, -0.1865431732726409164, 0.02455144873031460395 ) ) ;
#4308 = CARTESIAN_POINT ( 'NONE',  ( 0.000000000000000000, 0.05905510485172283525, 0.000000000000000000 ) ) ;
#4309 = FILL_AREA_STYLE ('',( #1849 ) ) ;
#4311 = UNCERTAINTY_MEASURE_WITH_UNIT (LENGTH_MEASURE( 1.000000000000000082E-05 ), #3256, 'distance_accuracy_value', 'NONE');
#4310 = CIRCLE ( 'NONE', #2538, 0.01181102362204724913 ) ;
#4312 = ADVANCED_FACE ( 'NONE', ( #3888 ), #1822, .T. ) ;
#4313 = SURFACE_STYLE_FILL_AREA ( #1474 ) ;
#4314 = CARTESIAN_POINT ( 'NONE',  ( 0.03307087177366720837, -0.1102362204724421230, -0.05511811016288858944 ) ) ;
#4315 =( NAMED_UNIT ( * ) PLANE_ANGLE_UNIT ( ) SI_UNIT ( $, .RADIAN. ) );
#4316 =( NAMED_UNIT ( * ) PLANE_ANGLE_UNIT ( ) SI_UNIT ( $, .RADIAN. ) );
#4317 = LENGTH_MEASURE_WITH_UNIT ( LENGTH_MEASURE( 0.02539999999999999897 ), #1155 );
#4318 = DIMENSIONAL_EXPONENTS ( 1.000000000000000000, 0.000000000000000000, 0.000000000000000000, 0.000000000000000000, 0.000000000000000000, 0.000000000000000000, 0.000000000000000000 ) ;
#4319 = EDGE_LOOP ( 'NONE', ( #1915, #1983, #816, #423 ) ) ;
#4320 = ADVANCED_FACE ( 'NONE', ( #2151 ), #3201, .T. ) ;
#4321 =( NAMED_UNIT ( * ) PLANE_ANGLE_UNIT ( ) SI_UNIT ( $, .RADIAN. ) );
#4322 =( NAMED_UNIT ( * ) SI_UNIT ( $, .STERADIAN. ) SOLID_ANGLE_UNIT ( ) );
#4323 = STYLED_ITEM ( 'NONE', ( #713 ), #4554 ) ;
#4324 = LINE ( 'NONE', #2207, #3782 ) ;
#4325 = DIRECTION ( 'NONE',  ( 1.000000000000000000, -6.439335343560869610E-32, 1.175084940232224264E-60 ) ) ;
#4326 = LINE ( 'NONE', #104, #2820 ) ;
#4327 = DIRECTION ( 'NONE',  ( -1.000000000000000000, -0.000000000000000000, -0.000000000000000000 ) ) ;
#4328 = ORIENTED_EDGE ( 'NONE', *, *, #2475, .F. ) ;
#4329 = LENGTH_MEASURE_WITH_UNIT ( LENGTH_MEASURE( 0.02539999999999999897 ), #3315 );
#4330 = ORIENTED_EDGE ( 'NONE', *, *, #4338, .F. ) ;
#4331 = FACE_OUTER_BOUND ( 'NONE', #595, .T. ) ;
#4332 = DIRECTION ( 'NONE',  ( -0.9899494936611675788, -4.625929269271483902E-14, 0.1414213562373023980 ) ) ;
#4333 = SURFACE_SIDE_STYLE ('',( #452 ) ) ;
#4334 = DIRECTION ( 'NONE',  ( 1.000000000000000000, 0.000000000000000000, 0.000000000000000000 ) ) ;
#4335 =( GEOMETRIC_REPRESENTATION_CONTEXT ( 3 ) GLOBAL_UNCERTAINTY_ASSIGNED_CONTEXT ( ( #2268 ) ) GLOBAL_UNIT_ASSIGNED_CONTEXT ( ( #829, #140, #2729 ) ) REPRESENTATION_CONTEXT ( 'NONE', 'WORKASPACE' ) );
#4336 = ADVANCED_FACE ( 'NONE', ( #3945 ), #776, .T. ) ;
#4337 = CARTESIAN_POINT ( 'NONE',  ( 0.1087102328802070639, 0.1031984200144728525, 0.08661417322834646937 ) ) ;
#4338 = EDGE_CURVE ( 'NONE', #769, #1887, #2651, .T. ) ;
#4339 = CARTESIAN_POINT ( 'NONE',  ( -0.1279524187820745840, 0.1107482890620811317, 0.03543542087431431065 ) ) ;
#4340 =( NAMED_UNIT ( * ) SI_UNIT ( $, .STERADIAN. ) SOLID_ANGLE_UNIT ( ) );
#4341 = VECTOR ( 'NONE', #4028, 39.37007874015748143 ) ;
#4342 = DIRECTION ( 'NONE',  ( -0.002835557830444935309, -0.9997989700882431441, -0.01984890481307849397 ) ) ;
#4343 = DIMENSIONAL_EXPONENTS ( 1.000000000000000000, 0.000000000000000000, 0.000000000000000000, 0.000000000000000000, 0.000000000000000000, 0.000000000000000000, 0.000000000000000000 ) ;
#4344 = CARTESIAN_POINT ( 'NONE',  ( 0.1240157466235122380, 0.1106299180097468499, -2.427716478744609050E-17 ) ) ;
#4345 = CARTESIAN_POINT ( 'NONE',  ( -0.02981470453520849648, -0.05708661417322914711, 0.09774986155350937067 ) ) ;
#4346 = PRESENTATION_LAYER_ASSIGNMENT (  '', '', ( #1768 ) ) ;
#4347 = UNCERTAINTY_MEASURE_WITH_UNIT (LENGTH_MEASURE( 1.000000000000000082E-05 ), #845, 'distance_accuracy_value', 'NONE');
#4348 = ORIENTED_EDGE ( 'NONE', *, *, #3982, .T. ) ;
#4349 = AXIS2_PLACEMENT_3D ( 'NONE', #496, #1905, #3292 ) ;
#4350 = CARTESIAN_POINT ( 'NONE',  ( -0.01375860073804418757, -0.02555889427406944636, 0.09842519685039372024 ) ) ;
#4351 = SURFACE_STYLE_FILL_AREA ( #2937 ) ;
#4352 = CARTESIAN_POINT ( 'NONE',  ( 0.1122047230601311008, -0.04330709576606731753, 0.000000000000000000 ) ) ;
#4353 = LENGTH_MEASURE_WITH_UNIT ( LENGTH_MEASURE( 0.02539999999999999897 ), #3964 );
#4354 = UNCERTAINTY_MEASURE_WITH_UNIT (LENGTH_MEASURE( 1.000000000000000082E-05 ), #433, 'distance_accuracy_value', 'NONE');
#4355 = ORIENTED_EDGE ( 'NONE', *, *, #1399, .F. ) ;
#4356 =( NAMED_UNIT ( * ) SI_UNIT ( $, .STERADIAN. ) SOLID_ANGLE_UNIT ( ) );
#4357 = SURFACE_SIDE_STYLE ('',( #828 ) ) ;
#4358 =( CONVERSION_BASED_UNIT ( 'INCH', #3970 ) LENGTH_UNIT ( ) NAMED_UNIT ( #2510 ) );
#4359 = STYLED_ITEM ( 'NONE', ( #3416 ), #2562 ) ;
#4360 = FILL_AREA_STYLE ('',( #2947 ) ) ;
#4361 = DIRECTION ( 'NONE',  ( 1.000000000000000000, 0.000000000000000000, -0.000000000000000000 ) ) ;
#4362 = B_SPLINE_CURVE_WITH_KNOTS ( 'NONE', 3,
 ( #3004, #3699, #219, #524 ),
 .UNSPECIFIED., .F., .F.,
 ( 4, 4 ),
 ( 0.000000000000000000, 1.000000000000000000 ),
 .UNSPECIFIED. ) ;
#4363 = VERTEX_POINT ( 'NONE', #3617 ) ;
#4364 = CARTESIAN_POINT ( 'NONE',  ( 0.02264717047968191690, -0.08308192403136657744, 0.09842519685039366473 ) ) ;
#4365 = VECTOR ( 'NONE', #3566, 39.37007874015748143 ) ;
#4366 = CARTESIAN_POINT ( 'NONE',  ( 0.000000000000000000, 0.1224409416317941007, 0.01968503937007870172 ) ) ;
#4367 = AXIS2_PLACEMENT_3D ( 'NONE', #3362, #1091, #3830 ) ;
#4368 = CARTESIAN_POINT ( 'NONE',  ( 0.04488188976377952694, -0.1102362204724421230, -0.04527559051451535838 ) ) ;
#4369 =( NAMED_UNIT ( * ) PLANE_ANGLE_UNIT ( ) SI_UNIT ( $, .RADIAN. ) );
#4370 = ADVANCED_FACE ( 'NONE', ( #1591 ), #2552, .T. ) ;
#4371 = VECTOR ( 'NONE', #2515, 39.37007874015748854 ) ;
#4372 = CARTESIAN_POINT ( 'NONE',  ( 0.1087102328802070778, 0.000000000000000000, 0.08661417322834646937 ) ) ;
#4373 = EDGE_LOOP ( 'NONE', ( #2537, #3420, #2133, #480, #2399 ) ) ;
#4374 =( NAMED_UNIT ( * ) PLANE_ANGLE_UNIT ( ) SI_UNIT ( $, .RADIAN. ) );
#4375 = AXIS2_PLACEMENT_3D ( 'NONE', #133, #1490, #3662 ) ;
#4376 = LINE ( 'NONE', #3319, #551 ) ;
#4377 = DIMENSIONAL_EXPONENTS ( 1.000000000000000000, 0.000000000000000000, 0.000000000000000000, 0.000000000000000000, 0.000000000000000000, 0.000000000000000000, 0.000000000000000000 ) ;
#4378 = CARTESIAN_POINT ( 'NONE',  ( 0.1279524187820743897, 0.1107482890620748450, 0.03543542087431389431 ) ) ;
#4379 = SURFACE_SIDE_STYLE ('',( #2598 ) ) ;
#4380 = ORIENTED_EDGE ( 'NONE', *, *, #4003, .T. ) ;
#4381 = CIRCLE ( 'NONE', #3790, 0.01181102362204724046 ) ;
#4382 =( GEOMETRIC_REPRESENTATION_CONTEXT ( 3 ) GLOBAL_UNCERTAINTY_ASSIGNED_CONTEXT ( ( #4354 ) ) GLOBAL_UNIT_ASSIGNED_CONTEXT ( ( #433, #381, #1450 ) ) REPRESENTATION_CONTEXT ( 'NONE', 'WORKASPACE' ) );
#4383 = CARTESIAN_POINT ( 'NONE',  ( 0.04488188976377952694, -0.2088085965456299986, -0.02403768819161444803 ) ) ;
#4384 = COLOUR_RGB ( '',0.7490196078431372584, 0.7490196078431372584, 0.7490196078431372584 ) ;
#4385 =( NAMED_UNIT ( * ) SI_UNIT ( $, .STERADIAN. ) SOLID_ANGLE_UNIT ( ) );
#4386 = VECTOR ( 'NONE', #2125, 39.37007874015748143 ) ;
#4387 = DIRECTION ( 'NONE',  ( -0.9899494936611666907, 0.000000000000000000, 0.1414213562373089206 ) ) ;
#4388 = DIRECTION ( 'NONE',  ( -1.000000000000000000, 0.000000000000000000, 0.000000000000000000 ) ) ;
#4389 = ORIENTED_EDGE ( 'NONE', *, *, #2237, .F. ) ;
#4390 = EDGE_LOOP ( 'NONE', ( #2263, #56, #956, #2389 ) ) ;
#4391 = DIRECTION ( 'NONE',  ( 0.000000000000000000, -1.000000000000000000, -0.000000000000000000 ) ) ;
#4392 = EDGE_CURVE ( 'NONE', #4436, #446, #1772, .T. ) ;
#4393 = DIRECTION ( 'NONE',  ( 1.000000000000000000, 0.000000000000000000, 0.000000000000000000 ) ) ;
#4394 = CARTESIAN_POINT ( 'NONE',  ( 0.05669290775389173448, -0.1102362204724421230, -0.05511811016288858944 ) ) ;
#4395 = DIRECTION ( 'NONE',  ( 0.000000000000000000, 1.824854394960610109E-29, 1.000000000000000000 ) ) ;
#4396 = EDGE_CURVE ( 'NONE', #1165, #1844, #1516, .T. ) ;
#4397 = CARTESIAN_POINT ( 'NONE',  ( -0.1087102328802070778, 0.1031984200144728386, 0.08661417322834646937 ) ) ;
#4398 = FILL_AREA_STYLE ('',( #3708 ) ) ;
#4399 = EDGE_CURVE ( 'NONE', #1393, #3543, #3614, .T. ) ;
#4400 = CARTESIAN_POINT ( 'NONE',  ( 0.05669290775389173448, -0.1689363388041381919, 0.05511811016288858944 ) ) ;
#4401 = ADVANCED_FACE ( 'NONE', ( #134 ), #1976, .T. ) ;
#4402 = CARTESIAN_POINT ( 'NONE',  ( 0.04488188976377952694, -0.1689363388041381919, 0.03543307086614221058 ) ) ;
#4403 = CARTESIAN_POINT ( 'NONE',  ( -0.02591565438071413360, -0.05708661417322914711, 0.09516352427326228713 ) ) ;
#4404 =( NAMED_UNIT ( * ) SI_UNIT ( $, .STERADIAN. ) SOLID_ANGLE_UNIT ( ) );
#4405 = DIMENSIONAL_EXPONENTS ( 1.000000000000000000, 0.000000000000000000, 0.000000000000000000, 0.000000000000000000, 0.000000000000000000, 0.000000000000000000, 0.000000000000000000 ) ;
#4406 = VERTEX_POINT ( 'NONE', #572 ) ;
#4407 = DIRECTION ( 'NONE',  ( -0.000000000000000000, 0.4472135954999579277, 0.8944271909999158554 ) ) ;
#4408 = VERTEX_POINT ( 'NONE', #3437 ) ;
#4409 = VECTOR ( 'NONE', #928, 39.37007874015748143 ) ;
#4410 =( NAMED_UNIT ( * ) PLANE_ANGLE_UNIT ( ) SI_UNIT ( $, .RADIAN. ) );
#4411 = SURFACE_STYLE_FILL_AREA ( #2981 ) ;
#4412 = CARTESIAN_POINT ( 'NONE',  ( 0.000000000000000000, 0.1614173054695129950, 0.000000000000000000 ) ) ;
#4413 = CIRCLE ( 'NONE', #2414, 0.003937007874015741038 ) ;
#4414 = EDGE_LOOP ( 'NONE', ( #2256, #4259, #901, #332 ) ) ;
#4415 = DIRECTION ( 'NONE',  ( -1.000000000000000000, 0.000000000000000000, 0.000000000000000000 ) ) ;
#4416 = CARTESIAN_POINT ( 'NONE',  ( 0.1198785008695568560, 0.1069378805101796198, 0.08572732244063105411 ) ) ;
#4417 = CARTESIAN_POINT ( 'NONE',  ( 0.01181101799011228387, -0.1102362204724421230, 0.05511811016288858944 ) ) ;
#4418 = AXIS2_PLACEMENT_3D ( 'NONE', #1090, #362, #50 ) ;
#4419 = EDGE_CURVE ( 'NONE', #3023, #4019, #3105, .T. ) ;
#4420 =( CONVERSION_BASED_UNIT ( 'INCH', #208 ) LENGTH_UNIT ( ) NAMED_UNIT ( #2235 ) );
#4421 = LENGTH_MEASURE_WITH_UNIT ( LENGTH_MEASURE( 0.02539999999999999897 ), #3773 );
#4422 = STYLED_ITEM ( 'NONE', ( #2183 ), #4114 ) ;
#4423 = PLANE ( 'NONE',  #3136 ) ;
#4424 = ORIENTED_EDGE ( 'NONE', *, *, #1608, .F. ) ;
#4425 = AXIS2_PLACEMENT_3D ( 'NONE', #114, #2274, #1171 ) ;
#4426 = CARTESIAN_POINT ( 'NONE',  ( 0.1161319643395924556, 0.1224409416317941007, 0.03543307086613887991 ) ) ;
#4427 = CARTESIAN_POINT ( 'NONE',  ( 0.1279527395396142797, -0.1107253910427307836, 0.03543307253463204992 ) ) ;
#4428 = PRESENTATION_STYLE_ASSIGNMENT (( #4151 ) ) ;
#4429 = ORIENTED_EDGE ( 'NONE', *, *, #902, .F. ) ;
#4430 = DIRECTION ( 'NONE',  ( 0.1097642599896889448, 0.1097642599896889448, -0.9878783399072135207 ) ) ;
#4431 = ORIENTED_EDGE ( 'NONE', *, *, #3073, .T. ) ;
#4432 = SURFACE_STYLE_USAGE ( .BOTH. , #3024 ) ;
#4433 = DIRECTION ( 'NONE',  ( -0.000000000000000000, -1.000000000000000000, -0.000000000000000000 ) ) ;
#4434 = DIRECTION ( 'NONE',  ( 1.000000000000000000, 0.000000000000000000, 0.000000000000000000 ) ) ;
#4435 = PRESENTATION_LAYER_ASSIGNMENT (  '', '', ( #2086 ) ) ;
#4436 = VERTEX_POINT ( 'NONE', #2364 ) ;
#4437 = SURFACE_SIDE_STYLE ('',( #3029 ) ) ;
#4438 = DIMENSIONAL_EXPONENTS ( 1.000000000000000000, 0.000000000000000000, 0.000000000000000000, 0.000000000000000000, 0.000000000000000000, 0.000000000000000000, 0.000000000000000000 ) ;
#4439 = LINE ( 'NONE', #248, #3186 ) ;
#4440 = MECHANICAL_DESIGN_GEOMETRIC_PRESENTATION_REPRESENTATION (  '', ( #3704 ), #2802 ) ;
#4441 = CARTESIAN_POINT ( 'NONE',  ( 0.02981470453520849995, 0.002542794897187843246, 0.09774986155350935679 ) ) ;
#4442 = VECTOR ( 'NONE', #1673, 39.37007874015748143 ) ;
#4443 = LENGTH_MEASURE_WITH_UNIT ( LENGTH_MEASURE( 0.02539999999999999897 ), #2017 );
#4444 = DIRECTION ( 'NONE',  ( 0.000000000000000000, -0.4472135954999544860, 0.8944271909999176318 ) ) ;
#4445 = AXIS2_PLACEMENT_3D ( 'NONE', #2011, #3727, #2726 ) ;
#4446 = CARTESIAN_POINT ( 'NONE',  ( 0.08661417663097362163, 0.1614173054695129950, 0.000000000000000000 ) ) ;
#4447 = ORIENTED_EDGE ( 'NONE', *, *, #1799, .F. ) ;
#4448 = MECHANICAL_DESIGN_GEOMETRIC_PRESENTATION_REPRESENTATION (  '', ( #326 ), #413 ) ;
#4449 = PLANE ( 'NONE',  #2294 ) ;
#4450 = FILL_AREA_STYLE_COLOUR ( '', #2782 ) ;
#4451 = ADVANCED_FACE ( 'NONE', ( #3065 ), #4423, .T. ) ;
#4452 = CARTESIAN_POINT ( 'NONE',  ( 0.04488188976377952694, -0.1933780865698835338, 0.01088162213582767428 ) ) ;
#4453 = ORIENTED_EDGE ( 'NONE', *, *, #438, .T. ) ;
#4454 = STYLED_ITEM ( 'NONE', ( #607 ), #2198 ) ;
#4455 = DIRECTION ( 'NONE',  ( -0.9899494936611668017, 1.445602896647339706E-15, -0.1414213562373083100 ) ) ;
#4456 = DIRECTION ( 'NONE',  ( -0.000000000000000000, 1.000000000000000000, 0.000000000000000000 ) ) ;
#4457 = ORIENTED_EDGE ( 'NONE', *, *, #3153, .F. ) ;
#4458 = EDGE_CURVE ( 'NONE', #143, #1795, #3712, .T. ) ;
#4459 = FACE_OUTER_BOUND ( 'NONE', #1277, .T. ) ;
#4460 =( NAMED_UNIT ( * ) PLANE_ANGLE_UNIT ( ) SI_UNIT ( $, .RADIAN. ) );
#4461 = CARTESIAN_POINT ( 'NONE',  ( 0.02786517945796132892, -0.05708661417322914017, 0.09645669291338582196 ) ) ;
#4462 = SURFACE_SIDE_STYLE ('',( #3061 ) ) ;
#4463 = PRESENTATION_STYLE_ASSIGNMENT (( #962 ) ) ;
#4464 = DIMENSIONAL_EXPONENTS ( 1.000000000000000000, 0.000000000000000000, 0.000000000000000000, 0.000000000000000000, 0.000000000000000000, 0.000000000000000000, 0.000000000000000000 ) ;
#4465 = LINE ( 'NONE', #1307, #260 ) ;
#4466 = PRESENTATION_STYLE_ASSIGNMENT (( #2061 ) ) ;
#4467 = PRESENTATION_LAYER_ASSIGNMENT (  '', '', ( #2468 ) ) ;
#4468 = EDGE_LOOP ( 'NONE', ( #3720, #1587, #3840, #1407 ) ) ;
#4469 = PRESENTATION_STYLE_ASSIGNMENT (( #1294 ) ) ;
#4470 = CARTESIAN_POINT ( 'NONE',  ( 0.03307087177366720837, -0.1102362204724421230, -0.01968503933728338665 ) ) ;
#4471 =( NAMED_UNIT ( * ) PLANE_ANGLE_UNIT ( ) SI_UNIT ( $, .RADIAN. ) );
#4472 = FILL_AREA_STYLE ('',( #2374 ) ) ;
#4473 = ORIENTED_EDGE ( 'NONE', *, *, #2685, .T. ) ;
#4474 = EDGE_CURVE ( 'NONE', #1228, #3815, #257, .T. ) ;
#4475 = CARTESIAN_POINT ( 'NONE',  ( 0.1231210028997415384, -0.1224392529024905529, 0.03553890009853861998 ) ) ;
#4476 = FILL_AREA_STYLE_COLOUR ( '', #3469 ) ;
#4477 = DIRECTION ( 'NONE',  ( 0.000000000000000000, 0.000000000000000000, 1.000000000000000000 ) ) ;
#4478 = VERTEX_POINT ( 'NONE', #3170 ) ;
#4479 = LINE ( 'NONE', #3403, #20 ) ;
#4480 = CARTESIAN_POINT ( 'NONE',  ( 0.1142880497018699398, 0.1029596173691313954, 0.09997682160139596819 ) ) ;
#4481 =( LENGTH_UNIT ( ) NAMED_UNIT ( * ) SI_UNIT ( $, .METRE. ) );
#4482 = CARTESIAN_POINT ( 'NONE',  ( -0.1204025497344726747, 0.1031984200144728386, 0.08828450420752727290 ) ) ;
#4483 = VECTOR ( 'NONE', #1249, 39.37007874015748143 ) ;
#4484 = CARTESIAN_POINT ( 'NONE',  ( -0.1087102328802070778, 0.1031984200144728386, 0.09842519685039370636 ) ) ;
#4485 =( NAMED_UNIT ( * ) PLANE_ANGLE_UNIT ( ) SI_UNIT ( $, .RADIAN. ) );
#4486 = CARTESIAN_POINT ( 'NONE',  ( -0.1139011624204879780, 0.1229527891282500840, 0.07798148781120597950 ) ) ;
#4487 = PRESENTATION_STYLE_ASSIGNMENT (( #231 ) ) ;
#4488 = STYLED_ITEM ( 'NONE', ( #3660 ), #3781 ) ;
#4489 = ORIENTED_EDGE ( 'NONE', *, *, #207, .F. ) ;
#4490 = AXIS2_PLACEMENT_3D ( 'NONE', #1684, #3460, #1273 ) ;
#4491 = CIRCLE ( 'NONE', #1260, 0.01181102362204724046 ) ;
#4492 = CARTESIAN_POINT ( 'NONE',  ( 0.03205453832265717923, -0.1211956908185434639, 0.09842519685039369248 ) ) ;
#4493 = DIRECTION ( 'NONE',  ( 0.000000000000000000, 0.000000000000000000, -1.000000000000000000 ) ) ;
#4494 = DIRECTION ( 'NONE',  ( 1.000000000000000000, 0.000000000000000000, 0.000000000000000000 ) ) ;
#4495 = B_SPLINE_CURVE_WITH_KNOTS ( 'NONE', 3,
 ( #1142, #3932, #1940, #509, #175, #1835 ),
 .UNSPECIFIED., .F., .F.,
 ( 4, 2, 4 ),
 ( 0.000000000000000000, 0.0002316116994231417201, 0.0004632233988462834402 ),
 .UNSPECIFIED. ) ;
#4496 = ORIENTED_EDGE ( 'NONE', *, *, #739, .F. ) ;
#4497 = STYLED_ITEM ( 'NONE', ( #324 ), #4312 ) ;
#4498 = CARTESIAN_POINT ( 'NONE',  ( 0.03307087177366720837, -0.1865431732726409719, -0.02455144873031447211 ) ) ;
#4499 = DIRECTION ( 'NONE',  ( 0.000000000000000000, 0.000000000000000000, 1.000000000000000000 ) ) ;
#4500 = DIRECTION ( 'NONE',  ( 1.000000000000000000, 0.000000000000000000, 0.000000000000000000 ) ) ;
#4501 = ORIENTED_EDGE ( 'NONE', *, *, #1989, .T. ) ;
#4502 = STYLED_ITEM ( 'NONE', ( #4469 ), #2565 ) ;
#4503 =( LENGTH_UNIT ( ) NAMED_UNIT ( * ) SI_UNIT ( $, .METRE. ) );
#4504 = SURFACE_SIDE_STYLE ('',( #1606 ) ) ;
#4505 = MECHANICAL_DESIGN_GEOMETRIC_PRESENTATION_REPRESENTATION (  '', ( #2086 ), #738 ) ;
#4506 = DIRECTION ( 'NONE',  ( 1.000000000000000000, 0.000000000000000000, 0.000000000000000000 ) ) ;
#4507 = CARTESIAN_POINT ( 'NONE',  ( 0.04488188976377952694, -0.1102362204724421230, -0.03543307086614220364 ) ) ;
#4508 =( NAMED_UNIT ( * ) SI_UNIT ( $, .STERADIAN. ) SOLID_ANGLE_UNIT ( ) );
#4509 =( GEOMETRIC_REPRESENTATION_CONTEXT ( 3 ) GLOBAL_UNCERTAINTY_ASSIGNED_CONTEXT ( ( #1269 ) ) GLOBAL_UNIT_ASSIGNED_CONTEXT ( ( #2315, #1993, #2383 ) ) REPRESENTATION_CONTEXT ( 'NONE', 'WORKASPACE' ) );
#4510 = ORIENTED_EDGE ( 'NONE', *, *, #443, .F. ) ;
#4511 = ADVANCED_FACE ( 'NONE', ( #318 ), #4535, .F. ) ;
#4512 = CARTESIAN_POINT ( 'NONE',  ( 0.1122047230601311008, 0.1224409416317940869, 0.0006541557028458609528 ) ) ;
#4513 = CARTESIAN_POINT ( 'NONE',  ( 0.03307087177366720837, -0.1102362204724421230, -0.04527559051451535838 ) ) ;
#4514 = LINE ( 'NONE', #922, #4130 ) ;
#4515 = EDGE_LOOP ( 'NONE', ( #1624, #1900, #4330, #3467, #22 ) ) ;
#4516 = MECHANICAL_DESIGN_GEOMETRIC_PRESENTATION_REPRESENTATION (  '', ( #3714 ), #2316 ) ;
#4517 = AXIS2_PLACEMENT_3D ( 'NONE', #2542, #2618, #3259 ) ;
#4518 = UNCERTAINTY_MEASURE_WITH_UNIT (LENGTH_MEASURE( 1.000000000000000082E-05 ), #1650, 'distance_accuracy_value', 'NONE');
#4519 = CARTESIAN_POINT ( 'NONE',  ( 0.02083703575848869921, -0.06242474489846108754, 0.09448818897637796532 ) ) ;
#4520 =( NAMED_UNIT ( * ) PLANE_ANGLE_UNIT ( ) SI_UNIT ( $, .RADIAN. ) );
#4521 = AXIS2_PLACEMENT_3D ( 'NONE', #3616, #1589, #2991 ) ;
#4522 = STYLED_ITEM ( 'NONE', ( #3424 ), #1114 ) ;
#4523 = FILL_AREA_STYLE ('',( #642 ) ) ;
#4524 = CARTESIAN_POINT ( 'NONE',  ( 0.04488188976377952694, 1.753176951659535589E-33, 2.048090182855559062E-18 ) ) ;
#4525 = ORIENTED_EDGE ( 'NONE', *, *, #932, .F. ) ;
#4526 = MECHANICAL_DESIGN_GEOMETRIC_PRESENTATION_REPRESENTATION (  '', ( #4454 ), #2616 ) ;
#4527 = MECHANICAL_DESIGN_GEOMETRIC_PRESENTATION_REPRESENTATION (  '', ( #2693 ), #1893 ) ;
#4528 = CYLINDRICAL_SURFACE ( 'NONE', #1718, 0.01181102362204724046 ) ;
#4529 = PRESENTATION_LAYER_ASSIGNMENT (  '', '', ( #31 ) ) ;
#4530 = FILL_AREA_STYLE ('',( #1411 ) ) ;
#4531 = CARTESIAN_POINT ( 'NONE',  ( -0.1087102328802070778, -0.1083410571495867086, 0.09724683810113851634 ) ) ;
#4532 = EDGE_CURVE ( 'NONE', #4078, #4251, #3216, .T. ) ;
#4533 = CARTESIAN_POINT ( 'NONE',  ( 0.01715835962533900777, -0.04407488108213477446, 0.09448818897637797920 ) ) ;
#4534 = SURFACE_SIDE_STYLE ('',( #3393 ) ) ;
#4535 = PLANE ( 'NONE',  #2464 ) ;
#4536 = ORIENTED_EDGE ( 'NONE', *, *, #2621, .F. ) ;
#4537 = ORIENTED_EDGE ( 'NONE', *, *, #1869, .T. ) ;
#4538 = DIRECTION ( 'NONE',  ( 1.000000000000000000, -0.000000000000000000, 0.000000000000000000 ) ) ;
#4539 = LINE ( 'NONE', #4470, #3623 ) ;
#4540 = AXIS2_PLACEMENT_3D ( 'NONE', #4133, #3091, #4500 ) ;
#4541 = CARTESIAN_POINT ( 'NONE',  ( -0.1082677151861153597, 0.1614173054695129950, 0.000000000000000000 ) ) ;
#4542 =( BOUNDED_CURVE ( )  B_SPLINE_CURVE ( 3, ( #2351, #218, #4475, #975 ),
 .UNSPECIFIED., .F., .T. ) 
 B_SPLINE_CURVE_WITH_KNOTS ( ( 4, 4 ),
 ( 5.505840110990630087, 7.060532411046502865 ),
 .UNSPECIFIED. ) 
 CURVE ( )  GEOMETRIC_REPRESENTATION_ITEM ( )  RATIONAL_B_SPLINE_CURVE ( ( 1.000000000000000000, 0.8085182869576389431, 0.8085182869576389431, 1.000000000000000000 ) ) 
 REPRESENTATION_ITEM ( '' )  );
#4543 = CARTESIAN_POINT ( 'NONE',  ( -0.01715835962533724529, -0.07009834726432312424, 0.09448818897637796532 ) ) ;
#4544 = CARTESIAN_POINT ( 'NONE',  ( 0.1198785008695568560, 0.1069378805101796059, 0.08572732244063105411 ) ) ;
#4545 = VERTEX_POINT ( 'NONE', #3541 ) ;
#4546 = FILL_AREA_STYLE ('',( #3137 ) ) ;
#4547 = SURFACE_STYLE_FILL_AREA ( #685 ) ;
#4548 = DIRECTION ( 'NONE',  ( 0.000000000000000000, 0.000000000000000000, 1.000000000000000000 ) ) ;
#4549 =( CONVERSION_BASED_UNIT ( 'INCH', #1738 ) LENGTH_UNIT ( ) NAMED_UNIT ( #2137 ) );
#4550 = CIRCLE ( 'NONE', #580, 0.01181102362204724046 ) ;
#4551 = CARTESIAN_POINT ( 'NONE',  ( -0.1148677646145330050, -0.1093559517487987798, 0.09459351435917273676 ) ) ;
#4552 = LINE ( 'NONE', #667, #298 ) ;
#4553 =( NAMED_UNIT ( * ) PLANE_ANGLE_UNIT ( ) SI_UNIT ( $, .RADIAN. ) );
#4554 = ADVANCED_FACE ( 'NONE', ( #1096 ), #1597, .T. ) ;
#4555 = EDGE_LOOP ( 'NONE', ( #1466, #1145, #3911, #1337 ) ) ;
#4556 = VERTEX_POINT ( 'NONE', #563 ) ;
#4557 = SURFACE_STYLE_USAGE ( .BOTH. , #3150 ) ;
#4558 = AXIS2_PLACEMENT_3D ( 'NONE', #1617, #4187, #3834 ) ;
#4559 = DIRECTION ( 'NONE',  ( 0.000000000000000000, 0.000000000000000000, 1.000000000000000000 ) ) ;
#4560 = SURFACE_STYLE_FILL_AREA ( #12 ) ;
#4561 = CIRCLE ( 'NONE', #2938, 0.01181102362204724046 ) ;
#4562 = CARTESIAN_POINT ( 'NONE',  ( 0.003343749017714950193, -0.07823805898551598748, 0.09448818897637796532 ) ) ;
#4563 = SURFACE_STYLE_USAGE ( .BOTH. , #14 ) ;
#4564 = SURFACE_STYLE_USAGE ( .BOTH. , #1085 ) ;
#4565 = CYLINDRICAL_SURFACE ( 'NONE', #106, 0.01181102362204724913 ) ;
#4566 = PRESENTATION_LAYER_ASSIGNMENT (  '', '', ( #4422 ) ) ;
#4567 =( NAMED_UNIT ( * ) SI_UNIT ( $, .STERADIAN. ) SOLID_ANGLE_UNIT ( ) );
#4568 = NEXT_ASSEMBLY_USAGE_OCCURRENCE ( 'NAUO1', ' ', ' ', #4201, #2115, $ ) ;
#4569 = NEXT_ASSEMBLY_USAGE_OCCURRENCE ( 'NAUO2', ' ', ' ', #4201, #2442, $ ) ;
#4570 = NEXT_ASSEMBLY_USAGE_OCCURRENCE ( 'NAUO3', ' ', ' ', #4201, #4282, $ ) ;
#4571 = NEXT_ASSEMBLY_USAGE_OCCURRENCE ( 'NAUO4', ' ', ' ', #4201, #846, $ ) ;
#4572 = NEXT_ASSEMBLY_USAGE_OCCURRENCE ( 'NAUO5', ' ', ' ', #4201, #846, $ ) ;
#4573 = NEXT_ASSEMBLY_USAGE_OCCURRENCE ( 'NAUO6', ' ', ' ', #4201, #2804, $ ) ;
#4574 = NEXT_ASSEMBLY_USAGE_OCCURRENCE ( 'NAUO7', ' ', ' ', #4201, #2804, $ ) ;
ENDSEC;
END-ISO-10303-21;
